{"type":"FeatureCollection","features":[{"type":"Feature","properties":{"code":"01","nom":"Ain"},"geometry":{"type":"Polygon","coordinates":[[[4.780213475718984,46.176677022719375],[4.7945808953124605,46.21831635025701],[4.807756868341096,46.23696871115128],[4.810994882268941,46.25992151697563],[4.825956808265179,46.27478753204555],[4.831827095028622,46.29688694217226],[4.852756157390729,46.328199775494426],[4.851457022538043,46.35626925172072],[4.8882077017045455,46.40298160185766],[4.891817622919295,46.43991436571944],[4.915786922554027,46.465410523692164],[4.915557341962093,46.48894113481689],[4.935598865656449,46.514228992728945],[5.004307716480809,46.51041518184386],[5.027777929725955,46.49358075779722],[5.056433075236103,46.48392614751307],[5.107377093416356,46.49191576160186],[5.137248163610305,46.509322673438184],[5.172664602566099,46.513447365613864],[5.201145471995378,46.50821850614692],[5.215064143095116,46.46835927312158],[5.25581668314639,46.451923595866475],[5.310560613770375,46.446766420719875],[5.319500329420964,46.430811362520714],[5.298803013245869,46.41268163222961],[5.341420750039618,46.40179770821096],[5.375550503997551,46.380228055197534],[5.373462288620209,46.35223630468514],[5.401973542783007,46.33904473846451],[5.425824019124199,46.33893598335614],[5.437795113853317,46.31511297122548],[5.466922894957274,46.32326983579511],[5.475143359983399,46.314983312313444],[5.4568376845310524,46.27447818647901],[5.4730553115738125,46.26506376332347],[5.5202584619727855,46.264154428816624],[5.542037828826235,46.27020190870743],[5.566359117801653,46.29405393089148],[5.597401953530867,46.29717016200506],[5.617647005041448,46.32909642404822],[5.649352566100887,46.33949973060812],[5.6845818644582415,46.31092471469043],[5.714717731644379,46.30876884774591],[5.715004075499846,46.281794854191894],[5.725183003095842,46.26072920479395],[5.76565366968616,46.26829459697285],[5.849846074176259,46.26206360332615],[5.878362837898188,46.26923930243743],[5.894626274200642,46.286605180505944],[5.908938421371525,46.283951620059554],[5.918004636082658,46.30919342038628],[5.94141074779852,46.309447376328514],[5.983619269600146,46.36236225578993],[6.029516385230691,46.38681597881577],[6.06400848181829,46.41622698893153],[6.098192550862728,46.4087886309623],[6.169741660312734,46.36793686221589],[6.121274356078805,46.31370764747048],[6.119369631480403,46.29490719406557],[6.102638404712805,46.28506396607944],[6.124247271884754,46.25101201647218],[6.101761179926224,46.23748787561317],[6.088183203547555,46.24681497717057],[6.033127717153324,46.23799614420531],[6.0025553835169445,46.220910810001136],[5.978439780731028,46.216958336715976],[5.963675623254598,46.19696085882454],[5.992165784426486,46.18661733755954],[5.956063159932633,46.13208943594269],[5.922266804802187,46.13147760862653],[5.8924200086063525,46.118482302607056],[5.883180329915085,46.08491752032048],[5.855667958392184,46.08676688670444],[5.832300912634432,46.10599585856304],[5.8114184967701625,46.07842009259869],[5.806996561909532,46.043829800018194],[5.812398928975968,46.02398062317354],[5.809643351753076,45.98979960381866],[5.834025839734275,45.972026538215985],[5.831226413621035,45.93845957829322],[5.8285402770414905,45.909296035615355],[5.80366973107069,45.85558153164841],[5.786777683247082,45.80940611504179],[5.77937453777779,45.76217553185385],[5.783495254205752,45.74431423922736],[5.756676853365063,45.70873356110276],[5.704119379498135,45.710926329459184],[5.708336503736496,45.683064766572876],[5.687058475150925,45.66816731077608],[5.689187102194641,45.64850161239945],[5.659528303353562,45.638682809874865],[5.623748035268078,45.61326832676418],[5.602655500360425,45.651527036877965],[5.586411372003499,45.66707375970352],[5.552743866622332,45.67988793690172],[5.5757522584808825,45.69178828956468],[5.5455415978088505,45.71359345746488],[5.52567323556446,45.71672537840989],[5.516232131684801,45.73225264077732],[5.482525465260449,45.754586398783026],[5.457406410775327,45.78099315590627],[5.422469140800665,45.80730767616671],[5.434944676804955,45.831093776494285],[5.413134793996487,45.85221987973304],[5.351020842949957,45.883709517437694],[5.329298728282268,45.86357404303832],[5.302019342914551,45.84764710800802],[5.288915017040864,45.81112188995001],[5.266894883868229,45.78936901099017],[5.221074288749879,45.76845271626348],[5.191532760208242,45.771688000938774],[5.176892976082814,45.7934833284559],[5.1603687442585455,45.80231368825673],[5.101067478338776,45.81337808264365],[5.044790298055403,45.8117360670572],[5.013451311336389,45.80505705540713],[4.963083585101699,45.81097052424602],[4.918340642420571,45.80702873296715],[4.916119464335568,45.84545668995466],[4.9012173780094885,45.86033670744545],[4.909016569606379,45.87410386475139],[4.88382693945437,45.879994069300665],[4.88069852397936,45.897169382005984],[4.8480352687938995,45.91297548186924],[4.805177333218323,45.89632861459743],[4.805862172264801,45.921565090394125],[4.7885556818887975,45.92396575312498],[4.771751698096339,45.939227157903346],[4.737325990745241,45.938166671490364],[4.729096921230878,45.94909221230217],[4.754510768697905,45.972272809968736],[4.74583632453276,46.03479022524953],[4.739924532383598,46.044545739209596],[4.76168298760261,46.068835281873454],[4.74842216438804,46.092116678231136],[4.7974461577782055,46.14070125939972],[4.802383406855843,46.15689004179432],[4.780213475718984,46.176677022719375]]]}},{"type":"Feature","properties":{"code":"02","nom":"Aisne"},"geometry":{"type":"Polygon","coordinates":[[[4.047972977986833,49.40564229475753],[4.039913351175735,49.397396867183815],[4.035496373111564,49.359904159430094],[4.0127284202980995,49.358299141243386],[3.9949400464231957,49.37789993445056],[3.9613090288565647,49.37734494086453],[3.9252301838116423,49.40757795776365],[3.898159524095673,49.39324676616779],[3.864856156264051,49.40533685972032],[3.837686516500783,49.39565820991326],[3.8563548292895904,49.381163036761194],[3.84805797975596,49.36391735212325],[3.8224705767098395,49.35696565512036],[3.777534921928809,49.35581577743615],[3.7422207217091263,49.33651301919691],[3.6989371212574853,49.33195284253632],[3.643938967409509,49.31271547683784],[3.6573162286122742,49.291023347068474],[3.65525456317135,49.26285133857558],[3.670777136423702,49.23959850877529],[3.662544752146768,49.20897792079391],[3.697104870697589,49.20547444963648],[3.704392046963459,49.181373023469],[3.725444039996693,49.173515945092305],[3.7511478237665794,49.17770096615194],[3.7487650521863713,49.15708155419203],[3.701623868432638,49.14308771135046],[3.6838349064164695,49.15449185807903],[3.6534402301896542,49.14869065051608],[3.622246623748466,49.151103693376655],[3.6103983127772716,49.13550196815309],[3.6117958918993924,49.11808793409194],[3.6390535019551273,49.08130605737889],[3.5877067932472952,49.059394631367105],[3.587608670612347,49.03381324798993],[3.647726454659581,49.04140800760242],[3.663950657450056,49.03730898527378],[3.678113179313511,49.01690766636074],[3.665158653762439,49.00563193481009],[3.6387510313501172,49.002277384044845],[3.620658549289589,48.9659439788058],[3.591558411237313,48.96037176960385],[3.601964878227183,48.94505940416911],[3.5744431375994288,48.93901643224886],[3.5738538398044097,48.92148321270002],[3.528576443116953,48.91214102895302],[3.5083215469627684,48.890402602371054],[3.4851874436586847,48.851908494372864],[3.4607105852412756,48.83944139457446],[3.452232416190477,48.856291455303484],[3.404630766733507,48.86387236235099],[3.380474508825688,48.874761432854626],[3.3828132392962247,48.88874725594759],[3.3663472431751384,48.922836905893014],[3.3302994547269797,48.908706088642376],[3.3130758740800688,48.9212163651494],[3.3047494707754015,48.94876427894454],[3.2678460373508416,48.938331129104206],[3.2518351589230496,48.97236625695047],[3.229176905886298,48.98841784600257],[3.1682883590774806,49.01667270236993],[3.1818268776645002,49.060865198640144],[3.1535840813505853,49.08328424779814],[3.16523032905892,49.09965085798759],[3.1361260876735515,49.10736575572267],[3.1039032023368676,49.10783847337312],[3.071884293834167,49.117554218816146],[3.0924779533731277,49.12879682562634],[3.0943242330142073,49.14204789992474],[3.1396578896700365,49.15257695363476],[3.1213530433372445,49.1615694736916],[3.116850461379955,49.18929161278119],[3.1027108891029056,49.19726093786907],[3.057604302772935,49.19731791616205],[3.0499603800932262,49.20875690532957],[3.0004940244510117,49.21363093492948],[3.00241402574711,49.187810905489094],[2.967751163640478,49.19164549413419],[2.970646337718828,49.21429263146397],[2.958587991995842,49.226138012652044],[3.0027869375627287,49.23569244874083],[3.023604722971875,49.21655041441553],[3.0397940574425517,49.22840404055804],[3.025849635470415,49.25992627182155],[3.0351669019132688,49.2871713469825],[2.981004000749905,49.29790832703466],[2.964603145483289,49.32192389525919],[3.001513216421808,49.34001503161223],[3.042914962956999,49.333571302660516],[3.0747246045970944,49.34897187029861],[3.076780341252717,49.371262738908456],[3.0925346575940007,49.37534154439133],[3.1005059556280803,49.439314058331185],[3.131884455784113,49.43177892295364],[3.1626441754771344,49.440639681268124],[3.1605832452848968,49.451589762665364],[3.1070854783285102,49.46823138703083],[3.1212810029381983,49.493670908120365],[3.096325086537241,49.51789625444081],[3.121165955043159,49.520974573583764],[3.1314803354793224,49.54337765179183],[3.126982208375892,49.573038994477],[3.139814891208892,49.57623313724928],[3.1220112456372937,49.60374206640511],[3.093575310755229,49.622548596683885],[3.1127661529868123,49.63132972837916],[3.09777622468101,49.65668309123162],[3.115636640843051,49.66498825414465],[3.1184031553047866,49.705968560150744],[3.0937519856623417,49.75705197896964],[3.0627453563551175,49.78264211542407],[3.0859749674446215,49.792016685972655],[3.078694114076548,49.82241521578422],[3.0558889248241528,49.83168131148238],[3.085506495983628,49.84381936000555],[3.0835290437648006,49.86638777885566],[3.1200543249509205,49.88428837261846],[3.117968662907868,49.91427637798353],[3.1515239055114135,49.94267027284344],[3.1768373814163575,49.98520439643777],[3.1613946355055402,49.996049271243585],[3.1729557922769542,50.011311964972776],[3.2026122838195157,50.01743710744522],[3.2306551064640994,50.03198300751153],[3.2801740988851327,50.015182550806884],[3.3371140096429532,50.017096007517154],[3.3529820989914247,50.03586832624208],[3.3989075840823038,50.03475745860893],[3.4282376399201713,50.022065913063614],[3.490663196296732,50.0188947701039],[3.507141600307539,50.03577661902003],[3.5286139046189744,50.03818286664185],[3.542755355797365,50.05391998941126],[3.5671883147756422,50.053261540953365],[3.6006637298781827,50.039925849470826],[3.6136399192005855,50.025418579177284],[3.6623093500340085,50.03911432468407],[3.6657493008457873,50.05473310262326],[3.715184685025503,50.06927463596353],[3.7463798889650586,50.05360423497288],[3.797523254135232,50.048396124718515],[3.815827444952555,50.03904215991495],[3.8356719382516733,50.048312733420666],[3.8820101104438387,50.03303286775057],[3.903385572183311,50.01801137888116],[3.9895472401156926,50.0413469883853],[3.9947330894398947,50.02553192166869],[3.9794498952640214,50.00299190781123],[4.01304088648856,49.98566024631078],[4.056699209471129,49.98542604488944],[4.08712850474961,49.9691875854119],[4.140895251736092,49.97875959899442],[4.172395207394802,49.977078597853904],[4.197110124342558,49.967721269218174],[4.195936343936246,49.955694802056996],[4.233164134987158,49.95775092391093],[4.21718238978302,49.914797372341994],[4.255701120243194,49.903213511956004],[4.248762948257405,49.85675363902506],[4.223593846602414,49.834105951164844],[4.214274015003939,49.806111475699495],[4.22667738196626,49.79303047019303],[4.207560089429096,49.78109084313398],[4.23820210581484,49.76742183396235],[4.246884569202133,49.75481606841705],[4.2279892494042794,49.74364073426544],[4.224711511604635,49.72720226620408],[4.19124300715433,49.71625657729972],[4.1846168956423835,49.698824907960066],[4.144181836797769,49.68854487089986],[4.127021546188527,49.677921251343555],[4.124516370102426,49.64959154766928],[4.09574589252208,49.62909455245626],[4.06432322371496,49.636967655409364],[4.041982613790211,49.629809951188015],[4.031390794494156,49.614289972299225],[4.076570889635557,49.57112749860688],[4.05829151546324,49.55254908076985],[4.076010833621256,49.53978341932618],[4.077307045795324,49.52519351384014],[4.040711745102368,49.508534657206816],[4.042374740120512,49.4686932052203],[4.057558677988911,49.45118663443426],[4.037664843009763,49.43826214170175],[4.047972977986833,49.40564229475753]]]}},{"type":"Feature","properties":{"code":"03","nom":"Allier"},"geometry":{"type":"Polygon","coordinates":[[[3.0320681893946824,46.794911188525944],[3.049065356287102,46.75807894189366],[3.0839363013486563,46.73762859045693],[3.129775813721409,46.72720423640006],[3.1631563644760856,46.69354021702288],[3.197261486410674,46.679926344970944],[3.2155498733945853,46.68289184476865],[3.2697920192933188,46.71674092868996],[3.3009216002863893,46.7163033886406],[3.3139717258866157,46.688751593416065],[3.3467088070518343,46.68441634541089],[3.366446289777872,46.69126127383442],[3.3877607382601562,46.71481835659156],[3.43414613166678,46.711906018109566],[3.432977086126445,46.69334363262723],[3.453772658174005,46.68414192059341],[3.4473359853067485,46.66355627140273],[3.45529917195652,46.65239553162601],[3.4885699471242644,46.6601824726314],[3.523959952566555,46.685994912475735],[3.546479370174174,46.67829016254972],[3.5601217846433015,46.68944384651715],[3.550392218815862,46.715864672081594],[3.5773110866449174,46.71485003618856],[3.598004570548422,46.72398257750036],[3.575688644059658,46.74951576942387],[3.629423683496518,46.74945902193754],[3.6379005417614154,46.707208771712054],[3.651395777587073,46.70281985671478],[3.6689793976266167,46.67350816429054],[3.6969523102437005,46.66058216583623],[3.712149662452129,46.6336280503392],[3.7138789586356697,46.613996147529015],[3.732377738592808,46.60491072152218],[3.743101843011838,46.56549988100001],[3.731542528360726,46.54958181729057],[3.741846977514427,46.539511127662195],[3.767456276915371,46.53900905290684],[3.8017563441985818,46.51989955458826],[3.8340059039329697,46.53113227681354],[3.839759641886244,46.51756472437794],[3.864628432284858,46.509716167248044],[3.861780077410741,46.492069790934515],[3.8904705648097098,46.48125092995184],[3.9189689867502246,46.49606391967711],[3.957937642803863,46.48975562185932],[3.9980416518372484,46.46546757106011],[3.988140931065446,46.43545798547263],[3.996095243061049,46.42738316091883],[3.9772154801510964,46.399224593839804],[3.991608290169238,46.36963488772235],[3.9866257932147806,46.3191937873956],[3.9501794500141676,46.32060215408413],[3.947724671420121,46.303449323036666],[3.913568325901341,46.29667714620525],[3.8995333931893303,46.27590543921817],[3.8778066858099134,46.275939918983156],[3.8690933059580366,46.263723494024156],[3.8048868330812957,46.25485708711847],[3.802699984915529,46.23850996581434],[3.768246928941596,46.237829248308365],[3.7902842093787883,46.210905673837914],[3.7907469501208273,46.18453497582482],[3.8078602164262896,46.16159515953333],[3.789761994058612,46.15485133205715],[3.8025614332413635,46.11032928945375],[3.8218816515656036,46.08798379604504],[3.806993754653765,46.061272645914705],[3.80676406021388,46.04562293029198],[3.8283904088914604,45.99948536067427],[3.8237895718712145,45.98735259327228],[3.778005233789911,45.97179985823387],[3.741274273248646,45.96600368355748],[3.7088966387640045,45.97378446779926],[3.693841059729285,45.94949142878095],[3.6940178008729885,45.930732356412385],[3.6767635131618666,45.95805976115134],[3.6413068945873417,45.96461484273165],[3.601439901652659,46.015082558028055],[3.5413270581913245,46.01519652019095],[3.5346371071845772,46.02237834647508],[3.4813683084812777,46.01371105761674],[3.4678828897234224,46.02374515995011],[3.4535928570638426,46.063794720194835],[3.433106873763625,46.06115526638401],[3.419029561174583,46.07429245580498],[3.3829420706213997,46.06480264969235],[3.36764567175092,46.05430839581729],[3.332766798825711,46.05497440619716],[3.2810346944765536,46.065929354622334],[3.233650605398404,46.06355148384772],[3.2145108831873523,46.07494451930903],[3.1831200731258975,46.074513260697124],[3.166531859715606,46.065677976513406],[3.1280978125696843,46.07140098569798],[3.099793609402441,46.09490520389922],[3.0906232146771364,46.11452555946364],[3.0480765097735856,46.10031481550088],[3.0164792061121424,46.102448954980474],[2.9937709582935033,46.123728525772805],[2.971756635840471,46.1217801298987],[2.942765231308341,46.168549525458715],[2.911139505619457,46.17743500340432],[2.920103043246808,46.19098495139527],[2.9133683342305123,46.21076365100903],[2.936482510275278,46.221710765741776],[2.9371457775851466,46.24291746827498],[2.89131100728084,46.253562623561876],[2.838238654032007,46.25133842004792],[2.8186225286604203,46.23256980947683],[2.8229846867516923,46.21982582951188],[2.810275114252155,46.196212623621854],[2.786781773175518,46.19864733659311],[2.732404782173034,46.22305265922885],[2.720917952533929,46.21130971383818],[2.7305652928970168,46.19609671226358],[2.715881178634498,46.17955498592873],[2.6774585186785225,46.1727617979065],[2.675536737103756,46.155809042125064],[2.6552891559950393,46.12604206490928],[2.6406912317167386,46.118477661719005],[2.5653790586982073,46.143032182829025],[2.55979833292496,46.1733665543973],[2.5280462333006355,46.186332427553644],[2.5158528050357227,46.23696126598014],[2.4917957849327936,46.24786046438832],[2.47709210519503,46.26936080025225],[2.4807602356876792,46.28101200577568],[2.443031552582666,46.294998578986906],[2.421342247531783,46.28462476459887],[2.4204617595913738,46.310131437621955],[2.3918607677139923,46.329982476677515],[2.3704814292505856,46.312630811170784],[2.3549021067976903,46.32568201768989],[2.3230243720211274,46.32927925675375],[2.302749949603141,46.35441622497473],[2.3233435644763096,46.36652595580878],[2.2847885229424363,46.38630891270082],[2.2810476101300576,46.42040537318101],[2.2857578150118907,46.45351915029325],[2.3054653620681904,46.47543251470377],[2.3520035556502914,46.512211347274814],[2.368300280591156,46.518434763382956],[2.4454932330861086,46.520050656829746],[2.482928804775826,46.532697444644036],[2.4991214173027565,46.52128856511456],[2.5286102816734966,46.52948202499876],[2.536652020779054,46.51969984591659],[2.6098613959683155,46.55013821923558],[2.6011237640888596,46.590178123200815],[2.577951915975513,46.60379087601659],[2.5966478252098466,46.637219569816494],[2.5721840644866165,46.65944372206644],[2.5977652900203827,46.66465075679083],[2.623913816878901,46.656626585968894],[2.647884573027338,46.688911012473135],[2.701686181879871,46.72775447664072],[2.7144961054529793,46.74448968334189],[2.737293702840373,46.74315745422507],[2.758717331696372,46.71770479874165],[2.791229376607484,46.73345369143159],[2.827616388160227,46.73528787880108],[2.9097996708207035,46.77934846021115],[2.9081337416117115,46.78790090388258],[2.9599146908207157,46.8038765767733],[3.0320681893946824,46.794911188525944]]]}},{"type":"Feature","properties":{"code":"04","nom":"Alpes-de-Haute-Provence"},"geometry":{"type":"Polygon","coordinates":[[[5.676037325543462,44.19143313185896],[5.692087450380134,44.186483371831564],[5.713913055297651,44.19926568716529],[5.755494196596879,44.210207765237854],[5.776514541341646,44.2055259364244],[5.795385785142977,44.21345893688929],[5.8285720679377535,44.20066569733914],[5.909305399486612,44.19046630820442],[5.9147400564445745,44.203427232845094],[5.881793583616446,44.210998662542806],[5.860019043661206,44.245092101540315],[5.826655362130932,44.26251076006967],[5.823911889045941,44.27890195531252],[5.848477759938248,44.30072259452234],[5.877120986906842,44.28879843672459],[5.880129754573656,44.271011382120214],[5.913194557888511,44.248711120610594],[5.912998227051449,44.26831617376552],[5.9255909605950015,44.30855111867347],[5.896099604509158,44.31861879667804],[5.937356413024749,44.35935610859397],[5.9536703829504924,44.395059266699214],[5.977799438785809,44.40736292380458],[6.020374443332653,44.42005811336259],[6.026308275440297,44.434642097388625],[6.072442979890107,44.45207608038503],[6.079694848017664,44.475530907704965],[6.1160166804432015,44.47546505487432],[6.155615049010709,44.46195982298558],[6.156254785052348,44.44210331855112],[6.173565741653668,44.43954286595121],[6.228221718294849,44.381700391997015],[6.241680881439521,44.38485438747808],[6.262494510552066,44.41224966674437],[6.236135472030146,44.46144449835514],[6.262825636989673,44.46549564526641],[6.293492428153158,44.48092732291776],[6.323106052174982,44.46382948496176],[6.33862266220802,44.47283907420384],[6.348272978050237,44.49809023202587],[6.332395681132657,44.50999616152816],[6.3573108201414845,44.52263889176314],[6.39880869108101,44.4941562144314],[6.411180249066938,44.47096856265119],[6.433358303001146,44.472514470120075],[6.462013547991893,44.46247217356771],[6.4693180033119155,44.45131246990398],[6.533276938209056,44.45197395122282],[6.547366766497952,44.44676331416215],[6.63229969332171,44.44691502790709],[6.643650285023153,44.487759305292435],[6.6684970592870565,44.500299753706706],[6.680922896471837,44.54102548605375],[6.701153206618136,44.538996840218914],[6.737180942222513,44.55253559808428],[6.766943196052187,44.586952404898014],[6.799941325461042,44.604244109554145],[6.853900769395612,44.61475859917988],[6.85814264425923,44.62805845533632],[6.880124364018876,44.62999271969987],[6.914488202179287,44.65949945810214],[6.948335091404861,44.65481629914676],[6.962336081450481,44.62657915489668],[6.948379982167533,44.61745199059853],[6.932733186254122,44.59270863771759],[6.9319953299582595,44.572724638567955],[6.913213082531437,44.558826349687266],[6.8760332305264455,44.550160873365996],[6.854013487274841,44.529129653944196],[6.865674424523799,44.4950039431701],[6.881970580210891,44.477261501575526],[6.906339114831614,44.46684649800382],[6.911101127447187,44.45236482780562],[6.937139400716047,44.43887286300481],[6.937079169120725,44.42969968048132],[6.892869620487909,44.42078067903776],[6.896507825430464,44.374299547914674],[6.88742990090296,44.36104783803612],[6.856147812069906,44.342952907783264],[6.839688603111202,44.34616952567193],[6.811873213958045,44.33221347515919],[6.796090992510113,44.3161057075123],[6.7863504827742736,44.28849643698575],[6.762927060646822,44.279037241415196],[6.759092155836728,44.26206489740905],[6.724182328511966,44.249467455280936],[6.718344217584288,44.21071074917548],[6.686536427072904,44.16925393086098],[6.705499890845224,44.144466155776314],[6.707586373017441,44.124473345545944],[6.736610415319581,44.10225823836325],[6.7552927685949316,44.078606159081765],[6.74580308295055,44.04269169406513],[6.795850869439254,44.00702405029123],[6.838726887709297,43.98970431437945],[6.849124623100394,43.95555833887359],[6.875468351966293,43.95281563358485],[6.884040903481558,43.93530101735706],[6.913088787529998,43.92796536503886],[6.941753698705185,43.89697361215048],[6.884610185550847,43.88912075689405],[6.876620003660876,43.89859537972932],[6.830709312232406,43.91836301148648],[6.804290312432095,43.910790628356104],[6.781621637708193,43.883549262987735],[6.748392415086803,43.87167747871268],[6.697323345466608,43.87365480225297],[6.698718605090542,43.85521098299028],[6.677914955878909,43.850959763474634],[6.667938865272228,43.83092697652154],[6.703701880641647,43.822825820470534],[6.70606421451232,43.80841245654836],[6.641524167665496,43.795472444882115],[6.636395800176684,43.788950567095455],[6.619973007874097,43.80550530861199],[6.585317018818273,43.80050767551297],[6.558904687579015,43.7841955441722],[6.52476198332243,43.80636597788804],[6.482076253327453,43.791074426311035],[6.4388083985564,43.797745193516654],[6.4144280526034985,43.79159445843418],[6.413483066219063,43.760360418472196],[6.3835404106739695,43.73442775895217],[6.356960735074889,43.73636766488724],[6.3267516313932,43.74662594026461],[6.262893011516566,43.781882078680276],[6.254215459954332,43.800433718328094],[6.212407106246491,43.79839605677458],[6.188517764066482,43.776267312514086],[6.182886008281907,43.76217559136371],[6.140796857826169,43.73769553098114],[6.1036091865345306,43.73722227951302],[6.077305911948532,43.70817081210753],[6.036131813943926,43.69416334085516],[6.039033980651841,43.67892716093395],[6.021735021476141,43.66827944245308],[6.005007067617743,43.68778786403108],[5.987939406703312,43.69505659267458],[5.98543773624429,43.71396312876724],[5.9564454360651595,43.719401124766904],[5.937998300025333,43.73057120981495],[5.937716232260396,43.75023611335413],[5.903517180339531,43.751432620885154],[5.901533390582641,43.73289106389851],[5.849146371217722,43.72025525749223],[5.8278752703448715,43.748065843473604],[5.781343238677484,43.75565738832376],[5.757332977582704,43.72940911375532],[5.7491639540055255,43.7405464918297],[5.7184242970991175,43.75512132052309],[5.713394551246806,43.77950341891952],[5.684551176087874,43.78850163078797],[5.674483353980397,43.807360446333846],[5.654445137414141,43.82511098585937],[5.627700103254839,43.830927143331614],[5.574599751241474,43.83029407148107],[5.54452228126406,43.81819693654997],[5.549174903324726,43.8514199844283],[5.573186434978607,43.86492031403171],[5.6064371876892,43.91613043943877],[5.579927197959687,43.925980406162694],[5.558844627129812,43.942576073587574],[5.544991957929805,43.93905484015686],[5.51208954255573,43.94600228564646],[5.508647939314863,43.959839793825395],[5.518062394104204,43.99011201336662],[5.543633878090188,44.02596177811475],[5.544598165016952,44.06989191567907],[5.5026367853279545,44.06343920865494],[5.498787806458752,44.11571934778835],[5.540435810430644,44.13221365213216],[5.551327343869811,44.14979115926589],[5.582976621063447,44.15762325973775],[5.564374392120529,44.17090170649433],[5.576187167563138,44.18804165094906],[5.609572963808623,44.18817112634557],[5.63959354437225,44.16758605191366],[5.6316731817286305,44.15136802990124],[5.67860502821166,44.14608869344783],[5.68271535182101,44.16321640945639],[5.646965152793732,44.166291647187435],[5.651592585237082,44.18957707724826],[5.676037325543462,44.19143313185896]]]}},{"type":"Feature","properties":{"code":"05","nom":"Hautes-Alpes"},"geometry":{"type":"Polygon","coordinates":[[[6.260566197557925,45.12684791386632],[6.299216785815758,45.10855211143577],[6.3312977067397425,45.11812379084807],[6.362935515883446,45.10449356656247],[6.373529600716985,45.08414824428705],[6.364877554955543,45.07017079687575],[6.393914586674507,45.06181851097421],[6.438596097282185,45.06258355349038],[6.451799595532319,45.05172052616644],[6.486234598441578,45.05607309559144],[6.480384256020366,45.09079271505677],[6.510979894458294,45.10875068557236],[6.529708447474563,45.09856919735164],[6.55601396596344,45.104195104315984],[6.57653069592537,45.12309720037721],[6.615550094957373,45.12147775227429],[6.6299873381374725,45.1093269281999],[6.627487761756953,45.10121505030452],[6.662113977091666,45.07163521564911],[6.658833037991113,45.0522106577603],[6.672439472064712,45.02142288028361],[6.7256836969428715,45.02150040053337],[6.743421512935462,45.015920279449546],[6.751188313816809,44.99755867124376],[6.7376342538806036,44.99148903315492],[6.763468605707418,44.971219657081626],[6.753079854453953,44.94296106206407],[6.750709573838057,44.90565221939063],[6.771184461028274,44.90344432994035],[6.805918328309796,44.87664147794964],[6.863241048677118,44.850610814016996],[6.913770297405167,44.84542283675211],[6.933687243037528,44.862026072008646],[6.972609983994274,44.84623344849374],[7.0067737788907705,44.839315967633134],[7.018283625506064,44.81230540654565],[6.9995712397492555,44.78944471324736],[7.024748601836657,44.76238093071902],[7.024189433792721,44.74131576508321],[7.043683920015221,44.71814050323442],[7.06578600052752,44.71360743394211],[7.077108800206922,44.68091750917342],[7.059729404484276,44.67996132818681],[7.023734517020338,44.6913011223226],[6.98622673933706,44.68808002657876],[6.957471911814601,44.66982246847716],[6.948335091404861,44.65481629914676],[6.914488202179287,44.65949945810214],[6.880124364018876,44.62999271969987],[6.85814264425923,44.62805845533632],[6.853900769395612,44.61475859917988],[6.799941325461042,44.604244109554145],[6.766943196052187,44.586952404898014],[6.737180942222513,44.55253559808428],[6.701153206618136,44.538996840218914],[6.680922896471837,44.54102548605375],[6.6684970592870565,44.500299753706706],[6.643650285023153,44.487759305292435],[6.63229969332171,44.44691502790709],[6.547366766497952,44.44676331416215],[6.533276938209056,44.45197395122282],[6.4693180033119155,44.45131246990398],[6.462013547991893,44.46247217356771],[6.433358303001146,44.472514470120075],[6.411180249066938,44.47096856265119],[6.39880869108101,44.4941562144314],[6.3573108201414845,44.52263889176314],[6.332395681132657,44.50999616152816],[6.348272978050237,44.49809023202587],[6.33862266220802,44.47283907420384],[6.323106052174982,44.46382948496176],[6.293492428153158,44.48092732291776],[6.262825636989673,44.46549564526641],[6.236135472030146,44.46144449835514],[6.262494510552066,44.41224966674437],[6.241680881439521,44.38485438747808],[6.228221718294849,44.381700391997015],[6.173565741653668,44.43954286595121],[6.156254785052348,44.44210331855112],[6.155615049010709,44.46195982298558],[6.1160166804432015,44.47546505487432],[6.079694848017664,44.475530907704965],[6.072442979890107,44.45207608038503],[6.026308275440297,44.434642097388625],[6.020374443332653,44.42005811336259],[5.977799438785809,44.40736292380458],[5.9536703829504924,44.395059266699214],[5.937356413024749,44.35935610859397],[5.896099604509158,44.31861879667804],[5.9255909605950015,44.30855111867347],[5.912998227051449,44.26831617376552],[5.913194557888511,44.248711120610594],[5.880129754573656,44.271011382120214],[5.877120986906842,44.28879843672459],[5.848477759938248,44.30072259452234],[5.823911889045941,44.27890195531252],[5.826655362130932,44.26251076006967],[5.860019043661206,44.245092101540315],[5.881793583616446,44.210998662542806],[5.9147400564445745,44.203427232845094],[5.909305399486612,44.19046630820442],[5.8285720679377535,44.20066569733914],[5.795385785142977,44.21345893688929],[5.776514541341646,44.2055259364244],[5.755494196596879,44.210207765237854],[5.713913055297651,44.19926568716529],[5.692087450380134,44.186483371831564],[5.676037325543462,44.19143313185896],[5.681311859737585,44.23289466958045],[5.672996044869041,44.23984311301397],[5.676206589256276,44.27551099308782],[5.647509019416229,44.27247769824454],[5.631970064900461,44.284721309902835],[5.637756422122977,44.29968616697366],[5.608077262744189,44.30850908328983],[5.617135908418277,44.332475894185805],[5.5373670436986435,44.333525718131106],[5.521782790630088,44.34931163553876],[5.4930715607447445,44.33717752081172],[5.46941457400079,44.35149029453098],[5.46065693964672,44.36832054562284],[5.434953500862137,44.36911743294876],[5.443026623183156,44.391237330733084],[5.418530667075709,44.424947370319],[5.447194165800079,44.431852481873705],[5.4764897049095795,44.41972379409436],[5.498303440849121,44.43732497621575],[5.464433745418449,44.44788666870274],[5.458727518186473,44.46614393059478],[5.4798758917737445,44.49123966897652],[5.516510011697751,44.49138247772147],[5.562404689872195,44.47485185176209],[5.603651238319425,44.465544996850255],[5.6163088106464185,44.47271206540212],[5.629785093116038,44.5011871029685],[5.664504139914002,44.501894032401594],[5.627373773874302,44.53458025973445],[5.5972487980667855,44.543273727979226],[5.617737322579476,44.583133580603594],[5.643926214041127,44.60972161106435],[5.641715054881292,44.65107468886509],[5.726039426074854,44.63939834273572],[5.753939211901072,44.662713661324155],[5.790619766631355,44.65329030204328],[5.799407769469486,44.67394966436931],[5.825802514085463,44.68569233800322],[5.82711625324567,44.70028877822114],[5.801469996094522,44.706778512869995],[5.82777670542201,44.7400904212036],[5.846789359515513,44.75162114202083],[5.888833543818295,44.74880281266777],[5.900145988864039,44.75831810886521],[5.92220546362268,44.75408063667132],[5.9801466158902254,44.78117807160656],[5.977781702799108,44.79098097178422],[5.94951924784745,44.80453012289717],[5.979181680039922,44.81858485233257],[6.004863991929379,44.82044164675532],[6.030210546238997,44.838096097754196],[6.056880845755912,44.81648809334095],[6.111944264637026,44.844104598030206],[6.128361780211359,44.86189793671716],[6.1707886083957675,44.85422409321522],[6.196382213093447,44.85897725265292],[6.25054409332542,44.85265497741959],[6.269405725021001,44.87047437006196],[6.300679811301804,44.87347754001874],[6.336319027358193,44.84836943493937],[6.354685212537601,44.85597093285778],[6.350781709377172,44.88120395797154],[6.358440638759468,44.89205674340702],[6.354621853701313,44.92359576979837],[6.3588400606704845,44.941284471463],[6.3289997583261135,44.94731911410858],[6.3285028218875325,44.969718924476524],[6.3148150406516885,44.98018487183722],[6.321848392012048,45.000080059582814],[6.300180534522452,45.00397824625707],[6.251755823777455,44.99669933009644],[6.203927022398643,45.012469165084845],[6.2200801563699395,45.06536793621533],[6.243017832342709,45.06906387836911],[6.229388123209472,45.108750055807405],[6.260566197557925,45.12684791386632]]]}},{"type":"Feature","properties":{"code":"06","nom":"Alpes-Maritimes"},"geometry":{"type":"Polygon","coordinates":[[[6.88742990090296,44.36104783803612],[6.922569034715827,44.35073334653868],[6.92647211225925,44.334749781019966],[6.960525832743343,44.31085198397747],[6.955859859005885,44.2970594542236],[6.9934468208164935,44.280891427852495],[6.99712995413101,44.251997804252646],[7.008054894297459,44.236431060527],[7.038841660238861,44.22372981024312],[7.070224944864906,44.23297997575481],[7.112226619139014,44.21733524158766],[7.141050183667786,44.2010003780328],[7.1597495198014025,44.20620545858123],[7.2033866897276635,44.184792768493224],[7.218868901675846,44.1689469810721],[7.237041234869469,44.174339231954],[7.24856917472652,44.158515503110245],[7.280317813440188,44.141181126207165],[7.340417586180365,44.145649028908274],[7.358475305086881,44.11815061891558],[7.388931942608855,44.12479464638471],[7.4268012934594045,44.117564036132904],[7.429927081340899,44.127804524896916],[7.459974202378207,44.125692456404565],[7.505741191835109,44.143652395337554],[7.5567970945239376,44.14692262748108],[7.577148887227901,44.15289005329537],[7.614555274657836,44.14967082474187],[7.645064338759674,44.17790074590103],[7.68458536705161,44.17401845696774],[7.670852285754872,44.15374050304116],[7.667154197554274,44.13343096570642],[7.67452067122969,44.117978351966265],[7.715741685167259,44.082768394074186],[7.714078792245614,44.06542948835954],[7.700025563701426,44.04078903341254],[7.664986572845552,44.03066821354587],[7.670204633842334,43.998475578585406],[7.652699330334664,43.97484454446134],[7.610194650987026,43.95513695471592],[7.596854299346449,43.95652880599456],[7.572900090571807,43.9377923733289],[7.559929417388958,43.914446448952816],[7.559218845189717,43.897294632318086],[7.511282181839372,43.88226017750882],[7.495202515535623,43.862291505445505],[7.518300877134688,43.80329700642123],[7.530159376168468,43.78804906400435],[7.490212035782315,43.767197668733566],[7.475918505385493,43.750796761738144],[7.4597300454166495,43.76004177050826],[7.412274588246639,43.7343884782676],[7.413235194461564,43.72476923386886],[7.375064708715003,43.71753336634211],[7.360727399718111,43.72228177889476],[7.337596357798404,43.711716462798286],[7.326468236003214,43.69615480753041],[7.297211876953826,43.68614078433695],[7.285170356707785,43.694320925627316],[7.24382000023942,43.68938268481802],[7.225884891654834,43.66225535365977],[7.206455679516468,43.64563646874049],[7.194537177820155,43.657919305629925],[7.157853271963104,43.65385083741795],[7.139271239473155,43.6360982414893],[7.1230039862754415,43.58829721341579],[7.121751847241626,43.55949556145099],[7.101266887315347,43.57067799664823],[7.0675662048264405,43.561639844055605],[7.055944916816456,43.54796646787975],[7.014827677611477,43.550856545562084],[6.974303482945652,43.546078781561825],[6.952169379017137,43.53471699106892],[6.938368675282269,43.51639156043654],[6.954746280767227,43.50472407547113],[6.947072439425319,43.48436595161653],[6.933726236453417,43.480068010885034],[6.884230099335205,43.502535727819215],[6.89638230847014,43.5271599958737],[6.879542001080731,43.53535761950226],[6.907175687871982,43.572966433750736],[6.908012993627823,43.599079187946934],[6.8879265318112735,43.60741263064278],[6.838776771755721,43.613611496756825],[6.812859360304176,43.6305052559662],[6.798740654261999,43.62818033606127],[6.782299387537954,43.65415726922716],[6.7608013983957,43.66648795918856],[6.774352202435761,43.69341283496426],[6.766592784345339,43.720212010988675],[6.753535969205428,43.73816698047835],[6.719415853332108,43.7381403462073],[6.70139956454595,43.754068906503676],[6.682708528326925,43.757936848433445],[6.657423432162916,43.74871807004049],[6.636395800176684,43.788950567095455],[6.641524167665496,43.795472444882115],[6.70606421451232,43.80841245654836],[6.703701880641647,43.822825820470534],[6.667938865272228,43.83092697652154],[6.677914955878909,43.850959763474634],[6.698718605090542,43.85521098299028],[6.697323345466608,43.87365480225297],[6.748392415086803,43.87167747871268],[6.781621637708193,43.883549262987735],[6.804290312432095,43.910790628356104],[6.830709312232406,43.91836301148648],[6.876620003660876,43.89859537972932],[6.884610185550847,43.88912075689405],[6.941753698705185,43.89697361215048],[6.913088787529998,43.92796536503886],[6.884040903481558,43.93530101735706],[6.875468351966293,43.95281563358485],[6.849124623100394,43.95555833887359],[6.838726887709297,43.98970431437945],[6.795850869439254,44.00702405029123],[6.74580308295055,44.04269169406513],[6.7552927685949316,44.078606159081765],[6.736610415319581,44.10225823836325],[6.707586373017441,44.124473345545944],[6.705499890845224,44.144466155776314],[6.686536427072904,44.16925393086098],[6.718344217584288,44.21071074917548],[6.724182328511966,44.249467455280936],[6.759092155836728,44.26206489740905],[6.762927060646822,44.279037241415196],[6.7863504827742736,44.28849643698575],[6.796090992510113,44.3161057075123],[6.811873213958045,44.33221347515919],[6.839688603111202,44.34616952567193],[6.856147812069906,44.342952907783264],[6.88742990090296,44.36104783803612]]]}},{"type":"Feature","properties":{"code":"07","nom":"Ardèche"},"geometry":{"type":"Polygon","coordinates":[[[4.483134616383878,45.23644648192782],[4.540549370042042,45.23475108941549],[4.565520406201406,45.247958129182955],[4.602422910281466,45.25170405771358],[4.590638055650433,45.27303681774206],[4.598597055879653,45.28948570433069],[4.621039470679837,45.29121612407326],[4.614497435388506,45.30983662841341],[4.680129607940992,45.34625617395863],[4.7004091166444315,45.345742863727835],[4.725825842131706,45.36180904894751],[4.755996992712002,45.36567226076598],[4.772556757363274,45.35486449672088],[4.761388480871705,45.34063001021366],[4.769929030711337,45.316015123688956],[4.800493926884063,45.298360661142944],[4.80945700146176,45.28984878023442],[4.809597016988471,45.26036757990201],[4.802585860487608,45.22693117215798],[4.812569706062625,45.204307182925724],[4.804809814114698,45.194030298693185],[4.813699779096304,45.16341716248438],[4.829100372157167,45.15669010756043],[4.804461066670614,45.133197210828584],[4.804492252463412,45.12194771680664],[4.827354281438577,45.10214857279052],[4.831651038103518,45.07026753675957],[4.860746068970967,45.055429204446796],[4.840341325313034,45.03578322392562],[4.837672652853049,45.00479181394786],[4.851264766161909,44.99467770210391],[4.860170175358192,44.96586245571145],[4.875684162327823,44.95520873214619],[4.8855710639544006,44.93465153198947],[4.8579011507481304,44.903155110736876],[4.85945820884153,44.87175235284045],[4.841340887618573,44.842596306238924],[4.821656483202532,44.83867049616437],[4.795665859771827,44.793769117314746],[4.760941584679994,44.771713549802],[4.762850574483207,44.72009203958483],[4.7811100231594805,44.682833634690404],[4.77408913696615,44.644269843250804],[4.74040453633284,44.60239249321297],[4.741168931840421,44.58877434873562],[4.710266499941698,44.58154911470836],[4.692361920905272,44.55589194997334],[4.707018905489797,44.53084113511007],[4.692050189601407,44.5152420465306],[4.689973321952771,44.49125058500801],[4.6989568502390995,44.481694190593686],[4.69865229412497,44.45230946012676],[4.667379937465383,44.43066429434984],[4.664373400022996,44.398944273043945],[4.648946169255066,44.372462486293166],[4.6506150134375535,44.329805791511276],[4.653469115901898,44.302095538489496],[4.649223666100485,44.270359865010946],[4.638060170291897,44.28296923867679],[4.61814481108176,44.278546617366906],[4.606815593785338,44.290470941442756],[4.5569412251008385,44.30414412850996],[4.54446827908279,44.320768740097236],[4.503310494319003,44.339246206238236],[4.45762136443186,44.34163465741125],[4.4511432681787,44.33458990256618],[4.448416311728308,44.29660651655647],[4.432780130031507,44.28698938355873],[4.398976853249833,44.288946280259694],[4.390787503015712,44.30304942711613],[4.403209845144098,44.33389735712032],[4.386524834610318,44.346613952796865],[4.366781304696769,44.339496632938484],[4.336073225463424,44.339522743700286],[4.321723881147898,44.32398630005241],[4.288429093459214,44.314658540974904],[4.2894083121626245,44.293211983267184],[4.277460812236595,44.27473441763758],[4.25884619798255,44.26478557642796],[4.241323541622981,44.270098246787754],[4.215253431785848,44.290671875558495],[4.186703448446319,44.299689052797774],[4.177742579074996,44.317880186655266],[4.142867700090412,44.31335085540006],[4.126751899132338,44.33773352004587],[4.0716271173670755,44.327301470845015],[4.051451662788466,44.31732365711701],[4.0368642122249785,44.330767432006844],[4.053413964443739,44.339252388242215],[4.052980345425569,44.3786960081517],[4.068441217053273,44.40511357294197],[4.047796695540712,44.41806858494041],[4.037601702020996,44.44572224016011],[3.998162987763964,44.45979755586323],[3.987654659812161,44.47277510314574],[3.9817259440883355,44.51510533136414],[3.948773902996799,44.57288654843654],[3.923566877594894,44.57188476465967],[3.908306472806382,44.606619160372716],[3.893726383489279,44.61783889720629],[3.894746224001558,44.651133585716494],[3.8699370374536626,44.67891759737075],[3.862527190139651,44.743863434670935],[3.8895265818183935,44.75196027421232],[3.919817199492905,44.77460034297932],[3.937001123548729,44.7954172172997],[3.944536875109786,44.82322023968674],[3.988454902516046,44.813419515634884],[4.028374858328879,44.834081003006155],[4.020171384284056,44.84572694383834],[4.0338762761727365,44.8710458107922],[4.068313356371929,44.86746929959503],[4.103743185520496,44.87725256159482],[4.156154791813548,44.87333360834132],[4.179951268724776,44.88730128359599],[4.1899324439493,44.91419030432338],[4.216572079556928,44.933567915009554],[4.221702631142119,44.96133612938675],[4.251555903015938,44.958924064540234],[4.311668803625915,44.97177463884522],[4.289827924670836,44.99730682920296],[4.297239439669978,45.01702262504178],[4.314677006361451,45.03079389328605],[4.338428544649489,45.02671076147119],[4.379067913162388,45.03617454254133],[4.378014671826731,45.05427007966308],[4.359614567276412,45.05568487734863],[4.346190894999054,45.06964388927494],[4.372571367591827,45.10480297518196],[4.400229848141373,45.11600398371944],[4.37022058732025,45.13029910308921],[4.376558944791765,45.1443595905019],[4.446118275212825,45.13169134188572],[4.447480119407685,45.16118502386361],[4.472540720426905,45.179408906886586],[4.477266258728365,45.20978594447126],[4.489604429758615,45.224787898710176],[4.483134616383878,45.23644648192782]]]}},{"type":"Feature","properties":{"code":"08","nom":"Ardennes"},"geometry":{"type":"Polygon","coordinates":[[[4.233164134987158,49.95775092391093],[4.308104819422298,49.96952311706087],[4.3497091536314265,49.95218185745914],[4.378945338182918,49.95306872889387],[4.446940783287939,49.93750459397252],[4.481610454645573,49.94785279402108],[4.510410432978069,49.94668308724302],[4.540542634439033,49.96796846829222],[4.573698227853897,49.98030418970413],[4.674659776287784,49.99662785172198],[4.699272082803148,50.0537945750903],[4.682746158906797,50.068791197105114],[4.702078764143763,50.095528001382924],[4.751345563705796,50.11174102047036],[4.762161208292365,50.13639695682964],[4.824292330401957,50.160731428897094],[4.8319896237206255,50.153951790022184],[4.879565525415205,50.15202955288437],[4.894894253598731,50.13460065104415],[4.87076833368792,50.124262635964875],[4.8685301585153855,50.09762527596348],[4.8512375276421595,50.1013639038007],[4.829260707691278,50.04803422242763],[4.840392803845824,50.037589901362395],[4.816997367063873,50.01564028095157],[4.818941576641115,49.99514497954768],[4.790113818832296,49.97001760397983],[4.7909170614563354,49.95839750551827],[4.8501895621955295,49.94647303906409],[4.85813253464247,49.93290175060757],[4.889248547086521,49.90972760726109],[4.851762233586226,49.861022896690535],[4.8675793624704715,49.84007770188321],[4.867091434851301,49.81419502771181],[4.855382632112906,49.79236512744182],[4.930929513878152,49.78685155554447],[4.9561320976529775,49.801224669739426],[4.9988368069437765,49.799310046914584],[5.008928105209694,49.7819335599042],[5.063182643598133,49.76192871159604],[5.090172312313782,49.76506393233352],[5.115073254538092,49.741436250370164],[5.125659977368626,49.714502727337425],[5.165853990849716,49.70714272719065],[5.166208402693295,49.69291623120586],[5.208819376633823,49.694568280877455],[5.24360037396294,49.68569800167118],[5.267272773424226,49.696522600045526],[5.332001785017169,49.65478357737764],[5.308525437369952,49.63590355578242],[5.31173915183996,49.61354728351897],[5.342988167557187,49.62673952946669],[5.393536658328508,49.61708773850276],[5.379377254594306,49.59433240963621],[5.339875065404366,49.59248374512851],[5.311770447172107,49.55928969326421],[5.262709976999561,49.54181962580043],[5.232756898423872,49.56948078917659],[5.2130512805303555,49.573482704275165],[5.162975033383016,49.56353425622026],[5.144850262012005,49.589890809096836],[5.118278729173794,49.59307211738766],[5.0894348019213345,49.54153840662955],[5.100584675318172,49.53581688248469],[5.079628538782785,49.50986338174908],[5.062396105126222,49.49915347170529],[5.083514142411665,49.48411961123408],[5.105323165099615,49.42524686929281],[5.088196804414101,49.40639195324937],[5.10414955392406,49.38977780781045],[5.089930289451002,49.370323496215384],[5.060208646165214,49.3715170366231],[5.053405249590282,49.35696721044802],[5.026436999727152,49.33591387470532],[5.029829036850663,49.31126357145343],[5.0490438324721545,49.285310734141504],[4.964355608998914,49.24744898908259],[4.950989232683009,49.23686584630137],[4.909606220926124,49.26349853270867],[4.86275799597872,49.24154352922503],[4.826941205469512,49.23576093816036],[4.815420265730455,49.249854960398],[4.788889603899746,49.24134019593029],[4.7442321118937505,49.2414729109037],[4.726823349053574,49.25232502044604],[4.686074799511886,49.256759043801544],[4.670374586913542,49.24151155534761],[4.635511161128344,49.232134393917896],[4.6058938566008445,49.26970402626851],[4.594974261377573,49.2707300343065],[4.575868215345435,49.296651189312385],[4.541215512322572,49.28622829426292],[4.459506424178967,49.27757864272764],[4.418775444942886,49.2851133003246],[4.393424577830647,49.29708771300736],[4.376853871003221,49.31699430474222],[4.3541542998888705,49.31616310169742],[4.330894078223754,49.32715621477832],[4.306756525620349,49.32779732810991],[4.290937077765363,49.34699963965571],[4.258398145436199,49.36351577479519],[4.248321950611529,49.38225603439192],[4.2013073779715375,49.38378396286446],[4.188996868487692,49.398693325461345],[4.0769132710042255,49.401612719003566],[4.047972977986833,49.40564229475753],[4.037664843009763,49.43826214170175],[4.057558677988911,49.45118663443426],[4.042374740120512,49.4686932052203],[4.040711745102368,49.508534657206816],[4.077307045795324,49.52519351384014],[4.076010833621256,49.53978341932618],[4.05829151546324,49.55254908076985],[4.076570889635557,49.57112749860688],[4.031390794494156,49.614289972299225],[4.041982613790211,49.629809951188015],[4.06432322371496,49.636967655409364],[4.09574589252208,49.62909455245626],[4.124516370102426,49.64959154766928],[4.127021546188527,49.677921251343555],[4.144181836797769,49.68854487089986],[4.1846168956423835,49.698824907960066],[4.19124300715433,49.71625657729972],[4.224711511604635,49.72720226620408],[4.2279892494042794,49.74364073426544],[4.246884569202133,49.75481606841705],[4.23820210581484,49.76742183396235],[4.207560089429096,49.78109084313398],[4.22667738196626,49.79303047019303],[4.214274015003939,49.806111475699495],[4.223593846602414,49.834105951164844],[4.248762948257405,49.85675363902506],[4.255701120243194,49.903213511956004],[4.21718238978302,49.914797372341994],[4.233164134987158,49.95775092391093]]]}},{"type":"Feature","properties":{"code":"09","nom":"Ariège"},"geometry":{"type":"Polygon","coordinates":[[[1.6884197209147511,43.27355372810048],[1.700754514704471,43.26054064540708],[1.699776940607475,43.243831295721215],[1.7238440687530252,43.22452425076901],[1.7099486500213625,43.20058204747453],[1.7134791529379416,43.185618701843005],[1.7435880718428745,43.182725951168436],[1.7806433096574144,43.159824933344154],[1.824772198868932,43.145813889155335],[1.8804078673476365,43.14153936255586],[1.8954279777499146,43.116633336360046],[1.9177470958909644,43.13323111235511],[1.9494047039555333,43.12070809144376],[1.9557758360446906,43.085446537199715],[1.941132873290632,43.05271547262669],[1.9730769071879921,43.04616201620429],[1.9850016206688033,43.032612459176974],[1.9853302810624713,42.96695793978397],[1.9364462363662087,42.95396589299509],[1.9338502257854864,42.93932515940288],[1.9805743107561908,42.92957969198593],[1.9919290520003003,42.905098487236415],[1.981007734505436,42.87842008504447],[1.9869209142233524,42.87101168756058],[1.9456558633746337,42.85619826237116],[1.8758890323432875,42.85273825107509],[1.869202579081601,42.81508603325651],[1.8970774273087732,42.80800219821675],[1.917663354345371,42.78274473527807],[1.913239238416856,42.75882498736125],[1.9516265106681303,42.73669095024391],[2.007929382662407,42.73412497082237],[2.057204243184995,42.75622286125991],[2.0839024245548936,42.7516077244054],[2.0874431064800922,42.73901317594321],[2.160632413925722,42.70112722891685],[2.1758741195218594,42.68279522431058],[2.166053682054993,42.66391836976526],[2.127356949655341,42.672313305937074],[2.1114664198303457,42.666032470916626],[2.0470193906647904,42.66358965489304],[2.0187920574337195,42.6534170353211],[1.9969224698605978,42.66006561399484],[1.9722426969695992,42.61714092425327],[1.9521234354600119,42.61830326460022],[1.9361188221910517,42.60541384031619],[1.907286118231748,42.60862947926328],[1.8744850028357225,42.58140598425563],[1.8347684364358996,42.58353364671248],[1.8010033491172206,42.57239786027001],[1.7861250110638969,42.57362343207788],[1.773155041578549,42.58067708426063],[1.7259206571767567,42.59036520824838],[1.737964425021432,42.61131401180095],[1.6835991033030946,42.624864963586695],[1.6620254880346446,42.61948091899569],[1.637155477178948,42.63029849282105],[1.6063547204789832,42.62745569822105],[1.58567689224097,42.633568385987964],[1.5623889852861503,42.653480869601616],[1.5492483438086209,42.655776285849846],[1.5014121994747076,42.64516242342437],[1.4801044915371044,42.6513900879463],[1.4694745196425487,42.62847928225725],[1.4772675936643833,42.614967659090894],[1.4557081666267313,42.60205166220692],[1.4401504415315978,42.60350721030018],[1.4201858337826103,42.62607181448239],[1.4139966708290406,42.65484551119558],[1.38773471434658,42.67099021370737],[1.389599626449476,42.68508287715744],[1.354404547925789,42.699493649410854],[1.3579397808759273,42.71551055541734],[1.32502612790918,42.72390397060219],[1.2778256065536044,42.71387414262699],[1.2525274855971043,42.71564959267591],[1.2283255116895055,42.727437974142234],[1.2171573639899749,42.7204805063676],[1.1618481533807585,42.711046329845956],[1.1333079622063968,42.729016535435846],[1.1280806814053455,42.75537633903151],[1.1069774050999934,42.772292244775535],[1.0706247661216861,42.78247308343543],[0.9831091862639382,42.787068192050434],[0.9598896789755389,42.805643801609044],[0.9235668371314283,42.7903836690362],[0.8583056667230173,42.82571908908446],[0.8598831874145956,42.83829919038498],[0.8429206845448278,42.88857838383233],[0.8261273850230597,42.91428331470268],[0.8446280617921965,42.9259553847581],[0.8735856733231423,42.92679338211308],[0.8853071428027446,42.93602990091024],[0.8749113719387422,42.957775746315285],[0.9124553143730214,42.95939313750352],[0.9791013887263271,42.97443096191435],[1.0013417692542665,43.002384225909054],[1.0162603018777892,43.01021732861986],[0.9867409563385678,43.02750002800353],[0.9856931292491957,43.06291853162641],[1.0052536354583397,43.08066466566629],[0.9909145410998831,43.09277803898931],[1.0185271263876248,43.107387874976396],[1.0388356827344098,43.100552820032235],[1.0597948169991893,43.1407984031395],[1.0898382360674839,43.141811753194446],[1.1321077536262771,43.15194534202816],[1.1623107695613917,43.13229310791629],[1.1749842663258816,43.14097449686551],[1.2087344680123453,43.11795105080988],[1.2236282372389116,43.086062046332636],[1.2615510081488481,43.09151179346513],[1.2600621395015414,43.10918367913112],[1.2808453772316608,43.11141550841685],[1.2914479372138445,43.12411619713413],[1.2743729840086873,43.144383453050935],[1.2189486150323017,43.15316275519517],[1.2139801500053244,43.16243740075925],[1.243672974766193,43.18955616855956],[1.274066147426889,43.19622758930005],[1.3200644605867593,43.19008881581775],[1.3441516514601857,43.210695251898116],[1.3743734334754012,43.21374576570538],[1.3827658374979088,43.228123061206055],[1.3667896677356772,43.2418101294384],[1.332370877192311,43.248931806901766],[1.3306718864082818,43.26256355573771],[1.3083430062252406,43.26452855969102],[1.2925309175036508,43.28836637975412],[1.3180291746094754,43.29589235276595],[1.3239682844769867,43.30940019027638],[1.3497399802929155,43.31601406526464],[1.4114797701413646,43.270269012569514],[1.4253606535844838,43.256571535866705],[1.417617895565898,43.227838739549625],[1.4479297220390106,43.2128941335395],[1.4703750181603599,43.21207194480044],[1.4845439726661527,43.226162777288515],[1.5046005088805332,43.22131429070002],[1.504462615387652,43.24943643931495],[1.489433194310029,43.25842220794179],[1.4962195339449893,43.29276893893769],[1.517589782341532,43.28942028243403],[1.5187255867607068,43.26917438445627],[1.5475200495883703,43.27567426925568],[1.602045022703857,43.265966045322976],[1.637330392962705,43.255476822404304],[1.674798339388505,43.28121472293003],[1.6884197209147511,43.27355372810048]]]}},{"type":"Feature","properties":{"code":"10","nom":"Aube"},"geometry":{"type":"Polygon","coordinates":[[[3.4147915595010967,48.390273038820325],[3.422082006455869,48.413341906536964],[3.3919598867876517,48.424322153455364],[3.4064783284931712,48.4524502326185],[3.388359827890943,48.480408300039215],[3.4348599344666386,48.49751072268098],[3.4053980660358945,48.528012199625785],[3.4234423807070566,48.533562692399734],[3.4591902801865113,48.53074024476159],[3.479607557239746,48.54471109171053],[3.4655161591022283,48.57048567886506],[3.4975003134409723,48.58995747369995],[3.5038535314822115,48.6048091344709],[3.5556137492385345,48.62028467657408],[3.579891832495665,48.60485886515818],[3.6042445587901217,48.572452767827976],[3.631866148641539,48.570977927086886],[3.6340147312950517,48.54129833541425],[3.643639260745969,48.536262879171076],[3.688010554935591,48.53996363936458],[3.7041935334272225,48.53348173230274],[3.7428823405595684,48.5336960863688],[3.7947250716869743,48.52769326968686],[3.822742058660399,48.516104417807576],[3.851404847916241,48.523378465573664],[3.8655808154248064,48.537930954397474],[3.8586730804738507,48.56033634110919],[3.872574553060613,48.58047608998417],[3.9000544029762967,48.574837870717545],[3.916112422498775,48.60703746596832],[3.9492402192699783,48.60343151995247],[3.9585488780832865,48.622904721543364],[3.977230864165596,48.632216352927855],[3.98646950961592,48.65506991614687],[4.001695483416846,48.66387541820995],[4.030051914462845,48.65914499071498],[4.058195208802969,48.66627477909254],[4.079787822987737,48.701118254412116],[4.131090952946843,48.68615119823393],[4.161208977574132,48.70564270827603],[4.233040648104506,48.702313167606725],[4.2523956317261185,48.708651278525025],[4.302615983872354,48.71237740647513],[4.3255940122986445,48.700277029531],[4.332773350334676,48.67058273703408],[4.317329119564903,48.65166491720243],[4.331760406442508,48.63027354824816],[4.314917546995119,48.61621957939382],[4.403076671568411,48.561260233656824],[4.49528083286357,48.53872358042404],[4.521965785232567,48.54505196597459],[4.527473253110997,48.52851621730074],[4.576487514925921,48.549380130056875],[4.6263828171661405,48.554547535211604],[4.635013531124556,48.54446897027231],[4.670183207291811,48.53188730232318],[4.6493513522062,48.47085769541501],[4.635723724779378,48.456919205602716],[4.672923053694571,48.44493692940629],[4.700747648353684,48.39575121376588],[4.76018751621395,48.38761245982979],[4.754719796035579,48.36668089354523],[4.8414713515268755,48.339464111308324],[4.814217580453079,48.323010826658724],[4.850845034125924,48.296245729889414],[4.842390138796092,48.28357098511807],[4.857678156974527,48.26856300069992],[4.844090578611303,48.24161361141823],[4.862104268789182,48.19962383107111],[4.837947597948636,48.168959717850704],[4.850099917169891,48.14175885538576],[4.829291938175258,48.129608375504965],[4.835619390228278,48.10855609279288],[4.8193072949588815,48.10319242346332],[4.7632776797863725,48.11550181600475],[4.730610406781701,48.11820899817677],[4.708492447514134,48.10012538889342],[4.688818526238874,48.073127919250304],[4.711006682460102,48.04991853541924],[4.704238250439468,48.0202323762063],[4.67322963618766,48.015051709502096],[4.6168068514656495,48.031366971594],[4.582678644289108,48.02946360186476],[4.535820168596839,48.001210026464854],[4.5599688756782095,47.97142319625819],[4.518171359735413,47.96658777645795],[4.4932784015747025,47.96880579277352],[4.448998378066956,47.957154747571174],[4.414346270874161,47.968206710901],[4.351286047683726,47.95658154025503],[4.3090036167800365,47.96117328277752],[4.2934241069450065,47.92567623483797],[4.265599591370342,47.924116159008285],[4.242723875606858,47.931956917411135],[4.2221457478233475,47.94969678465566],[4.228464403152438,47.96915282956105],[4.206741721722166,47.972203894649205],[4.2078337319682335,47.94659557765659],[4.166327039100888,47.95980433221276],[4.1117857473984065,47.926995657517516],[4.092978649387006,47.94297672164551],[4.061270050327684,47.945562416892294],[4.045237544702236,47.92596854676534],[4.01814220173801,47.928474566092724],[4.003855529645679,47.94203480301055],[3.985962466837663,47.93063908075462],[3.9480945711713997,47.93089676516494],[3.9015952504180182,47.93863384246034],[3.91469046126473,47.97569343810935],[3.900190065880429,47.99790876198765],[3.8783088264909926,47.979417724331554],[3.850029315571996,47.98379240721269],[3.839811254672786,48.00389003724434],[3.8706198703197394,48.01563556441249],[3.8242989358275574,48.04289541931859],[3.824612213123349,48.06128779150571],[3.806792668443169,48.083864090347966],[3.8049683849961107,48.10254956014992],[3.773282122246105,48.12969525627175],[3.739719908908732,48.13275411908254],[3.754823906575138,48.150241865949376],[3.740291245795231,48.16970783293559],[3.7050170955645534,48.14431394210169],[3.667869602845747,48.1392119036121],[3.6414970437080063,48.18393657752057],[3.6195505299659145,48.190784479669105],[3.594183989487009,48.17887516119051],[3.57518637671701,48.18874134782558],[3.6111556712475656,48.21192894753078],[3.6216173506103138,48.22574039972581],[3.600078611097097,48.23703622325982],[3.624328073587777,48.25452852774026],[3.6168043332338455,48.27133989890988],[3.587183966868095,48.280173420842885],[3.5879668741436643,48.30081000040951],[3.566569286931659,48.30742854994862],[3.5634013639699584,48.32144364439587],[3.5325118583181596,48.340525877771384],[3.4986883356303173,48.368618101138466],[3.4525858660423605,48.374390245729586],[3.427513158445058,48.359980231681526],[3.4147915595010967,48.390273038820325]]]}},{"type":"Feature","properties":{"code":"11","nom":"Aude"},"geometry":{"type":"Polygon","coordinates":[[[1.6884197209147511,43.27355372810048],[1.7083882204712093,43.29126593638564],[1.7041401191232926,43.302731061004685],[1.7264566850126617,43.31355860790404],[1.72381890913847,43.32974907649138],[1.7560895669919805,43.347786239580316],[1.7722726989104796,43.33697670685812],[1.8042058556067164,43.35792861707674],[1.8040846789340412,43.39168480485615],[1.8275744264204186,43.41839399539007],[1.8587429714302222,43.443820891217364],[1.8961151188637693,43.418448380585566],[1.9030825485451017,43.40648077638579],[1.9321973483656796,43.42425346114769],[1.9563832142288617,43.42542487943702],[1.9882982689321873,43.40760727642704],[2.013251174841698,43.41479228000688],[2.0291328387973606,43.43689796484212],[2.05313408767619,43.430200497980316],[2.0708019369201476,43.40639420952169],[2.1092766429079504,43.39455364359396],[2.171612173004611,43.41555236920325],[2.1877030879041897,43.393901845464775],[2.2150238714414177,43.38350522654672],[2.2296639061851096,43.409449060674696],[2.2220362066137076,43.42780221311405],[2.2441052741816327,43.44588047377504],[2.2648019643127553,43.45354440574296],[2.282011032773141,43.44122586946259],[2.3113690047501163,43.441551364653506],[2.3951180854863265,43.4183086163608],[2.4331017858919792,43.43517605493275],[2.452244714182291,43.43185573872313],[2.4968524565426087,43.43693032075721],[2.5192241258183463,43.42357280473514],[2.5657873980365586,43.42295974410401],[2.593459760332987,43.4125861022952],[2.569215560940852,43.40030210238747],[2.5532224612518877,43.381578705629835],[2.55675033079638,43.3671181357703],[2.547404327067849,43.33874150409467],[2.5847987373211803,43.333574828863085],[2.6016030790296316,43.29870698639686],[2.6587668022165167,43.29400885554122],[2.6935895397617924,43.32048879782006],[2.7068228959310465,43.293727070528135],[2.7002195943205365,43.28232047565704],[2.737891172803547,43.26734188065557],[2.7525204916724526,43.254593867354295],[2.772248225673249,43.25778564580618],[2.7869223712743656,43.273512651125344],[2.79178868739065,43.293015551205826],[2.8385539311891925,43.32211574816248],[2.868317493236679,43.32958665849561],[2.872040834033522,43.373176887725414],[2.890171804390596,43.36535216139457],[2.8867026665888473,43.32989534646164],[2.9469414010608523,43.31208498526138],[3.004349268167806,43.3201311415976],[3.005861156020884,43.28492197900128],[3.0548510434943674,43.27971779305137],[3.0783431423637917,43.261829334517095],[3.110944425233587,43.253471060898335],[3.1220006410048176,43.26158196380372],[3.1472079664155532,43.24700506844497],[3.175401641785767,43.24369767269661],[3.2010265503923754,43.249167148053665],[3.2103050300757787,43.235638559541265],[3.24056113717041,43.21280863308409],[3.177252971331801,43.1653931155685],[3.140803804618427,43.12876695257695],[3.092876973759121,43.06914228496683],[3.074043532794371,43.03811903535086],[3.0428431893335772,42.96015378799919],[3.0404710136346944,42.929704326912585],[3.060589297455898,42.9170599049451],[3.043510805290506,42.8381501142638],[2.976233697434438,42.870285782323506],[2.9176652105086776,42.88490560680479],[2.9068743640845423,42.89581380072565],[2.8804319367618048,42.90142601782671],[2.8652738803519484,42.91834143726101],[2.834726633088116,42.91226461376727],[2.8163773260069473,42.899968720008566],[2.789053819259419,42.895988728811574],[2.762151578941423,42.87367587089044],[2.754406508896001,42.85193277009744],[2.7392695852260918,42.83704183830966],[2.680460074219605,42.83066919623472],[2.665129702318414,42.836638227667535],[2.5979979640054287,42.83710010473599],[2.551517478135935,42.84669055878725],[2.5303296696211732,42.84330870449564],[2.501496510152125,42.85114590958063],[2.4524747607108766,42.83693276356475],[2.382167466090285,42.848465968894374],[2.3271160459779234,42.83744277583184],[2.3335924644994988,42.80438237482061],[2.343922918928302,42.8012178810544],[2.3429452475243857,42.77535071033062],[2.352474899591023,42.76247835717117],[2.3573542563069108,42.730614151700564],[2.3220061203917695,42.7077915762024],[2.297058357278089,42.70099502933411],[2.255205048620104,42.69745713836985],[2.246516821037239,42.681202948030595],[2.176204944795001,42.65250633141794],[2.166053682054993,42.66391836976526],[2.1758741195218594,42.68279522431058],[2.160632413925722,42.70112722891685],[2.0874431064800922,42.73901317594321],[2.0839024245548936,42.7516077244054],[2.057204243184995,42.75622286125991],[2.007929382662407,42.73412497082237],[1.9516265106681303,42.73669095024391],[1.913239238416856,42.75882498736125],[1.917663354345371,42.78274473527807],[1.8970774273087732,42.80800219821675],[1.869202579081601,42.81508603325651],[1.8758890323432875,42.85273825107509],[1.9456558633746337,42.85619826237116],[1.9869209142233524,42.87101168756058],[1.981007734505436,42.87842008504447],[1.9919290520003003,42.905098487236415],[1.9805743107561908,42.92957969198593],[1.9338502257854864,42.93932515940288],[1.9364462363662087,42.95396589299509],[1.9853302810624713,42.96695793978397],[1.9850016206688033,43.032612459176974],[1.9730769071879921,43.04616201620429],[1.941132873290632,43.05271547262669],[1.9557758360446906,43.085446537199715],[1.9494047039555333,43.12070809144376],[1.9177470958909644,43.13323111235511],[1.8954279777499146,43.116633336360046],[1.8804078673476365,43.14153936255586],[1.824772198868932,43.145813889155335],[1.7806433096574144,43.159824933344154],[1.7435880718428745,43.182725951168436],[1.7134791529379416,43.185618701843005],[1.7099486500213625,43.20058204747453],[1.7238440687530252,43.22452425076901],[1.699776940607475,43.243831295721215],[1.700754514704471,43.26054064540708],[1.6884197209147511,43.27355372810048]]]}},{"type":"Feature","properties":{"code":"12","nom":"Aveyron"},"geometry":{"type":"Polygon","coordinates":[[[2.207475285530841,44.61553167652982],[2.208413991565611,44.64384410168341],[2.228626493841591,44.655105785064215],[2.2508940048769053,44.651891647919456],[2.2910316971198657,44.666588146931176],[2.326785795750648,44.66969245597246],[2.3327774512659527,44.65061525218626],[2.366001494633773,44.64133953238094],[2.3819999953795703,44.650883200245765],[2.4350033478315978,44.63887764359622],[2.4521623511235817,44.648218952798366],[2.4831925395759007,44.65033992053267],[2.5008854718716496,44.690412284300194],[2.5581520749956534,44.7235077650761],[2.5544884354514226,44.739644683596104],[2.565243660905042,44.77818509002242],[2.5993575445949,44.79280887269849],[2.596849860721244,44.81984577665913],[2.611613330896067,44.83068448570257],[2.6026810523917403,44.84316760837642],[2.6239346066524707,44.86692074581927],[2.6490608273773533,44.86973105802406],[2.657758465796855,44.886441699351096],[2.681297551065327,44.907390957815316],[2.7064349149756604,44.907226122164595],[2.716460244119946,44.929058850326676],[2.731011702023176,44.936748096176],[2.756446447848751,44.932385951522065],[2.773539092637797,44.915090188600416],[2.778335607948137,44.88772015360108],[2.7727032477846745,44.85554848858922],[2.8019551055054883,44.87362935290199],[2.813504204128073,44.86939072862634],[2.8596787274829483,44.87446457937794],[2.855294234485589,44.85122120013259],[2.8704061890716517,44.82942482057374],[2.8795722036394493,44.80301061014631],[2.893463810454271,44.78634192775854],[2.9201908650803254,44.79430517818069],[2.9345215070232764,44.779198272865976],[2.920800098992959,44.76572967096113],[2.9347898343981527,44.744014418025785],[2.9250598501117997,44.72712765384178],[2.942968011895008,44.676956264041884],[2.973000483295105,44.64571914667694],[2.981676986530433,44.6446766126243],[3.0123028502611833,44.62190975589775],[3.033175255143208,44.59690534845544],[3.0759067638703557,44.572973678960665],[3.083593896775788,44.559014394432964],[3.068038879929246,44.50286886512245],[3.100325843979618,44.479978817970924],[3.1158453488850872,44.47555258933136],[3.1352323616083257,44.454447756476476],[3.1417277742830882,44.42845999235368],[3.1267210313580613,44.41395827490389],[3.1405583752842663,44.39261625444329],[3.1216683061653887,44.388740994522394],[3.119331633132198,44.36409697183054],[3.133744886002754,44.33033358238777],[3.1542516260589815,44.30837023621562],[3.1252288254578002,44.28446357369579],[3.124161021616368,44.26032349700248],[3.153719168091856,44.273805934751195],[3.1606544387163025,44.24539730394844],[3.179876249541182,44.24566454674947],[3.2243422257594276,44.23002883975091],[3.2250868325095428,44.21260133894453],[3.206607905788314,44.18992834029595],[3.240325090398278,44.190831778546034],[3.2950015544682763,44.20693612762719],[3.317300542840415,44.200240218868345],[3.3577995033411128,44.197910434234956],[3.373648044830684,44.170755872105644],[3.3360602348274,44.15867236265549],[3.3202909661039373,44.13590273654235],[3.3243979232334686,44.11534226731356],[3.2640453082464216,44.09159000805124],[3.290256259022499,44.07173186446177],[3.3289104186209886,44.079029903874805],[3.3407758500745954,44.05682580426664],[3.3670810890076868,44.058216824075586],[3.4323231338542683,44.03257989364055],[3.449940594755056,44.020259628606446],[3.439167690806169,43.99803716044466],[3.420487392791084,43.99414155773302],[3.4054945930695584,43.9702673408017],[3.3781609146564224,43.967548345837926],[3.3515992359998137,43.93803681173031],[3.3583594413044624,43.913832893255005],[3.3179342390620543,43.890982402561455],[3.275074750407491,43.898352311519034],[3.2344586173849077,43.85756325069015],[3.251093231989111,43.84207470180914],[3.2490369949799924,43.82957970414178],[3.209694860701851,43.8129603323146],[3.129188579676226,43.81693696893768],[3.089161041674374,43.83475002166805],[3.0598559764719786,43.8316473799454],[3.0602924932316915,43.80942874668814],[3.049402198661958,43.80382793190341],[3.0570597724827286,43.782641043208976],[3.0758829435264556,43.768519616825884],[3.0530638218978536,43.74618963728415],[3.053457816225651,43.71617068001798],[3.0681377277946873,43.70869387475869],[3.0601699178851627,43.69294263093098],[3.0334575248710003,43.69205430194576],[2.9848044810902232,43.708885107652996],[2.9465514600279064,43.6929371414868],[2.9354629666803715,43.69466778518887],[2.924979718909465,43.70722262668568],[2.9211070453325663,43.736113678075654],[2.876569254236284,43.740391576832444],[2.813673557986314,43.76171872931414],[2.787648251453773,43.75205159727044],[2.781560489408381,43.73708398417332],[2.7376382481956725,43.729149343592226],[2.7120947274866287,43.74265456414404],[2.681730402635996,43.74351491586531],[2.62921204804682,43.78033346795367],[2.5971439125173483,43.81904107424546],[2.564162540693876,43.84133108872312],[2.5653040807171466,43.86779348986836],[2.576682228818769,43.881724244386106],[2.5504866871867202,43.89654064032313],[2.556301019312927,43.918667347684455],[2.5377898856336207,43.93373704382359],[2.4993471763625212,43.950586257731224],[2.520624718664867,43.962390454422454],[2.5247925967526887,43.978086506867584],[2.502131799597772,43.985509672089385],[2.4827654912259214,44.02626238773467],[2.4634612069785837,44.034971712792114],[2.4600622206958023,44.05135361527231],[2.4102102719432614,44.05584863724648],[2.400758251634245,44.083536917635314],[2.3577385466562726,44.10155549627926],[2.3236392435181563,44.12468040684526],[2.2906506734219882,44.1246789196839],[2.2848803617727818,44.145334610005946],[2.2396498479355507,44.13445411470232],[2.2006096765756986,44.144878675424955],[2.2376135766415715,44.15862580829351],[2.206941568452062,44.17128000270773],[2.191149664017209,44.16226251594439],[2.1752849884595378,44.18101099006862],[2.1565521534572882,44.179860441662186],[2.1495172687755666,44.20027523558509],[2.103007805822088,44.19236177915484],[2.0593768473509186,44.17228332636406],[2.0273876177134555,44.16774670708074],[2.029696407495935,44.15703749613199],[1.990170712650344,44.149452563484346],[1.977057759324639,44.16258114075737],[1.976683004728593,44.17992355171282],[1.935140495123965,44.18136455834765],[1.903654339982968,44.19375585363767],[1.9049135238032417,44.210214643984514],[1.9430651280544025,44.247586110602526],[1.9594126927401139,44.241188828077995],[1.9704438024330744,44.276436279434016],[1.941087860705048,44.28241377562342],[1.901390505373501,44.27911646341682],[1.868779185952882,44.29203687124151],[1.880911316974408,44.30347685224885],[1.8594609109987437,44.320378858719295],[1.882082857535903,44.340065248844205],[1.9068426542084775,44.364872665176094],[1.8675016882668152,44.39806363608371],[1.8731857077141336,44.424139807111516],[1.8505304217987393,44.435510430042704],[1.8526882779181688,44.45921955120797],[1.83959954163412,44.475900168970036],[1.8615755393539462,44.48731998198506],[1.8799562054517298,44.48383493649415],[1.8902881654773012,44.50588875517498],[1.906117994440278,44.499870752169386],[1.9562304028473732,44.5184522370375],[1.9885498908449635,44.55118208825662],[2.020316538227445,44.55550186478567],[2.057369025284242,44.58290555966192],[2.083044956953958,44.58742511394722],[2.1052735405908587,44.5712308351366],[2.1268932861145236,44.57892133300102],[2.148458414466492,44.57058186258418],[2.169814750379143,44.5914152242936],[2.193605072158649,44.585919536206276],[2.207475285530841,44.61553167652982]]]}},{"type":"Feature","properties":{"code":"13","nom":"Bouches-du-Rhône"},"geometry":{"type":"Polygon","coordinates":[[[4.739060856654237,43.92405947349057],[4.82173604983078,43.912827836405015],[4.853093547765335,43.91138205123056],[4.885234592866442,43.90014657326699],[4.902319279838385,43.88793164631778],[4.925857913600155,43.886492676966505],[4.966309299927298,43.87164726913833],[4.996088984833567,43.846062979958205],[5.029533445304739,43.82779291313872],[5.0496564330787725,43.788726353015356],[5.173314396868251,43.7388086180006],[5.187972296540632,43.73510332278256],[5.229990308924739,43.74767288112555],[5.255713544202415,43.74655792640453],[5.31850282672,43.73502143195822],[5.341018959038618,43.719703701701896],[5.439245661034277,43.68110432174805],[5.532691768278144,43.658982498850435],[5.571561902428718,43.66192326389572],[5.6069435191164425,43.65868590516478],[5.647750486437068,43.675796002747234],[5.6740823773888085,43.69354548263312],[5.7173496269448085,43.6935266901868],[5.73694977606664,43.71600369956981],[5.753650891000443,43.72462222505303],[5.782188925366387,43.70688803457204],[5.803458345470844,43.67967259461735],[5.799061112603831,43.66051789095841],[5.744798262971254,43.65677840759107],[5.7002276041895055,43.64171580606343],[5.681084297973491,43.61251583703795],[5.691599302975247,43.58442798717338],[5.655965226280003,43.57740113848914],[5.6692574361600405,43.56473259595678],[5.695815693323289,43.5621406925523],[5.722822019697228,43.54816058741321],[5.716142493328895,43.50429675245373],[5.698802592390258,43.48217012690398],[5.729497620866793,43.4649455181253],[5.750365813842735,43.43483686058608],[5.786515741534922,43.41454030725915],[5.749995488821414,43.40151212758493],[5.724430347442292,43.408873853719896],[5.682787396731936,43.39915686931637],[5.694566647112354,43.364397692972155],[5.705025402908448,43.35591845372619],[5.686454243837883,43.34018809721801],[5.6805714198425825,43.320567749059826],[5.691040375926617,43.31296284082202],[5.726600840963344,43.317355354807546],[5.749842102092498,43.289268158207484],[5.760928945485899,43.26733799967126],[5.738053338597997,43.26234879905431],[5.683909137465821,43.23605829449104],[5.671875005699277,43.179268786904935],[5.6525556384849125,43.187314568389844],[5.624165815055896,43.18698295242608],[5.600902180940571,43.16254533545738],[5.569123854119204,43.17529448351615],[5.531324017717664,43.21204241023737],[5.510066083294413,43.19768970206163],[5.454401745873978,43.21064244401662],[5.391051995321294,43.21212758682465],[5.363644360087066,43.20712491164297],[5.340870058926049,43.21464053757704],[5.348353034439003,43.22982142946681],[5.372523588800765,43.24507767770401],[5.366241273279859,43.269297926805216],[5.345688435376646,43.282363417695436],[5.364413487886784,43.312140196877614],[5.323859848409952,43.356938601132626],[5.296471721324536,43.35955741603999],[5.2562520205440935,43.33727449020553],[5.221336413370384,43.32835884872525],[5.17747685717399,43.333615576923606],[5.168325223906977,43.32794092993499],[5.037907932778403,43.32902848885288],[5.019042287817556,43.34294363712429],[5.0242941885301615,43.355561006629124],[4.975887748495165,43.40225192419132],[4.967705599857734,43.42610491918481],[4.931381887869524,43.43315714427828],[4.906351069342989,43.41974182683961],[4.864258578677964,43.40622019800946],[4.848994405645509,43.374446367565824],[4.874828065516188,43.36049493579003],[4.855048529182453,43.3326166544088],[4.833031594688433,43.32986964122808],[4.783363102701897,43.347193829339595],[4.717738680923241,43.3503073199876],[4.661783095147221,43.34641234548359],[4.585804835779633,43.36006877534866],[4.562800334318894,43.37213670596142],[4.557428450695051,43.38832049746897],[4.587701900856666,43.40071206710059],[4.582043368583085,43.43056112720855],[4.562101794245088,43.4432502407157],[4.51635241260241,43.45471611364518],[4.465265329292432,43.45715551018595],[4.402200576777784,43.4472639920423],[4.382042207083344,43.452273928749435],[4.230283393392478,43.46018543272639],[4.239683975737728,43.499174558069626],[4.295851866824911,43.51453493286982],[4.353650066858599,43.54739365400947],[4.409349673740097,43.5611278006361],[4.425539875574249,43.5852225597615],[4.450257392496214,43.58355447784505],[4.475231595661822,43.60829885495057],[4.439746618135546,43.61067366667502],[4.427040425527008,43.62067740923795],[4.4542439312837825,43.66662787515181],[4.475496620134662,43.67109343801706],[4.487236861293796,43.6992377666192],[4.5369411541005595,43.70751108523803],[4.58188049548336,43.696373117975405],[4.5930322483013235,43.687462402972955],[4.627660521184518,43.69054089775907],[4.613036230103559,43.71429404725378],[4.613635008064088,43.72981961114202],[4.62998556436456,43.76267064663956],[4.6512411791496495,43.782277934314685],[4.654752667357286,43.80231435958277],[4.6424160670333485,43.83143872315902],[4.666304849946619,43.84477593971714],[4.641909591242105,43.86747754714164],[4.693327338994554,43.88497348729056],[4.723369654284791,43.90595389117946],[4.739060856654237,43.92405947349057]],[[5.0144531785530875,43.55554571631939],[5.015464900192831,43.52972333434815],[4.998556097992353,43.498104175449996],[5.004639838062898,43.470137499203474],[5.037984666608327,43.47064067048238],[5.051880922172624,43.463556640011085],[5.070394766791551,43.40020699537995],[5.11071277779588,43.40412626112347],[5.137265038622504,43.40018551794629],[5.1602333561876454,43.4110063529329],[5.191264875484891,43.43489873898378],[5.226134113683475,43.45256621293005],[5.222559549448171,43.48346583330456],[5.202793615675099,43.49117758927305],[5.1453160268384055,43.45857039791435],[5.102687329637665,43.526042982433104],[5.064332478397007,43.52783256560428],[5.046441178306793,43.52214136817413],[5.0330412390865265,43.5450648209435],[5.0144531785530875,43.55554571631939]]]}},{"type":"Feature","properties":{"code":"14","nom":"Calvados"},"geometry":{"type":"Polygon","coordinates":[[[-1.1196225402660513,49.3555679898469],[-1.0782173743324184,49.38849350541246],[-1.0302250793020893,49.38958141035263],[-0.9887106844575865,49.39741154140852],[-0.939384692333383,49.39504220855989],[-0.8754490370644941,49.36957076039473],[-0.8252067535670959,49.35753795654393],[-0.7222488013847815,49.347004165939666],[-0.647937711207899,49.3459781072392],[-0.5987386883749173,49.33981459321013],[-0.5532470677623611,49.34610161856534],[-0.5153140242090218,49.34501616988366],[-0.451962464076699,49.33549752432251],[-0.41484859816372344,49.33558104324266],[-0.36104180324658686,49.3228840274954],[-0.3025757588502727,49.298441925066236],[-0.22569330389903117,49.28181693021672],[-0.1696632231153101,49.28624405434959],[-0.09557631944627808,49.2981805995376],[-0.0005074304791027337,49.32556281264521],[0.07413515099973117,49.3651917979644],[0.11039331683077662,49.39427124874853],[0.1297510279522393,49.40298907653438],[0.17578018698541883,49.41235618373611],[0.21994001130961943,49.42676180478785],[0.2972244202906153,49.42986163728299],[0.30882332255488343,49.38786856245116],[0.30171362422988823,49.37130535987279],[0.32342800534930133,49.34064201714996],[0.31206679218437866,49.32225733229892],[0.32302317286212995,49.29699256482139],[0.3648958938390429,49.29519774636941],[0.3808108509605511,49.28238539554381],[0.382786744119418,49.26401647481274],[0.32113000687689647,49.24813594819387],[0.33741825014085014,49.23147819071951],[0.36654884147794087,49.21588212665217],[0.3947289759189785,49.20844416130579],[0.3858907764132056,49.15405567420366],[0.4267310809928099,49.146911914644164],[0.3997150635817522,49.10053337795652],[0.40780490572913114,49.07739021420981],[0.37935511955028134,49.06776772669734],[0.37767980975475124,49.04945033019971],[0.39019525565888735,49.03437482486719],[0.42590416560578637,49.031961024526844],[0.4462781902001329,49.014969905257644],[0.43394360004573646,49.00495438261333],[0.42880993562155445,48.96612177413988],[0.412814532889088,48.950626367694355],[0.40609491524831554,48.96346413266829],[0.37731004626458825,48.972554866896424],[0.3581085399804696,48.95050361041376],[0.3332314772821841,48.942781544583966],[0.3105016483200191,48.9525668734449],[0.28264019709882576,48.94899613116388],[0.27250168047082235,48.964655839870495],[0.24466232022740259,48.95878245595905],[0.24227175031800538,48.94434881189317],[0.18746286897648523,48.940627353263515],[0.1564748700538276,48.924787583562484],[0.12760760912750246,48.95221907078784],[0.09488679748726127,48.93579979818696],[0.07094503667266873,48.932121250285164],[0.05639799250068904,48.902464038657314],[0.008758124525063051,48.8910599383045],[-0.030666077085217337,48.8738778222776],[-0.0590064530019254,48.853491798472966],[-0.0850638956816069,48.84465033807136],[-0.1463430882060753,48.83444909949476],[-0.17671993891467938,48.83423079521249],[-0.26217897261037365,48.85359465583731],[-0.29452074618238994,48.85168192113505],[-0.3285204584539417,48.857599313600346],[-0.3267045002943942,48.840277412458356],[-0.3462445710154039,48.821999140746314],[-0.38621249067401003,48.8452588814631],[-0.4089756657265101,48.87089665763008],[-0.431252227536603,48.87431946705079],[-0.46875379913660753,48.86921416486376],[-0.4940452996821073,48.84857463029627],[-0.5445223814299559,48.8478900838751],[-0.6264394642029217,48.8268065097143],[-0.6935979640277244,48.8472307255334],[-0.7054998116130325,48.83677879901897],[-0.6821715230909893,48.821834119269546],[-0.7125565216024937,48.80069002566648],[-0.7806266616236817,48.78665142650693],[-0.8192734301255277,48.7541311066678],[-0.8409353560137922,48.75222016383323],[-0.870843068323719,48.755747083763815],[-0.9194507448733115,48.76990119354358],[-0.9510500649738302,48.78923788485761],[-1.0126842102843516,48.77178311290127],[-1.0374406727580494,48.78252947303227],[-1.0587344201065705,48.7733510406527],[-1.0894728333388959,48.781514884249376],[-1.1038400489666345,48.814802746543315],[-1.1537697728059082,48.822236045223256],[-1.1553820376155783,48.83646333089034],[-1.099957594999108,48.86805030812276],[-1.0711805139009567,48.87028515761762],[-1.049194217272288,48.89402994339517],[-1.0137402112544927,48.91595272397592],[-1.0226214673729113,48.927090137671044],[-0.9557321879384142,48.966234060803075],[-0.9427299538328557,48.967706984870034],[-0.9136451137312932,48.99096142683413],[-0.9061381953887807,49.006106279376766],[-0.8623508752010071,49.034658294620314],[-0.8845207940960534,49.03871404252527],[-0.8703864178242734,49.07831283220894],[-0.8799553096857228,49.088797685340666],[-0.8784554052403395,49.117103346563994],[-0.8865942987279166,49.12943404142505],[-0.9314412531318438,49.14557476084313],[-0.9373335821349595,49.16152234602555],[-0.895819782126535,49.19807825865292],[-0.9205699599745509,49.221065178841805],[-0.9754585570109295,49.19216218144188],[-1.03400192072734,49.218462649963996],[-1.0787006256545217,49.23459214406213],[-1.124678305514618,49.26791880332945],[-1.1215034590044193,49.28156614073767],[-1.1400966460602808,49.2973935275135],[-1.1395424010513058,49.30987085975071],[-1.1134631010458858,49.32794637083092],[-1.1196225402660513,49.3555679898469]]]}},{"type":"Feature","properties":{"code":"15","nom":"Cantal"},"geometry":{"type":"Polygon","coordinates":[[[2.508408697113082,45.47849879874483],[2.5437058143512723,45.47758527668323],[2.590384711197607,45.45005773186534],[2.6396930053973264,45.44570657455579],[2.663390372512316,45.43416415509558],[2.6764584284787265,45.43907413938682],[2.6871186111491756,45.40629147061533],[2.714857227145231,45.38155782083131],[2.742824191956514,45.393286416958404],[2.7635223964556954,45.38562409648569],[2.8012313498513737,45.39285594883326],[2.851739807542808,45.392294826301445],[2.8677277513750035,45.376079673109146],[2.8863031117541533,45.382961505858326],[2.9207131825210073,45.36542334907543],[2.931754110661835,45.33059235323827],[2.9495692996597285,45.30885613298761],[2.967346132390612,45.307097870959936],[3.0183045953290004,45.2870664026082],[3.021790178296388,45.29536780296733],[3.058569686824016,45.30656505249262],[3.060267266954517,45.33058792846881],[3.081709261400673,45.33620210714899],[3.1034981328800555,45.35437310008832],[3.1134170784877164,45.32717903792977],[3.0999431470714955,45.316251503364],[3.1179979977042014,45.284187297622225],[3.1595874385219407,45.29128516779879],[3.167616208952322,45.280135013197906],[3.2125769046776993,45.28063487720399],[3.228040568209475,45.26635049790692],[3.220952339250761,45.244178044330745],[3.239572097735146,45.21694671205992],[3.27247945333649,45.20918164911843],[3.2606073460103326,45.17094202255946],[3.2880332175079103,45.12042440957931],[3.3013685993945794,45.12408985771677],[3.3340673163073404,45.11112985018295],[3.3142746780569206,45.08502161586657],[3.300037167089146,45.05612205325275],[3.3002890808475738,45.03204489436342],[3.3114877307075306,45.02276714381717],[3.337173969362221,45.02533946243554],[3.349918646764341,45.00260138512903],[3.34795071948085,44.97386741391429],[3.3613425807398936,44.97141170967897],[3.337948402304469,44.955908780382266],[3.2989394542854322,44.938607376229236],[3.286022962312807,44.92637841429803],[3.243812024502196,44.933528843936465],[3.2496925236752454,44.916237893044965],[3.2290980359662727,44.90925048112522],[3.2366483203775314,44.88797735233407],[3.215966948855477,44.8750364950506],[3.182311971252496,44.863734531317185],[3.166012315445439,44.874339110434526],[3.1411028663826848,44.903319692595886],[3.1054983095640436,44.886774803102355],[3.0936395044401266,44.853715932362164],[3.0994768968798603,44.833588418089676],[3.071476757431392,44.834123173435586],[3.048093761431216,44.80425398591603],[3.0479974143057897,44.765468479023006],[3.0310795010084504,44.74941305751071],[3.028593384774951,44.73000325460999],[3.0160096767820934,44.713692453685596],[2.981676986530433,44.6446766126243],[2.973000483295105,44.64571914667694],[2.942968011895008,44.676956264041884],[2.9250598501117997,44.72712765384178],[2.9347898343981527,44.744014418025785],[2.920800098992959,44.76572967096113],[2.9345215070232764,44.779198272865976],[2.9201908650803254,44.79430517818069],[2.893463810454271,44.78634192775854],[2.8795722036394493,44.80301061014631],[2.8704061890716517,44.82942482057374],[2.855294234485589,44.85122120013259],[2.8596787274829483,44.87446457937794],[2.813504204128073,44.86939072862634],[2.8019551055054883,44.87362935290199],[2.7727032477846745,44.85554848858922],[2.778335607948137,44.88772015360108],[2.773539092637797,44.915090188600416],[2.756446447848751,44.932385951522065],[2.731011702023176,44.936748096176],[2.716460244119946,44.929058850326676],[2.7064349149756604,44.907226122164595],[2.681297551065327,44.907390957815316],[2.657758465796855,44.886441699351096],[2.6490608273773533,44.86973105802406],[2.6239346066524707,44.86692074581927],[2.6026810523917403,44.84316760837642],[2.611613330896067,44.83068448570257],[2.596849860721244,44.81984577665913],[2.5993575445949,44.79280887269849],[2.565243660905042,44.77818509002242],[2.5544884354514226,44.739644683596104],[2.5581520749956534,44.7235077650761],[2.5008854718716496,44.690412284300194],[2.4831925395759007,44.65033992053267],[2.4521623511235817,44.648218952798366],[2.4350033478315978,44.63887764359622],[2.3819999953795703,44.650883200245765],[2.366001494633773,44.64133953238094],[2.3327774512659527,44.65061525218626],[2.326785795750648,44.66969245597246],[2.2910316971198657,44.666588146931176],[2.2508940048769053,44.651891647919456],[2.228626493841591,44.655105785064215],[2.208413991565611,44.64384410168341],[2.207475285530841,44.61553167652982],[2.1694177928364127,44.63806619142595],[2.164998532757633,44.66315186421785],[2.1791523387104577,44.6744488247748],[2.1526517256816478,44.69982758494574],[2.1473467852230246,44.720872889725285],[2.1534919160094748,44.753107579025226],[2.1669553074507704,44.773143530159075],[2.166838986075325,44.81171436877482],[2.1398005030167444,44.82382515219366],[2.093387343737472,44.872914160665985],[2.0864964046718506,44.90108537322011],[2.1081096992344133,44.91064323067309],[2.0786199838878985,44.93249880393721],[2.080180633811985,44.95404979923148],[2.0629142919730623,44.9765064055156],[2.0938020877139607,44.98529837433936],[2.1329789677394575,44.98552052019744],[2.140647790386873,45.005857628345254],[2.116811790903016,45.02111348728891],[2.09515947189117,45.056029885039536],[2.140183835372406,45.08652439641992],[2.1717556853734434,45.08149587397562],[2.1880924247036915,45.117940072442366],[2.18170890180253,45.13265183027654],[2.207633764509611,45.14349133970101],[2.207977370989871,45.1587474845356],[2.1901243496543654,45.20505624696943],[2.204634111796817,45.22819449662118],[2.2387798021685046,45.260353986844294],[2.2585645529210967,45.270221039449574],[2.268987098125343,45.2893886939803],[2.287418644336649,45.28656307930596],[2.3177410847351756,45.32296013589262],[2.350492100523935,45.32756729305109],[2.3513449070267884,45.348607328275094],[2.3647879506791765,45.35792327432974],[2.3693560338624287,45.38650326050192],[2.354551202894122,45.40140299938709],[2.378246243484016,45.414305790766434],[2.3982932489236073,45.40016956610219],[2.422673701160617,45.397227168836935],[2.4463304633628185,45.38326310881528],[2.485765402150312,45.37894867689509],[2.5233092448704975,45.384373430857245],[2.525650073736618,45.394585673379005],[2.487538059249189,45.41816337489308],[2.5067704454060635,45.46406590539498],[2.508408697113082,45.47849879874483]]]}},{"type":"Feature","properties":{"code":"16","nom":"Charente"},"geometry":{"type":"Polygon","coordinates":[[[-0.10293687953014707,45.969659985237946],[-0.041431040823060886,45.993479981490964],[-0.04551950280367589,46.02062123975871],[-0.02144724431586948,46.02887152321493],[-0.031995293425440136,46.05592180291526],[0.01927278461702518,46.05284782935696],[0.07297225926176307,46.09389590958497],[0.09965289984710943,46.092923144255636],[0.13568666816811367,46.104047924067046],[0.17785565005004553,46.08330780134647],[0.1973535052161626,46.09555004152969],[0.21971869883786393,46.09431625215903],[0.2522183041176724,46.07997966029883],[0.2798061440667491,46.060966262312725],[0.39105268436192897,46.066346526515616],[0.4132869508404128,46.04908867462494],[0.4450902027032336,46.05080094878019],[0.46914195555876237,46.06154823906217],[0.47596150384778746,46.08270140200688],[0.444533894881436,46.09115151319632],[0.44325878141139535,46.10157393893125],[0.49249803098282,46.1359535013665],[0.5381620342712992,46.095338949157004],[0.5646140785657598,46.089594364695195],[0.5749744983104493,46.07899630556071],[0.6060084175300469,46.077142007163026],[0.6086469693380949,46.0896841812107],[0.6874528960648788,46.09725460634645],[0.684060820103776,46.11934698105583],[0.710577167789481,46.13088444115974],[0.7469045366399735,46.13857472178201],[0.7801581669353024,46.13213998977384],[0.8095104050353692,46.13820512038027],[0.8234337839605995,46.128581728488264],[0.8152372244416768,46.11576760044673],[0.833691291703567,46.10635630894394],[0.8188984576633332,46.07740847428548],[0.8269002995768702,46.06393247093984],[0.8179096763959527,46.047878116483695],[0.851093282263786,46.03464824766331],[0.8670363318108323,46.01842834189512],[0.8940345525336028,46.02314912814255],[0.9256254984735036,46.01045396377162],[0.9425919960124763,45.95743607843122],[0.9227140883044904,45.95301038798378],[0.8847207937372841,45.923723788266166],[0.8594760522394275,45.917997097288996],[0.8222125888611419,45.93208646787984],[0.8133141897835577,45.89867390107227],[0.8273731927551746,45.882747942075014],[0.7979907883874932,45.83267807863906],[0.7822321483214059,45.8210820958808],[0.7721413751783613,45.78762409365665],[0.7470964755206753,45.80309000421788],[0.716439805978218,45.80561793866404],[0.7079458275965803,45.79550918085823],[0.714888400126834,45.76311968057406],[0.6884232598945583,45.7604002541581],[0.6525242742739024,45.7404698575335],[0.6454223576561761,45.717511285932694],[0.6297424639524398,45.71456998977268],[0.5988182940413804,45.67062696828461],[0.5678112654431465,45.6510243172179],[0.5612176923905663,45.63273730287464],[0.5355449863742777,45.63336713201865],[0.49986594015823305,45.616678558714106],[0.5155919010618789,45.600377918791985],[0.5007291724346205,45.57307480085136],[0.506492513438957,45.55388701893163],[0.4962604525540854,45.5444880543905],[0.46573672024377105,45.539623254776004],[0.4327895064931416,45.5024678675343],[0.356537146854989,45.465479098992546],[0.3078489404274546,45.46087036559335],[0.2943995470605675,45.434183799907565],[0.2781514641521634,45.427303344509845],[0.25007284811879654,45.371801187374246],[0.26498472290743125,45.334216796479616],[0.26971965078434545,45.30539294080847],[0.24739630895607334,45.289484009049765],[0.22141736394530237,45.290328116659495],[0.20441616387648323,45.26359520741223],[0.17763742117729522,45.253740934302506],[0.17055210372198007,45.23701026486455],[0.13030604926862757,45.20798900287554],[0.09619541225687946,45.2278578556264],[0.07573321487779969,45.2202598278516],[0.05343044144838288,45.226854975561835],[0.034845860697314227,45.20874744152009],[0.007749483713343667,45.20202343974376],[0.004330746876933936,45.191632555616],[0.006062958572826905,45.22015279177819],[-0.03627702144250208,45.23721166979442],[-0.04010907570871097,45.24667707840673],[-0.10906395793417734,45.247266549806895],[-0.1087860702850694,45.28895157818026],[-0.13794822595131936,45.29287694608038],[-0.16425879921098446,45.30698659601025],[-0.19638538280111967,45.30512678463863],[-0.2304752800698138,45.31446591115923],[-0.27347921783680357,45.30225684007141],[-0.2887417673079189,45.32910703740514],[-0.27790666612822756,45.34775584650338],[-0.2502965305794111,45.34134241625847],[-0.2482719674169436,45.35898378387085],[-0.2710919492630416,45.35814803088122],[-0.3098053879026185,45.37371901040736],[-0.2781611552168728,45.39872175654272],[-0.2497593835924429,45.40874172938639],[-0.24726501108038862,45.43547210812303],[-0.274151582312151,45.45858172430254],[-0.2581005042557833,45.487311820539006],[-0.2661516568578383,45.52506493490806],[-0.31837852151865353,45.53478119461178],[-0.29701667106996404,45.56395328480815],[-0.3076248492964586,45.57358242489813],[-0.3759196531282934,45.60891920266452],[-0.3888323806150822,45.62624147062642],[-0.41648688699637426,45.6172478354152],[-0.4319955290656746,45.62459912844279],[-0.40948414912562175,45.655586235131814],[-0.3825326157519499,45.65979752940899],[-0.41054144795526276,45.683378056997135],[-0.42212116254330756,45.709462720761486],[-0.41583863552489936,45.74166865754332],[-0.4600101800616985,45.73927564322733],[-0.44933397454634766,45.766003399915384],[-0.427307558287169,45.76407021646179],[-0.40217992031623706,45.77301526864364],[-0.40039322122148663,45.78667015344287],[-0.36589154278993163,45.78031423872061],[-0.321290979962916,45.784502531866984],[-0.28882255929425316,45.80646253937032],[-0.23872379555383658,45.803035801655675],[-0.2217452863431161,45.77574564408542],[-0.1910086919293196,45.78989453197688],[-0.15385968642880263,45.798527391499896],[-0.13587796182859485,45.819927442683884],[-0.14022309999885124,45.836487921992216],[-0.12195942560335456,45.84980039051254],[-0.1309530378458796,45.891006636407646],[-0.14718187106945502,45.899027240817475],[-0.1511348530364158,45.92662031190935],[-0.09830097999956097,45.935064274902494],[-0.08645413551898633,45.9499872925985],[-0.10293687953014707,45.969659985237946]]]}},{"type":"Feature","properties":{"code":"17","nom":"Charente-Maritime"},"geometry":{"type":"MultiPolygon","coordinates":[[[[-1.480898348211929,46.2100267884653],[-1.452799954013917,46.22858353814146],[-1.4248278365736362,46.230280238461035],[-1.4292326256174668,46.20585656630679],[-1.4042027932626455,46.203131886247114],[-1.3638933239111162,46.207474144095954],[-1.3213499204648875,46.18719464428664],[-1.291072648374255,46.18623232562308],[-1.2742372605064982,46.16016465893632],[-1.2761642167791498,46.147268374273345],[-1.304766457841924,46.142877408591225],[-1.3549590855946718,46.15588808122244],[-1.3915343175644146,46.17716118562189],[-1.4615984066336871,46.20211883930828],[-1.505921143547151,46.19409180605493],[-1.5323803406624759,46.20228421663419],[-1.5614104742796462,46.23718363975149],[-1.512781433271758,46.25812876418649],[-1.4893987036886658,46.25333602134092],[-1.4745470314360585,46.233258264796085],[-1.51271490129458,46.2223238746143],[-1.480898348211929,46.2100267884653]]],[[[-1.129404177492153,46.31027691915601],[-1.0807261526640515,46.32142762319264],[-1.0525280096214227,46.34254164468142],[-1.013807240115001,46.35562475996166],[-0.9774473324091834,46.35111139719007],[-0.9645133582944424,46.3654018117805],[-0.9318397064952478,46.3658034260157],[-0.9441603850496662,46.33604884873509],[-0.9617714534617725,46.323112713720874],[-0.9348886609093259,46.31285600461673],[-0.9047974021645193,46.31381080962026],[-0.8876799965820683,46.32632425572865],[-0.8509360179567931,46.31718679438478],[-0.839878203866059,46.340369117324364],[-0.8090890487729437,46.33843674064563],[-0.8024766924625577,46.325152925140934],[-0.7504755422947275,46.30425879436195],[-0.7498018188117581,46.28684613695955],[-0.7358896726556473,46.26687597846039],[-0.751461997484196,46.24507022173624],[-0.690715475013079,46.2192025056982],[-0.6848825769982527,46.2004519742498],[-0.6553901462423457,46.16995289669758],[-0.6284055467115421,46.16098350805028],[-0.6199574101252711,46.137752754570535],[-0.5469968076890201,46.14422952781575],[-0.5331548006606286,46.139721552287604],[-0.49096917294552705,46.10827096658701],[-0.42250549768348417,46.093907520969715],[-0.4014506800441788,46.08424772978497],[-0.3719662136104232,46.09346535716146],[-0.36273280893098575,46.07554208376435],[-0.331053750782718,46.08255183868407],[-0.28173430941987637,46.07975377766763],[-0.2730277009301873,46.05731156087075],[-0.2129646707291253,46.04409636271024],[-0.19462930058574468,46.044380369324465],[-0.18913173505260444,46.026141171108804],[-0.1614029897771452,46.034632694780214],[-0.16338440604219345,46.010154472823466],[-0.13816141787435107,45.99651797265895],[-0.13686284675087984,45.97896246180592],[-0.10293687953014707,45.969659985237946],[-0.08645413551898633,45.9499872925985],[-0.09830097999956097,45.935064274902494],[-0.1511348530364158,45.92662031190935],[-0.14718187106945502,45.899027240817475],[-0.1309530378458796,45.891006636407646],[-0.12195942560335456,45.84980039051254],[-0.14022309999885124,45.836487921992216],[-0.13587796182859485,45.819927442683884],[-0.15385968642880263,45.798527391499896],[-0.1910086919293196,45.78989453197688],[-0.2217452863431161,45.77574564408542],[-0.23872379555383658,45.803035801655675],[-0.28882255929425316,45.80646253937032],[-0.321290979962916,45.784502531866984],[-0.36589154278993163,45.78031423872061],[-0.40039322122148663,45.78667015344287],[-0.40217992031623706,45.77301526864364],[-0.427307558287169,45.76407021646179],[-0.44933397454634766,45.766003399915384],[-0.4600101800616985,45.73927564322733],[-0.41583863552489936,45.74166865754332],[-0.42212116254330756,45.709462720761486],[-0.41054144795526276,45.683378056997135],[-0.3825326157519499,45.65979752940899],[-0.40948414912562175,45.655586235131814],[-0.4319955290656746,45.62459912844279],[-0.41648688699637426,45.6172478354152],[-0.3888323806150822,45.62624147062642],[-0.3759196531282934,45.60891920266452],[-0.3076248492964586,45.57358242489813],[-0.29701667106996404,45.56395328480815],[-0.31837852151865353,45.53478119461178],[-0.2661516568578383,45.52506493490806],[-0.2581005042557833,45.487311820539006],[-0.274151582312151,45.45858172430254],[-0.24726501108038862,45.43547210812303],[-0.2497593835924429,45.40874172938639],[-0.2781611552168728,45.39872175654272],[-0.3098053879026185,45.37371901040736],[-0.2710919492630416,45.35814803088122],[-0.2482719674169436,45.35898378387085],[-0.2502965305794111,45.34134241625847],[-0.27790666612822756,45.34775584650338],[-0.2887417673079189,45.32910703740514],[-0.27347921783680357,45.30225684007141],[-0.2304752800698138,45.31446591115923],[-0.19638538280111967,45.30512678463863],[-0.16425879921098446,45.30698659601025],[-0.13794822595131936,45.29287694608038],[-0.1087860702850694,45.28895157818026],[-0.10906395793417734,45.247266549806895],[-0.04010907570871097,45.24667707840673],[-0.03627702144250208,45.23721166979442],[0.006062958572826905,45.22015279177819],[0.004330746876933936,45.191632555616],[-0.017366400658601018,45.16986388363175],[0.004720897151709058,45.153735338120526],[-0.03705116480547907,45.139026589692236],[-0.029231978204044492,45.129832110551455],[-0.04020033978963981,45.102384335963414],[-0.06357364725413155,45.09914913207582],[-0.0877028308704419,45.121388836286684],[-0.11493018897120878,45.11390010810251],[-0.13063644905467223,45.096672426969135],[-0.15295329411286412,45.08880721589072],[-0.18919958385014424,45.094461907846785],[-0.21824686420972253,45.10643197473333],[-0.246841022219567,45.108630449000074],[-0.2753589385784497,45.14140091335047],[-0.32063912086288726,45.156166213658715],[-0.3383605974453927,45.16688438562319],[-0.36355979846534786,45.17026408300375],[-0.3797037928837214,45.155347363684704],[-0.3971235767306027,45.1703375875983],[-0.4028499593466693,45.19049531934403],[-0.42076715723359287,45.20853163878696],[-0.40842823644582854,45.247807627855394],[-0.41542471256519675,45.269332661912166],[-0.4405443881756486,45.283811947310674],[-0.4862106750078733,45.293564321887025],[-0.5135928628951079,45.286334723467014],[-0.5706388485277301,45.299823114254885],[-0.5689666025873613,45.331523297246314],[-0.5944806728104985,45.32114282458838],[-0.6443063251392437,45.322045380590644],[-0.7188015186962935,45.327417794908314],[-0.7343347321102192,45.36884494436805],[-0.7562352245467074,45.40604611670738],[-0.80169109465095,45.45953126528613],[-0.8475465516286703,45.498824518200884],[-0.932316123312143,45.54789787336011],[-0.9628798253628926,45.556849245805736],[-0.9930029744215878,45.577177846519746],[-0.9936529509869637,45.59759467612667],[-1.0096306936697144,45.61143397047428],[-1.048858991717686,45.62029782357388],[-1.0793992219196582,45.63891363152395],[-1.115849451052298,45.64698132790749],[-1.1572864520673638,45.67180600119212],[-1.2093191311554552,45.69669910148998],[-1.2372284214926077,45.705896325440406],[-1.242573859956351,45.78157155553533],[-1.2089596448071276,45.79575377598853],[-1.1919992992402317,45.789369778069705],[-1.1320926009958303,45.80492633100206],[-1.1567411951530595,45.843048006693174],[-1.1531897443954855,45.862358720066815],[-1.12508329313857,45.857239254856815],[-1.1008903749589125,45.8722142424053],[-1.073790649268033,45.91423100527249],[-1.076862108697286,45.93669868392043],[-1.0643196475545222,45.94990908084704],[-1.0989490769387045,45.9905075513321],[-1.063082715866709,45.994433695794925],[-1.0526867952056995,46.01118088641005],[-1.0659492083794007,46.04982057557596],[-1.0888412421853944,46.05394710352535],[-1.1007267291374074,46.0937967969596],[-1.115052359847052,46.102322009862235],[-1.1291048559783758,46.12696926808778],[-1.172930125682221,46.139288837035025],[-1.17838828047269,46.15320939498865],[-1.2069336546191891,46.14576152143465],[-1.2238754783330186,46.16594526939377],[-1.1993266738882897,46.19432347775986],[-1.1989980101944606,46.21324548926301],[-1.1713483210745752,46.224056686747986],[-1.142844564296712,46.24398123047849],[-1.1403935362784305,46.25401646783765],[-1.1111638836886615,46.26134367831711],[-1.129404177492153,46.31027691915601]]],[[[-1.2502650081123046,45.84596775720191],[-1.2661507817954059,45.87816722390549],[-1.2933471382934498,45.899934788461366],[-1.3509508565890673,45.925039501714764],[-1.3887645184362025,45.95729909880382],[-1.3957821008857574,45.97683206273166],[-1.3870942851170687,45.99716404793514],[-1.413432285361357,46.046862918263024],[-1.372321963715323,46.03953755029626],[-1.3720837750990353,46.03215138125187],[-1.3066241810278874,45.991100878140536],[-1.2479234576289204,45.99041558337047],[-1.2360342002122477,45.98151867282109],[-1.242081784028376,45.95745770989403],[-1.2297921718619493,45.944255904034705],[-1.2337694138608575,45.92706325654276],[-1.2235753245301957,45.913106247354165],[-1.1884202462514732,45.88674852902471],[-1.2077074089433684,45.850339612800624],[-1.1956193786522455,45.82969725881441],[-1.2318524848434387,45.80176865563872],[-1.245660163728763,45.82135973906916],[-1.2502650081123046,45.84596775720191]]]]}},{"type":"Feature","properties":{"code":"18","nom":"Cher"},"geometry":{"type":"Polygon","coordinates":[[[2.2392136309887465,47.62097830786331],[2.289632282146918,47.62905507196624],[2.3249512144551785,47.60757115362496],[2.3424427416844122,47.60527658931115],[2.3730210260695963,47.585524572377516],[2.402680868810648,47.599506360587185],[2.439400020099367,47.60949994575173],[2.475044546159242,47.579880080920134],[2.4991330263197966,47.56751893993049],[2.547268117212732,47.57517784121953],[2.5729159948690103,47.560017104315655],[2.596866741027346,47.5564207348813],[2.616737946714408,47.54089713523513],[2.612017744333409,47.52638001278611],[2.6558708896887775,47.51039583983229],[2.658459112358834,47.48789924166263],[2.684437897133784,47.482967548570784],[2.716060360099423,47.48953015835246],[2.7274074958054517,47.498891999551546],[2.722269834213415,47.52137488790703],[2.7671158140580423,47.52510072819235],[2.7848278000315037,47.51590818527616],[2.7968724826242704,47.49670238161028],[2.8253483178196612,47.49720762944185],[2.8346896177800054,47.50891434033172],[2.8746252064056805,47.52042311253978],[2.8884546532335578,47.5094282811585],[2.9026727758043678,47.4787904760825],[2.931175112801269,47.441669509538606],[2.9194707204649397,47.407274676600125],[2.8734906167112504,47.34839595881793],[2.8767969741076427,47.321752773704915],[2.9077684884182546,47.31098769398195],[2.9378686076548557,47.287718487007425],[2.9834041014118906,47.25976318037284],[2.9816846477683376,47.22199695723395],[3.0092825607816684,47.17991916254789],[3.0280852399597813,47.129067685143],[3.0313750673889857,47.09247842625923],[3.0232152406674615,47.06261687352466],[3.0627479524794685,47.04527994600743],[3.0757508386893258,47.019144570799824],[3.0628630913516144,46.98581276267424],[3.0793297925031697,46.955118753700084],[3.0502941730720203,46.9106303658982],[3.0680947893123323,46.877676731330354],[3.069533804251037,46.85306859289044],[3.059347134977098,46.82726033600817],[3.0320681893946824,46.794911188525944],[2.9599146908207157,46.8038765767733],[2.9081337416117115,46.78790090388258],[2.9097996708207035,46.77934846021115],[2.827616388160227,46.73528787880108],[2.791229376607484,46.73345369143159],[2.758717331696372,46.71770479874165],[2.737293702840373,46.74315745422507],[2.7144961054529793,46.74448968334189],[2.701686181879871,46.72775447664072],[2.647884573027338,46.688911012473135],[2.623913816878901,46.656626585968894],[2.5977652900203827,46.66465075679083],[2.5721840644866165,46.65944372206644],[2.5966478252098466,46.637219569816494],[2.577951915975513,46.60379087601659],[2.6011237640888596,46.590178123200815],[2.6098613959683155,46.55013821923558],[2.536652020779054,46.51969984591659],[2.5286102816734966,46.52948202499876],[2.4991214173027565,46.52128856511456],[2.482928804775826,46.532697444644036],[2.4454932330861086,46.520050656829746],[2.368300280591156,46.518434763382956],[2.3520035556502914,46.512211347274814],[2.3054653620681904,46.47543251470377],[2.2857578150118907,46.45351915029325],[2.2810476101300576,46.42040537318101],[2.2498713444180876,46.426364231750945],[2.2138451955651943,46.423141210473545],[2.1975702533853765,46.42829596011364],[2.1677857181383846,46.42406650081809],[2.154348029342259,46.43408051549606],[2.1565419224007676,46.46152623851912],[2.193160461276067,46.47025540007179],[2.2043972607989812,46.48439997524806],[2.1810826759773936,46.52903506403956],[2.158700190947214,46.557346281682186],[2.1732125948301104,46.56618677203497],[2.1671454437331246,46.588979151612705],[2.187486147291389,46.61672498199302],[2.1894467123408132,46.64214127258008],[2.138670574914567,46.66743461292721],[2.1554479927780568,46.69216020128774],[2.111303456191762,46.71160114289773],[2.065751312591214,46.742494802064904],[2.0929846391107216,46.75496838536534],[2.116649522348319,46.779717208437596],[2.1032165162358063,46.79543413838327],[2.072503508712849,46.808814332303335],[2.048810332345124,46.82944826814363],[2.0782472483795438,46.83892644966574],[2.106948767251103,46.87213575040175],[2.1390397070573326,46.888569836472456],[2.154834385411464,46.91162948370054],[2.1460169903433157,46.91750721360478],[2.109999619994995,46.91338987501182],[2.0706986163554206,46.93399643786306],[2.0702028641356307,46.95442291025531],[2.1088559092730397,46.99719111950124],[2.0933838995940373,47.01573583572996],[2.0297138722809316,47.04747052812152],[2.05567516887427,47.07168995789588],[2.0483747223375235,47.10602450452247],[2.024534600265164,47.104448294258844],[1.9966600854821617,47.12699833408193],[1.9664139793909294,47.12541751372791],[1.9184124209566409,47.10482799182933],[1.882721849834433,47.1019495456428],[1.8488587784887625,47.10936986097168],[1.8226530300255424,47.122071863013495],[1.793670861418607,47.12090886272082],[1.7776202085696244,47.13240064713366],[1.8100544192382355,47.15615809030652],[1.8234729723307537,47.173942852701636],[1.8422371270362656,47.17758044921177],[1.8390792420529518,47.219308157716554],[1.8554824505856486,47.22040769184943],[1.8730051860601082,47.20531826355262],[1.9038108872203174,47.21524765964095],[1.9165941784807092,47.23598592691221],[1.8947687643612021,47.25466020007403],[1.9214647164538976,47.26271748785687],[1.940816059215001,47.29013078285961],[1.998492852908483,47.264047399335425],[2.03110991609486,47.269807386211056],[2.0772893478221053,47.285804260444245],[2.111689632581936,47.279437465410155],[2.1389909561599825,47.28548622024678],[2.1515587241969385,47.310723959822234],[2.128211459230398,47.331734733954534],[2.103653119991459,47.39321656330969],[2.1170302440572,47.41010870128665],[2.1428436560395734,47.40889739927532],[2.1886360612239333,47.43774542166242],[2.2052259819019713,47.40525327924356],[2.24369191507804,47.414818238040475],[2.2478944881999485,47.44140228778668],[2.2369731533510286,47.4712635208768],[2.247745015297621,47.491732324776784],[2.2178746796449196,47.495343490555165],[2.2152905780056495,47.52210707630713],[2.1956362774138967,47.54857375639977],[2.131269305993213,47.550272515078134],[2.1195753203342678,47.58295161292573],[2.1537378905390843,47.60082068488091],[2.1979481169523365,47.607172865315],[2.2392136309887465,47.62097830786331]]]}},{"type":"Feature","properties":{"code":"19","nom":"Corrèze"},"geometry":{"type":"Polygon","coordinates":[[[1.898730779182943,45.69827755120411],[1.915517948219608,45.71125548778204],[1.9417142236595262,45.711351415159655],[1.9565786180296985,45.7247553300422],[1.988528308650944,45.72135422054224],[2.0015199455968986,45.7487930104446],[2.0356658672821046,45.75505181598863],[2.0839036779216125,45.7460341651736],[2.1135454727593443,45.72477506502512],[2.1338092129271105,45.735432891151106],[2.1609119774740395,45.73583595403904],[2.182986086625649,45.72061691902859],[2.202325950043259,45.71857614165799],[2.1939584682323856,45.69904710388085],[2.271074402972525,45.69164773075567],[2.2733519532781403,45.664007418292094],[2.3059428488736584,45.674659005456235],[2.3209438982497623,45.668590909995366],[2.3401720745484034,45.682564129551814],[2.351695193492091,45.71006973438515],[2.410248662063398,45.709634900959585],[2.4358558482207813,45.69927506144423],[2.4921255582417543,45.73767009540705],[2.5210064489111423,45.70681016156742],[2.526510829142244,45.68539249032416],[2.5125929116065997,45.6697634761611],[2.5249409687054394,45.65723626708714],[2.517544011548676,45.639591069896426],[2.483386743242332,45.639304413699904],[2.4784319627002147,45.60790817567205],[2.4639202998517407,45.594746716951256],[2.490928563504916,45.5603922863538],[2.516332317304299,45.55342661392312],[2.516808004227086,45.52382961392976],[2.508408697113082,45.47849879874483],[2.5067704454060635,45.46406590539498],[2.487538059249189,45.41816337489308],[2.525650073736618,45.394585673379005],[2.5233092448704975,45.384373430857245],[2.485765402150312,45.37894867689509],[2.4463304633628185,45.38326310881528],[2.422673701160617,45.397227168836935],[2.3982932489236073,45.40016956610219],[2.378246243484016,45.414305790766434],[2.354551202894122,45.40140299938709],[2.3693560338624287,45.38650326050192],[2.3647879506791765,45.35792327432974],[2.3513449070267884,45.348607328275094],[2.350492100523935,45.32756729305109],[2.3177410847351756,45.32296013589262],[2.287418644336649,45.28656307930596],[2.268987098125343,45.2893886939803],[2.2585645529210967,45.270221039449574],[2.2387798021685046,45.260353986844294],[2.204634111796817,45.22819449662118],[2.1901243496543654,45.20505624696943],[2.207977370989871,45.1587474845356],[2.207633764509611,45.14349133970101],[2.18170890180253,45.13265183027654],[2.1880924247036915,45.117940072442366],[2.1717556853734434,45.08149587397562],[2.140183835372406,45.08652439641992],[2.09515947189117,45.056029885039536],[2.116811790903016,45.02111348728891],[2.140647790386873,45.005857628345254],[2.1329789677394575,44.98552052019744],[2.0938020877139607,44.98529837433936],[2.0629142919730623,44.9765064055156],[2.045437777493513,44.98366934976922],[1.9816624813968071,44.97286584256669],[1.9407191588474306,44.95514088145865],[1.9390707704475676,44.9732241453493],[1.9081561620078975,44.97842677184467],[1.8862717368855733,44.95606762209103],[1.8311741137699509,44.945489022453565],[1.8239145263410468,44.92768244845694],[1.787069584525844,44.93223900793819],[1.7746083879446204,44.92353891590074],[1.753916747572787,44.94094903140229],[1.7506251087427585,44.95495947953577],[1.711027619735059,44.967294403504056],[1.7026624491356241,44.98782737758246],[1.671411146688222,45.00429795565169],[1.6509837683346409,45.02501608647879],[1.6260183242774706,45.03386004522471],[1.5763138744588663,45.04070102069764],[1.5520395032539256,45.028473972211486],[1.540647783113957,45.04603881243799],[1.4837421057409195,45.03086980932878],[1.4763205638048942,45.01844899314434],[1.4482615439322117,45.01931315867405],[1.3998064471929033,45.06159332248495],[1.4063598793620342,45.069297115006954],[1.3864424774272137,45.102881378523996],[1.4094740420968277,45.11264145564816],[1.4128982767653495,45.12508229172991],[1.3852045692932187,45.13561794853778],[1.3521193591746319,45.13399031293482],[1.3173936647057205,45.1421087376802],[1.2899337103990007,45.14204241946589],[1.2547674981005628,45.15931225123928],[1.2853426192045976,45.17595247253618],[1.292124890237363,45.18651272307218],[1.2741303261002948,45.200069727068225],[1.2322937564526977,45.197704072069364],[1.2336078544796087,45.2221954421389],[1.2745146719905638,45.23791148068256],[1.2744827002548649,45.257076684850865],[1.2545821687088141,45.254867349405984],[1.2271194403372112,45.271979970998935],[1.2415605436420754,45.30063281308439],[1.235803372736093,45.3220410364473],[1.2726101443911217,45.32822630817563],[1.2891042257150067,45.35407630580714],[1.3157869427441322,45.360911470391635],[1.32391737940144,45.37898344779817],[1.2959441431554541,45.39478234683706],[1.2797966098842408,45.38451121421732],[1.2596039598397974,45.39834890279047],[1.2886523745642784,45.426113502905665],[1.2531518386328937,45.44421907802482],[1.2645252348468465,45.45409594836666],[1.27034342793137,45.4776755159118],[1.3103931233740413,45.483041180557144],[1.3511118587508797,45.470001773336946],[1.37157178520687,45.49211445485024],[1.3896000810911788,45.4961572819304],[1.4120586564349766,45.52809003445668],[1.450268846192153,45.530397969675526],[1.4551417227717747,45.55328740957993],[1.4806927011525084,45.565857439236126],[1.506276371554196,45.55097960357961],[1.5220914137932038,45.56409475254406],[1.5571958047036878,45.54936632471629],[1.584891438656278,45.556076867663364],[1.5938310699115545,45.5771464332939],[1.624885337381578,45.57793581971724],[1.6581804847733144,45.595323545490324],[1.660196676810575,45.60797409516256],[1.7047914479153132,45.63738765111646],[1.748060654562327,45.64570341986574],[1.7763991218328075,45.65846116946758],[1.7858344815104692,45.68266308806586],[1.8264346802695488,45.66513576315906],[1.8751322671973147,45.664894260838736],[1.8799625935579851,45.678180842698936],[1.904291004939969,45.67774470255675],[1.898730779182943,45.69827755120411]]]}},{"type":"Feature","properties":{"code":"21","nom":"Côte-d'Or"},"geometry":{"type":"MultiPolygon","coordinates":[[[[4.1819015999311935,47.15050500507014],[4.187112897689929,47.133641259369064],[4.171903802407782,47.11744504627446],[4.153771215900621,47.11455697541982],[4.1159670699158095,47.12333757652634],[4.115067396116834,47.14616206884513],[4.137377150535575,47.14271256994814],[4.1819015999311935,47.15050500507014]]],[[[4.2934241069450065,47.92567623483797],[4.3090036167800365,47.96117328277752],[4.351286047683726,47.95658154025503],[4.414346270874161,47.968206710901],[4.448998378066956,47.957154747571174],[4.4932784015747025,47.96880579277352],[4.518171359735413,47.96658777645795],[4.5599688756782095,47.97142319625819],[4.535820168596839,48.001210026464854],[4.582678644289108,48.02946360186476],[4.6168068514656495,48.031366971594],[4.67322963618766,48.015051709502096],[4.704238250439468,48.0202323762063],[4.719943437560306,48.00889645519276],[4.749300809603172,48.00425102648959],[4.789083695644797,48.00782938255744],[4.794634345104126,47.983197869158744],[4.785061370779013,47.968869095555945],[4.811007449975246,47.95932655708529],[4.845182055142008,47.96125251907535],[4.866096820746109,47.94050603305215],[4.828942462053263,47.915128709594974],[4.857004574909452,47.895855881593434],[4.87629817749016,47.92022401352716],[4.901848449197037,47.921289405231384],[4.928173323343671,47.886876403893034],[4.9282302679425625,47.871121167237085],[4.9540942495981195,47.8667681480835],[4.9683502146365655,47.83194135820226],[4.993918239441858,47.81957144123197],[4.987227991995704,47.8032996343454],[4.918299821120011,47.7773135776728],[4.930742567556667,47.76133580408352],[4.949610301299183,47.765002530384045],[4.971770458339338,47.73022100712152],[4.953807643894032,47.70691553121908],[4.959844644041361,47.69697375959394],[4.992275225837213,47.688313503769756],[5.030001604156784,47.70940841478221],[5.0435872776506425,47.676515292793226],[5.084909015051583,47.65725535909673],[5.1282137463189255,47.64769555171287],[5.178340930532218,47.680951862214265],[5.173597037303847,47.65256871236608],[5.211414189836741,47.64189107719557],[5.239232274239111,47.61613009897604],[5.238668295142944,47.597284983235],[5.252920215668424,47.57694786282474],[5.299837418963084,47.60492946802028],[5.340003771124325,47.609065915523516],[5.354893869684326,47.59131447740441],[5.374078595885573,47.60454165278582],[5.39980448309253,47.597153502136244],[5.425594945399527,47.63207432012174],[5.477547427463133,47.60872207289565],[5.497062180458679,47.55418172115122],[5.486403857432212,47.526968551040035],[5.471680911081918,47.527461847421854],[5.447063511552309,47.496253655345264],[5.399215772340755,47.49901418953457],[5.376587470082713,47.46467984209965],[5.406499562267299,47.4618228232386],[5.432338107070534,47.438347264883],[5.451397515008267,47.38406251344994],[5.477377417366495,47.39529212690571],[5.496952532848246,47.390117858136],[5.487995511763959,47.36201125941915],[5.4927946655161906,47.33207816699496],[5.4722397259852755,47.31697205065742],[5.518538729512594,47.30418661945213],[5.504737607495882,47.28566080102212],[5.488282961724511,47.28934747031664],[5.485950818628809,47.25097372798523],[5.474016456865987,47.23108930134431],[5.48000850446928,47.21736948822585],[5.447990684518002,47.19618128392872],[5.459209017913762,47.18344166980506],[5.439973300314684,47.1443971913906],[5.408710637565267,47.12607417258199],[5.410655482578915,47.11409007735421],[5.386025055163915,47.08197683820708],[5.322186205925132,47.07298220144242],[5.2839203158010815,47.04791289990898],[5.275326877554134,47.02693403703708],[5.310049747453535,47.018020896757406],[5.302902725063236,47.002995600434],[5.278877381251384,46.99902304373498],[5.255236339191406,46.97988809464049],[5.222006075229213,46.988855497295],[5.181859259011498,46.97482345386571],[5.166234471151257,46.963868398378764],[5.1243390082418205,46.963720125840524],[5.100252102348397,46.95598327083581],[5.0762583071667144,46.95939003098176],[5.049303736126251,46.98158693341567],[5.0034065361874065,46.972143943970465],[4.994466553308194,46.959149599506034],[4.927494382962588,46.96753853170502],[4.896071329118784,46.96624020620316],[4.893911988532932,46.951172459049864],[4.7884658140953436,46.931872716902944],[4.780547505930617,46.91818028344327],[4.728129651701318,46.91937462593793],[4.715721115401545,46.90691597166802],[4.685479824630714,46.90086027628975],[4.66452477880559,46.914160146408875],[4.6790861065904545,46.93024007090235],[4.650119701990474,46.94126696425738],[4.623230215613321,46.94082023678555],[4.589560484494725,46.9557070191566],[4.573661325177989,46.97338633863404],[4.554809047275526,47.02005452316086],[4.5067016541013825,47.01322725598124],[4.488156368101142,47.032053991768684],[4.453754603542757,47.04180317977088],[4.42831764695131,47.03978832160757],[4.406283415170733,47.049999892555],[4.401611638839053,47.08266237195949],[4.344250468382807,47.07243028540817],[4.349384584855175,47.09695260404792],[4.2732057577392935,47.10846860042988],[4.254511023751104,47.117244891665926],[4.235126114423698,47.14567232864916],[4.209834279044644,47.15541168354448],[4.21254075976185,47.18181888845327],[4.230668433773607,47.19895113888856],[4.218051703421399,47.22051351486304],[4.178052482394732,47.25029686466267],[4.135479914723283,47.23739632412277],[4.115801786333514,47.27973253282323],[4.114111422721765,47.30795616873572],[4.130399481098536,47.32021421171321],[4.1249016818373665,47.33586115686488],[4.106085850126875,47.339255985490894],[4.076218510845687,47.383480194423754],[4.088307134357006,47.39652090232598],[4.066060118363545,47.407251287195685],[4.119426533664949,47.443553393311014],[4.129760578477719,47.47483692093974],[4.112403898450227,47.5034970330936],[4.138136112599596,47.52153256449299],[4.156528733449272,47.55161760512027],[4.17512808182493,47.553259163212694],[4.197168115097694,47.59802850906373],[4.214168417613283,47.602912165808426],[4.212381292101606,47.62796570432303],[4.249113979601859,47.65949100902422],[4.225637843042874,47.67116302241697],[4.258324006422516,47.68389555308575],[4.267304312456938,47.70164928916197],[4.2526277781965405,47.716066198902226],[4.260502367415732,47.74220354600016],[4.289656740825392,47.73317231931354],[4.332471702607339,47.756511310391986],[4.327231405103721,47.78566401630385],[4.340296871154208,47.79956664297927],[4.320330919498607,47.81169317443553],[4.319285858378513,47.83743970579336],[4.300805981058354,47.84877161085865],[4.2610008241447535,47.84385063866699],[4.262193864556681,47.88395527973197],[4.277339137948259,47.89945297805272],[4.311152699462278,47.903922726683135],[4.2934241069450065,47.92567623483797]]]]}},{"type":"Feature","properties":{"code":"22","nom":"Côtes-d'Armor"},"geometry":{"type":"Polygon","coordinates":[[[-3.6591438196705743,48.659209780669244],[-3.636485708364634,48.67068553367222],[-3.5812485466634136,48.67001788504223],[-3.5848109666117063,48.71714328760577],[-3.5553712374292132,48.727513465979534],[-3.550313063112974,48.748161651547555],[-3.583914958484379,48.770957492800314],[-3.57794290588313,48.788317654113186],[-3.535033949747009,48.80271604156535],[-3.5408959300937988,48.823160071945985],[-3.5231064424378755,48.82984632644791],[-3.467838623077333,48.823298521249114],[-3.4301953417140556,48.79725199605727],[-3.3975446062757473,48.80074944363836],[-3.382428393678025,48.81593302680193],[-3.3570114279950727,48.81969907013649],[-3.323351109794353,48.8372857508137],[-3.2620728843625333,48.83540082059945],[-3.2457616227016315,48.85707703727301],[-3.2197192609615692,48.86646505727847],[-3.2028204869337964,48.83450712281955],[-3.1679438416382495,48.85314717376183],[-3.1247589566102234,48.864723936263395],[-3.094421852953979,48.86764668461141],[-3.0834891305254475,48.827262011215225],[-3.0537161489037152,48.8152457771198],[-3.013633951697306,48.82213396052265],[-3.006141529447617,48.8002958368664],[-3.0454089632329833,48.78782195169868],[-3.0109390309556923,48.76663541659801],[-2.950301280923285,48.76363410458018],[-2.9289747965586783,48.753783159339335],[-2.9451008416298974,48.72080660138098],[-2.925263771726924,48.707706235287056],[-2.8902558845725252,48.69783483539522],[-2.8807700984538154,48.67423957383046],[-2.8565017877713177,48.67400220577111],[-2.82693502135218,48.65056933154873],[-2.815798289739638,48.60972420668523],[-2.819598830141578,48.59352827457419],[-2.7797389357262325,48.5851014526199],[-2.772680617047176,48.57054449754173],[-2.7202164699056217,48.55545942233219],[-2.720977837428319,48.53284752618768],[-2.698438421518125,48.50568354123005],[-2.6756732508454437,48.510662191084755],[-2.681558937117988,48.53113342751236],[-2.6302852526774863,48.52609134516814],[-2.6312676669697814,48.53812967265482],[-2.60556004275335,48.55182776019479],[-2.559733538085472,48.58639210176802],[-2.4952155554349047,48.608924120470554],[-2.4728755698685654,48.62308300588095],[-2.468004297270983,48.64958127336475],[-2.4356309681917874,48.65218264157844],[-2.4121662285976435,48.64149535614902],[-2.3609466388725773,48.65556175834698],[-2.3145391685823196,48.67409586438523],[-2.294173242748991,48.659975373377236],[-2.3134177483953855,48.63324397584119],[-2.3374720527788573,48.61972552862038],[-2.311900696016676,48.61149441654407],[-2.299891144928281,48.624056828499725],[-2.263502079970802,48.64364865321494],[-2.205399315491741,48.57889213970631],[-2.1755905479570017,48.576407987143455],[-2.1572330600099674,48.58835712746883],[-2.165799240930372,48.60423827586908],[-2.1237080247752895,48.6044100285603],[-2.1233140883470694,48.58901274793282],[-2.0924894843076234,48.572462492473],[-2.044804968300762,48.56420276394202],[-2.0462129661682633,48.54401486364402],[-2.006894935706843,48.56611290198358],[-1.972343842323779,48.534637865266006],[-1.9480369010443914,48.53880790488251],[-1.9251126755890333,48.54530394613221],[-1.9110132247187712,48.51741534739239],[-1.9268720731463556,48.47686450947533],[-1.923895933613775,48.460907740617046],[-1.9486347678108729,48.446456041738884],[-1.9519092329646253,48.42918354147581],[-1.9367895889503266,48.420070240063225],[-1.9384653904593245,48.391389339464936],[-1.947720243456438,48.36894464609711],[-1.9290791323813683,48.34704210576775],[-1.9668973217216907,48.3428189820063],[-1.9548327221541828,48.317109845291775],[-1.998266241844134,48.296980554393514],[-2.014100529199395,48.27953190980406],[-2.0532925486538485,48.29832786130155],[-2.0762583662242795,48.28371148397488],[-2.110118931164646,48.2529034820783],[-2.126853803195948,48.25976994927449],[-2.162901712976404,48.25626974900393],[-2.1869612472272957,48.24637857003084],[-2.1843775145100226,48.213137604790425],[-2.219796763889133,48.20213436033515],[-2.2247373292770836,48.17059701877417],[-2.248230377893739,48.15279776234215],[-2.2832479885362944,48.14529870453187],[-2.287278430400511,48.133745563458476],[-2.307724031505891,48.136767145944454],[-2.321067331808052,48.123313308346624],[-2.371983930719517,48.12276022571531],[-2.375704866327887,48.141440597184854],[-2.399892263143436,48.154593831126384],[-2.4070872062503708,48.167846923022466],[-2.4492428069717214,48.17301268121088],[-2.457460857137994,48.163558679343076],[-2.488996903351025,48.15527484508064],[-2.5336627078715,48.156856696914886],[-2.516390296656647,48.12795387925489],[-2.5493015028073205,48.09906568300373],[-2.5484346321898643,48.07671678652329],[-2.5808040837522404,48.06711154950066],[-2.628212989216798,48.03379948794944],[-2.6708865594355458,48.0502796096436],[-2.6733315926174024,48.06327971694363],[-2.6561723624005746,48.08428809143894],[-2.6531526316222527,48.118092931008704],[-2.6683740921478765,48.1327428357553],[-2.702496597157526,48.11801355272737],[-2.7579911570321793,48.11080992160437],[-2.781951132488677,48.12057973083874],[-2.809828548228586,48.146257335704156],[-2.850803362250115,48.14117007726401],[-2.902695082695001,48.162745095709155],[-2.939688841727517,48.17157869268649],[-2.987721150165838,48.15963608311985],[-3.011766723688266,48.172146259772674],[-3.0139527993300925,48.18705096969819],[-3.0406075793447904,48.20331232171781],[-3.1303749671924512,48.19836233856125],[-3.13949669814907,48.16369070727257],[-3.1552540693335707,48.15849094352833],[-3.197060119674698,48.16274313777778],[-3.2153961448986896,48.148219713915],[-3.252339548077637,48.14912522090896],[-3.272244339627829,48.14001476484374],[-3.299596147833247,48.15481185209133],[-3.3161758750965893,48.1545827022414],[-3.344702681056185,48.16988498065198],[-3.375090054291556,48.16304435591315],[-3.412343177084257,48.14703755651635],[-3.4365241396101114,48.15548652160798],[-3.421483221253355,48.171908070532616],[-3.479531508235686,48.18604551951424],[-3.5226593775760193,48.17866367131642],[-3.564838973733329,48.18574694305737],[-3.538217936786089,48.20645883664802],[-3.5577832202588646,48.22853101061742],[-3.553237531594755,48.241947687032244],[-3.5259985674913756,48.26077449475174],[-3.518062717927428,48.281842614354964],[-3.540871846305997,48.29905273798831],[-3.556786825742612,48.335519987867116],[-3.5545842830629764,48.37776678483146],[-3.605518820600736,48.38654294008208],[-3.6005386081976343,48.42162432587916],[-3.563244712868301,48.43986658912548],[-3.5813817787905893,48.46480510230907],[-3.5989459676290556,48.47050839949987],[-3.6045363791794003,48.49579010573053],[-3.5820087289476406,48.50685582272],[-3.55387113158307,48.53037692213068],[-3.5699848146891386,48.55609659253676],[-3.5933075055755452,48.55460449049691],[-3.5900947382947392,48.58273907967781],[-3.6411048139943123,48.596795685658186],[-3.6542763238260356,48.61697438924653],[-3.6591438196705743,48.659209780669244]]]}},{"type":"Feature","properties":{"code":"23","nom":"Creuse"},"geometry":{"type":"Polygon","coordinates":[[[2.1677857181383846,46.42406650081809],[2.1975702533853765,46.42829596011364],[2.2138451955651943,46.423141210473545],[2.2498713444180876,46.426364231750945],[2.2810476101300576,46.42040537318101],[2.2847885229424363,46.38630891270082],[2.3233435644763096,46.36652595580878],[2.302749949603141,46.35441622497473],[2.3230243720211274,46.32927925675375],[2.3549021067976903,46.32568201768989],[2.3704814292505856,46.312630811170784],[2.3918607677139923,46.329982476677515],[2.4204617595913738,46.310131437621955],[2.421342247531783,46.28462476459887],[2.443031552582666,46.294998578986906],[2.4807602356876792,46.28101200577568],[2.47709210519503,46.26936080025225],[2.4917957849327936,46.24786046438832],[2.5158528050357227,46.23696126598014],[2.5280462333006355,46.186332427553644],[2.55979833292496,46.1733665543973],[2.5653790586982073,46.143032182829025],[2.5505225579409916,46.11895797457819],[2.5521924042632187,46.08251218540567],[2.57170126140345,46.04837735959016],[2.6025111446423104,46.033460147639815],[2.5944189201416936,45.98944187163358],[2.61078659720824,45.971228075938264],[2.5696347302085196,45.95881426721691],[2.55163679096888,45.94126557576326],[2.5279244706403525,45.8992324603817],[2.4922254101808226,45.86402992467918],[2.4706202631864147,45.87233257398153],[2.4265480371985815,45.83477320365116],[2.4013447212803922,45.83757813269279],[2.3880204308712214,45.82737590512424],[2.427406116463833,45.79428142437904],[2.435460687234864,45.76697343160803],[2.454731087219177,45.76088170513876],[2.4921255582417543,45.73767009540705],[2.4358558482207813,45.69927506144423],[2.410248662063398,45.709634900959585],[2.351695193492091,45.71006973438515],[2.3401720745484034,45.682564129551814],[2.3209438982497623,45.668590909995366],[2.3059428488736584,45.674659005456235],[2.2733519532781403,45.664007418292094],[2.271074402972525,45.69164773075567],[2.1939584682323856,45.69904710388085],[2.202325950043259,45.71857614165799],[2.182986086625649,45.72061691902859],[2.1609119774740395,45.73583595403904],[2.1338092129271105,45.735432891151106],[2.1135454727593443,45.72477506502512],[2.0839036779216125,45.7460341651736],[2.0356658672821046,45.75505181598863],[2.0015199455968986,45.7487930104446],[1.988528308650944,45.72135422054224],[1.9565786180296985,45.7247553300422],[1.9417142236595262,45.711351415159655],[1.915517948219608,45.71125548778204],[1.898730779182943,45.69827755120411],[1.880957399347195,45.71285387339609],[1.875140102478583,45.7327797889896],[1.8941319437754782,45.7592554835555],[1.8808988285366512,45.797714818456456],[1.8464472547509174,45.809940191138686],[1.8284337256367398,45.80980874385992],[1.7891620911385413,45.83007210551306],[1.7558371847814345,45.855656306428116],[1.7148786249110421,45.8400586312482],[1.69036360011077,45.84361369992126],[1.6766374034760068,45.83511402023573],[1.6023984681707661,45.85746515857901],[1.6023488376186423,45.89096810343807],[1.635996388309483,45.88844297865446],[1.6397206723679907,45.89953853071148],[1.6150681481078124,45.93195022666644],[1.5791744495987925,45.93040642363652],[1.5782614117742197,45.91727264832772],[1.5472651107258997,45.91683379316217],[1.5299613213195493,45.93182220228596],[1.5325001755915217,45.95280423814569],[1.5661484901291225,45.96325060326457],[1.5764733332307777,45.98099739362502],[1.5648266887508957,45.99711597960844],[1.5385468041090549,45.99742846047048],[1.5363833974668037,46.02629327721946],[1.5491757848158925,46.03541014153877],[1.5317830893571065,46.05816171452662],[1.5429508225169888,46.0765888129599],[1.5048991958425688,46.08815343941205],[1.4919762107249506,46.11473183426131],[1.5052016882428472,46.127461799559406],[1.467878491573528,46.151750416293105],[1.4552353294299893,46.18103071472153],[1.415268536568449,46.177157045823584],[1.3749003074212893,46.2154511009523],[1.394145356288105,46.238349230413554],[1.4168521672178434,46.24087405708507],[1.4036544413446612,46.25990982797783],[1.4265688116168553,46.298921049134],[1.4437697350516507,46.30589420737529],[1.4151905101137505,46.34721849587296],[1.4353808001913293,46.363844088424806],[1.462936752493747,46.375350693466984],[1.5223068332769556,46.42652499450049],[1.543962708576285,46.416887448744504],[1.5462010463391824,46.39346394164149],[1.5696928311710425,46.4054957864533],[1.6143011395442397,46.405298584782024],[1.6448464161558112,46.38681584908517],[1.6836025202595086,46.41817777856285],[1.710900805328006,46.39205717074327],[1.7277004157566196,46.38940888777561],[1.7601258090399783,46.42758992898391],[1.747590198721343,46.45002145600438],[1.7983765894227512,46.45481762095847],[1.8195004176655625,46.430038338950894],[1.883436954441824,46.43255455176469],[1.909176472236739,46.44350179050311],[1.9243082864873586,46.431902226728816],[1.978108199916569,46.439771706882276],[1.9930823669027022,46.43091738935582],[2.044395406151348,46.42134446075375],[2.074201476301987,46.41984302086565],[2.088941803334241,46.40890318674806],[2.129684686571857,46.41986520092511],[2.1677857181383846,46.42406650081809]]]}},{"type":"Feature","properties":{"code":"24","nom":"Dordogne"},"geometry":{"type":"Polygon","coordinates":[[[0.6297424639524398,45.71456998977268],[0.6542322548355602,45.68870460553755],[0.7021017463764117,45.68712391220238],[0.7164967555921232,45.69492986065276],[0.742191639150923,45.690583187900515],[0.7636991223155143,45.66825689490875],[0.7758431349260253,45.6675695723418],[0.7630383629892018,45.62833642730259],[0.751529712610917,45.618323854020026],[0.7803710896124326,45.591186976030635],[0.8035615373389846,45.59623658602799],[0.8115003322647284,45.575870643461926],[0.8425878139261963,45.58227280988904],[0.8593270163801664,45.61255366991051],[0.8748028110501537,45.62135072197518],[0.8981892208012014,45.59978358036884],[0.9470174998837003,45.61359375507784],[0.9863932565151387,45.604487080117515],[1.0232467983202298,45.60995990299867],[1.0358490435954522,45.600209290253126],[1.0354291459916498,45.573323428579684],[1.0475013530672403,45.55793278314188],[1.0746444865790412,45.54577271138723],[1.080359033146871,45.533998770505264],[1.1103236008119233,45.54491026026193],[1.137684533027224,45.53977362177215],[1.1672867970396268,45.52482220464761],[1.1359472599446487,45.50640914164488],[1.1197844789851377,45.48778292627877],[1.1358342826377092,45.47086498923646],[1.1641763230169675,45.47552956976588],[1.1865884187192175,45.45529497029879],[1.209501347214524,45.463084747625864],[1.2531518386328937,45.44421907802482],[1.2886523745642784,45.426113502905665],[1.2596039598397974,45.39834890279047],[1.2797966098842408,45.38451121421732],[1.2959441431554541,45.39478234683706],[1.32391737940144,45.37898344779817],[1.3157869427441322,45.360911470391635],[1.2891042257150067,45.35407630580714],[1.2726101443911217,45.32822630817563],[1.235803372736093,45.3220410364473],[1.2415605436420754,45.30063281308439],[1.2271194403372112,45.271979970998935],[1.2545821687088141,45.254867349405984],[1.2744827002548649,45.257076684850865],[1.2745146719905638,45.23791148068256],[1.2336078544796087,45.2221954421389],[1.2322937564526977,45.197704072069364],[1.2741303261002948,45.200069727068225],[1.292124890237363,45.18651272307218],[1.2853426192045976,45.17595247253618],[1.2547674981005628,45.15931225123928],[1.2899337103990007,45.14204241946589],[1.3173936647057205,45.1421087376802],[1.3521193591746319,45.13399031293482],[1.3852045692932187,45.13561794853778],[1.4128982767653495,45.12508229172991],[1.4094740420968277,45.11264145564816],[1.3864424774272137,45.102881378523996],[1.4063598793620342,45.069297115006954],[1.3998064471929033,45.06159332248495],[1.4482615439322117,45.01931315867405],[1.40926521871603,45.00600178685703],[1.4335895146429747,44.93830164881089],[1.4106099419064448,44.90896015297044],[1.4398566373102875,44.8889508179699],[1.4397519128973866,44.87494627874561],[1.4048386704545461,44.86234716877302],[1.4019390596723829,44.849446039670674],[1.3614038259537624,44.84079526684299],[1.3641029713426986,44.81156818641523],[1.3281098679785208,44.80652884504556],[1.2996352435270742,44.79691953728407],[1.296243021698294,44.7778123630601],[1.322817940494351,44.76513318662047],[1.3160508396721997,44.74037462834149],[1.2794274292251306,44.715831247801496],[1.248270791913345,44.70770636912258],[1.22455005545425,44.6842663489296],[1.1688078503397572,44.680017048529535],[1.1466718447537778,44.67034606645626],[1.1537498404734852,44.63882020403],[1.0957075874791038,44.59024337388754],[1.0751408247250982,44.577324783565565],[1.0733204955931674,44.595582525404495],[1.014756458102413,44.614096475712024],[0.9908384393481793,44.63713268673032],[0.938715915523624,44.63970350097892],[0.8907495915923311,44.61499646988759],[0.8699961633461998,44.597307270914904],[0.8386686479648295,44.60073353333194],[0.8373861616885234,44.61609958290861],[0.8170042739845023,44.62700147643911],[0.8363594164481827,44.6385854946771],[0.843404038496723,44.66348079792942],[0.8260869083147476,44.675993641671084],[0.8270009642517767,44.69188957907683],[0.7977266310515655,44.701767285601186],[0.7798374176059383,44.68338808872983],[0.7290670391461425,44.67608019640507],[0.6609287903127476,44.676687086290784],[0.6539964422514456,44.696742561948255],[0.6300837174762535,44.70504186396566],[0.6097310220706117,44.69537205404958],[0.5771464644207092,44.694023979180336],[0.5704204904951242,44.67489859623235],[0.5461757009438561,44.664653811569345],[0.5156727555160711,44.678339438211495],[0.4875231075582992,44.666678761175476],[0.47053010943012324,44.66957916232141],[0.44565684789610666,44.65274912995912],[0.41754944795275234,44.64625042497145],[0.36900627419453386,44.661175745652166],[0.3496189213624863,44.66012732964435],[0.35961911790454776,44.69100214687724],[0.340537569558902,44.70304824522456],[0.346186543626901,44.7225420355276],[0.3232866327071292,44.74761897166385],[0.2973255098237856,44.76228467395237],[0.2742254006482923,44.78339312502083],[0.2637263179027021,44.82627665355831],[0.2840562599933618,44.823659365748206],[0.31506665558289004,44.84541323207388],[0.27905937516440416,44.86697670764365],[0.2376501157602628,44.86924207555338],[0.24120144851108916,44.85652879127665],[0.2062908527795184,44.838781587007574],[0.19284351960714802,44.820802554808736],[0.10655870123187683,44.832720431213495],[0.046921251109006,44.82458068187802],[0.018664421295006353,44.849628493830664],[-0.021935541227067503,44.850692462395095],[0.03436214413600705,44.91546925454322],[0.0032479456177751075,44.947439781487724],[0.019184278571431145,44.98034965777573],[0.04010873279330704,44.99350460562092],[0.035847937705388945,45.01115004721698],[0.07329671773303688,45.07012096510982],[0.06352711067229469,45.09563292386136],[0.04083219110465748,45.115350817593736],[-0.003552786965686552,45.11956999344142],[-0.04020033978963981,45.102384335963414],[-0.029231978204044492,45.129832110551455],[-0.03705116480547907,45.139026589692236],[0.004720897151709058,45.153735338120526],[-0.017366400658601018,45.16986388363175],[0.004330746876933936,45.191632555616],[0.007749483713343667,45.20202343974376],[0.034845860697314227,45.20874744152009],[0.05343044144838288,45.226854975561835],[0.07573321487779969,45.2202598278516],[0.09619541225687946,45.2278578556264],[0.13030604926862757,45.20798900287554],[0.17055210372198007,45.23701026486455],[0.17763742117729522,45.253740934302506],[0.20441616387648323,45.26359520741223],[0.22141736394530237,45.290328116659495],[0.24739630895607334,45.289484009049765],[0.26971965078434545,45.30539294080847],[0.26498472290743125,45.334216796479616],[0.25007284811879654,45.371801187374246],[0.2781514641521634,45.427303344509845],[0.2943995470605675,45.434183799907565],[0.3078489404274546,45.46087036559335],[0.356537146854989,45.465479098992546],[0.4327895064931416,45.5024678675343],[0.46573672024377105,45.539623254776004],[0.4962604525540854,45.5444880543905],[0.506492513438957,45.55388701893163],[0.5007291724346205,45.57307480085136],[0.5155919010618789,45.600377918791985],[0.49986594015823305,45.616678558714106],[0.5355449863742777,45.63336713201865],[0.5612176923905663,45.63273730287464],[0.5678112654431465,45.6510243172179],[0.5988182940413804,45.67062696828461],[0.6297424639524398,45.71456998977268]]]}},{"type":"Feature","properties":{"code":"25","nom":"Doubs"},"geometry":{"type":"Polygon","coordinates":[[[6.80700533167707,47.562801384972],[6.816660001724921,47.54792247821983],[6.860809068981891,47.54751358468233],[6.883473648745609,47.55533115808764],[6.905669627634239,47.547361521011815],[6.909674152385642,47.525507149094636],[6.946162450184676,47.51131633258056],[6.930856287246399,47.49817970710937],[6.907596719688256,47.49436626816266],[6.917231799861733,47.46886980086098],[6.932315529660057,47.45581501043693],[6.940536510867674,47.43337372140521],[6.9383780521299885,47.40601986473863],[6.917565696040302,47.40554258429283],[6.911280984371045,47.3856550932385],[6.8853970779398175,47.37459946804773],[6.87936818281023,47.35839729641757],[6.919496443267278,47.35536414476774],[6.994215518452339,47.363057159308],[7.012120561775966,47.37292288887178],[7.049718402997699,47.360719992295074],[7.062207100094967,47.34415745980239],[7.046203037401215,47.326976713950984],[7.016140643996923,47.31359873592356],[6.993126569921015,47.29554511879603],[6.942895673773597,47.287754384904254],[6.955208843014741,47.244149772352195],[6.940725555973242,47.231843645454894],[6.882433031143578,47.201615584703326],[6.858349567867174,47.164383477038406],[6.800236684357302,47.128793351463806],[6.763777402656871,47.11979205072034],[6.739920812240863,47.1080561130741],[6.74109066784422,47.091064413033465],[6.717835845806807,47.08893991246636],[6.691621066187363,47.06668923642061],[6.7140493259380465,47.04912442357012],[6.699656601550015,47.039041188281],[6.661624427517901,47.02822165295931],[6.633742279087916,46.99841408318843],[6.59318642597294,46.991771506770114],[6.566568468914689,46.98063803499442],[6.5188133537312165,46.970857851315834],[6.49668554758685,46.97418077120232],[6.446572766755816,46.9341439731704],[6.432669440426171,46.92860208537252],[6.4645840104267736,46.89020943846434],[6.460055924791717,46.85168246859297],[6.44262902075631,46.83235109259498],[6.434826378361494,46.801464616461466],[6.458567776224122,46.788495437539005],[6.425917841439646,46.75480272370325],[6.39507223431701,46.74824769305675],[6.391779221321134,46.73835933517175],[6.344803166577885,46.711872179216],[6.285329368806656,46.691241021954745],[6.227994158729884,46.64830608201645],[6.175538722376977,46.61413990223054],[6.127338291895881,46.59030639234697],[6.110748015678899,46.576313203446446],[6.1381085470292716,46.55766039903405],[6.131429786217584,46.55374316497247],[6.048566902902156,46.60772285612786],[6.059172114439157,46.62611096798534],[6.105519201667375,46.65048282928723],[6.069828479910839,46.689524885344895],[6.11296041814117,46.707745262586364],[6.139950483346064,46.7252665040831],[6.180271003478625,46.741575238392656],[6.185275300570877,46.75514278256941],[6.206667229738774,46.766127080274636],[6.175722465411307,46.80024737987558],[6.134201093056517,46.82606829489227],[6.091004700025405,46.84186203649593],[6.065722840490433,46.85966779654168],[6.034013122897841,46.84959669047568],[6.026247153653252,46.86409173600443],[6.005778412779799,46.8730528372109],[6.011720201418477,46.88892677308902],[5.9826340237056,46.90845204586353],[5.996550634911118,46.93349025460158],[5.9640723607092,46.94807945340021],[5.979788604869103,46.963477609202336],[5.968560305501438,46.98044449059873],[5.945444530036826,46.98892069091779],[5.928902914958152,46.981557598992175],[5.9110704645310355,46.99949662045942],[5.838703245735162,47.00893073323631],[5.818320069354114,47.01634936206399],[5.810142553295952,47.04676497151418],[5.787650426326096,47.02060775116385],[5.749513452394782,47.01724338346852],[5.740853599399733,47.031142664947374],[5.784717290338706,47.054912309682756],[5.768548742190094,47.08943503996254],[5.8045619988542985,47.1133407822186],[5.820691451026131,47.144415939401],[5.811467446057154,47.16905381606456],[5.785253964111757,47.1730387486781],[5.786363077074669,47.1880831609518],[5.7615922644946265,47.193351935732494],[5.754029730428721,47.20619762753816],[5.720409103677726,47.2199367429909],[5.719658737830903,47.24039349857038],[5.698725742766405,47.264996774959506],[5.732304584331136,47.2635708244963],[5.772794289154126,47.27839174115347],[5.783911882300601,47.29062859459643],[5.84401524176912,47.30002560772319],[5.860063369485741,47.31441371512956],[5.908850384555448,47.33130809335063],[5.926973317778065,47.344842696907314],[5.965726777821383,47.33714799401978],[5.979565477765114,47.32599225383308],[6.031152213443059,47.337818639776025],[6.038905360008941,47.345543807863976],[6.080045800270596,47.35403647497674],[6.118643218077476,47.39516918586829],[6.159315835079816,47.38763809750605],[6.20045182507361,47.4291448308537],[6.227146778558152,47.421361759224745],[6.256322884311814,47.42460267369418],[6.2635413933118995,47.446113357872484],[6.280184223466656,47.44396949481327],[6.3343537374171,47.50596607053227],[6.4176533951113335,47.52107576002842],[6.463493609157821,47.51211727914121],[6.475912751751343,47.49653791477729],[6.495895471628419,47.50568894568784],[6.5183760537344355,47.49650598459375],[6.534536369742796,47.50605436714645],[6.55356252302069,47.49279726215029],[6.573512260277363,47.495493621813196],[6.583644236898135,47.50998705821796],[6.568287888950471,47.53296730090853],[6.581373134078281,47.5439823802077],[6.6108754443878,47.530375696762064],[6.646719240296149,47.53526063805599],[6.670176179849052,47.55789898345777],[6.715410264318535,47.55291548061491],[6.738845896180387,47.55702322452207],[6.767404952407747,47.538017268556935],[6.797499350037713,47.5495126825397],[6.80700533167707,47.562801384972]]]}},{"type":"Feature","properties":{"code":"26","nom":"Drôme"},"geometry":{"type":"Polygon","coordinates":[[[4.800493926884063,45.298360661142944],[4.858798773300606,45.30895383074844],[4.879709663152382,45.2969314761542],[4.927837287858217,45.322467078582974],[4.960882968689533,45.329431946438525],[4.989191483458711,45.34404664083611],[5.00965209426827,45.34223102677266],[5.019860000114205,45.32012334781686],[5.054318727576239,45.319054679747346],[5.075414977696186,45.28182474686916],[5.138525456127068,45.29621886821675],[5.121425532367965,45.24833591809063],[5.176540876984406,45.2484020449113],[5.184576231954122,45.231193647083316],[5.165271150444932,45.1998716765054],[5.188573507748233,45.171268538792575],[5.187438130822191,45.12083055585071],[5.162894297608516,45.0984305870661],[5.148624024939402,45.07523359417633],[5.171188406008603,45.06901345142979],[5.1833365351237415,45.08488121016097],[5.226123302713108,45.07917959620953],[5.248350471901153,45.06093433768146],[5.300641951274725,45.06258684321087],[5.317097625615876,45.05144543143657],[5.3438842908647155,45.04990301119417],[5.388382939418146,45.03613916354605],[5.449788835244156,45.070783659173316],[5.4594242070232415,45.084354048653296],[5.482962641076428,45.083813985829416],[5.466222808609953,45.05369264423919],[5.480457675487145,45.013866206651436],[5.493108370230375,44.99650387405212],[5.477674326344703,44.96675249985711],[5.483647138020397,44.92229059824822],[5.475071217930305,44.86759688581832],[5.463794835880649,44.82597088831498],[5.484766003910795,44.82306199061912],[5.4641587549688655,44.79242749679306],[5.538609682625281,44.77435333052135],[5.582046117791262,44.777862736908396],[5.583886354820008,44.76534387074039],[5.627084872571889,44.75246442874924],[5.647101681531142,44.724098953876464],[5.708698705355806,44.720924547440156],[5.7387858126735685,44.712419126045255],[5.757110126926433,44.6960374105235],[5.801469996094522,44.706778512869995],[5.82711625324567,44.70028877822114],[5.825802514085463,44.68569233800322],[5.799407769469486,44.67394966436931],[5.790619766631355,44.65329030204328],[5.753939211901072,44.662713661324155],[5.726039426074854,44.63939834273572],[5.641715054881292,44.65107468886509],[5.643926214041127,44.60972161106435],[5.617737322579476,44.583133580603594],[5.5972487980667855,44.543273727979226],[5.627373773874302,44.53458025973445],[5.664504139914002,44.501894032401594],[5.629785093116038,44.5011871029685],[5.6163088106464185,44.47271206540212],[5.603651238319425,44.465544996850255],[5.562404689872195,44.47485185176209],[5.516510011697751,44.49138247772147],[5.4798758917737445,44.49123966897652],[5.458727518186473,44.46614393059478],[5.464433745418449,44.44788666870274],[5.498303440849121,44.43732497621575],[5.4764897049095795,44.41972379409436],[5.447194165800079,44.431852481873705],[5.418530667075709,44.424947370319],[5.443026623183156,44.391237330733084],[5.434953500862137,44.36911743294876],[5.46065693964672,44.36832054562284],[5.46941457400079,44.35149029453098],[5.4930715607447445,44.33717752081172],[5.521782790630088,44.34931163553876],[5.5373670436986435,44.333525718131106],[5.617135908418277,44.332475894185805],[5.608077262744189,44.30850908328983],[5.637756422122977,44.29968616697366],[5.631970064900461,44.284721309902835],[5.647509019416229,44.27247769824454],[5.676206589256276,44.27551099308782],[5.672996044869041,44.23984311301397],[5.681311859737585,44.23289466958045],[5.676037325543462,44.19143313185896],[5.651592585237082,44.18957707724826],[5.646965152793732,44.166291647187435],[5.68271535182101,44.16321640945639],[5.67860502821166,44.14608869344783],[5.6316731817286305,44.15136802990124],[5.63959354437225,44.16758605191366],[5.609572963808623,44.18817112634557],[5.576187167563138,44.18804165094906],[5.564374392120529,44.17090170649433],[5.582976621063447,44.15762325973775],[5.551327343869811,44.14979115926589],[5.540435810430644,44.13221365213216],[5.498787806458752,44.11571934778835],[5.45471645974309,44.119227904662864],[5.43571830913588,44.1516641531859],[5.383240887752097,44.15528473021913],[5.384523055943825,44.201046720663136],[5.354042708088259,44.21342924717531],[5.3368331508273,44.20353145731521],[5.292247629624085,44.214467072564894],[5.2565087145716225,44.23005632855739],[5.23814970804007,44.213233332998946],[5.174965607033191,44.22080662233339],[5.154903556803357,44.230944996200954],[5.161547590528067,44.24559067110522],[5.1497271329806695,44.28208386834487],[5.167205149288734,44.29205090874127],[5.172696360911815,44.309393695074476],[5.1045087340965685,44.27953745155323],[5.076512049103177,44.2840860159789],[5.060564583015947,44.30813976056077],[5.005535817021755,44.286754820483196],[4.981451791724815,44.2848325971684],[4.932910424012261,44.2621518073366],[4.879050668886603,44.26148357791232],[4.826652705578103,44.22832506640777],[4.814096088903183,44.23231467832123],[4.812665863343398,44.257719064767414],[4.8031008029072115,44.27998919217419],[4.804563291806201,44.303896893827336],[4.762251228111598,44.32538168266028],[4.720123840256769,44.326714895236336],[4.679025302617316,44.32048933622703],[4.6506150134375535,44.329805791511276],[4.648946169255066,44.372462486293166],[4.664373400022996,44.398944273043945],[4.667379937465383,44.43066429434984],[4.69865229412497,44.45230946012676],[4.6989568502390995,44.481694190593686],[4.689973321952771,44.49125058500801],[4.692050189601407,44.5152420465306],[4.707018905489797,44.53084113511007],[4.692361920905272,44.55589194997334],[4.710266499941698,44.58154911470836],[4.741168931840421,44.58877434873562],[4.74040453633284,44.60239249321297],[4.77408913696615,44.644269843250804],[4.7811100231594805,44.682833634690404],[4.762850574483207,44.72009203958483],[4.760941584679994,44.771713549802],[4.795665859771827,44.793769117314746],[4.821656483202532,44.83867049616437],[4.841340887618573,44.842596306238924],[4.85945820884153,44.87175235284045],[4.8579011507481304,44.903155110736876],[4.8855710639544006,44.93465153198947],[4.875684162327823,44.95520873214619],[4.860170175358192,44.96586245571145],[4.851264766161909,44.99467770210391],[4.837672652853049,45.00479181394786],[4.840341325313034,45.03578322392562],[4.860746068970967,45.055429204446796],[4.831651038103518,45.07026753675957],[4.827354281438577,45.10214857279052],[4.804492252463412,45.12194771680664],[4.804461066670614,45.133197210828584],[4.829100372157167,45.15669010756043],[4.813699779096304,45.16341716248438],[4.804809814114698,45.194030298693185],[4.812569706062625,45.204307182925724],[4.802585860487608,45.22693117215798],[4.809597016988471,45.26036757990201],[4.80945700146176,45.28984878023442],[4.800493926884063,45.298360661142944]],[[4.892909784975503,44.36481842003465],[4.871546699824252,44.349624687939915],[4.89532799567956,44.33806148358807],[4.881629025271996,44.32487165610533],[4.8894629809408325,44.30401919301177],[4.922149021948395,44.30878294851454],[4.978583367650993,44.297463038388315],[5.023291388686099,44.34594820774989],[5.0270075535733945,44.362835342005326],[5.052014293962954,44.364659059368094],[5.048760348502809,44.381234267021824],[5.015759498726315,44.39276614596861],[5.013305911983339,44.405345557740354],[4.988609946346962,44.42320030980228],[4.963297700567191,44.42193444899826],[4.918515009368784,44.40778504385655],[4.906627552610216,44.37409911682911],[4.892909784975503,44.36481842003465]]]}},{"type":"Feature","properties":{"code":"27","nom":"Eure"},"geometry":{"type":"Polygon","coordinates":[[[0.2972244202906153,49.42986163728299],[0.33898282435946164,49.440931306061266],[0.36879599400345847,49.44396615809678],[0.4315314440644818,49.45895529203515],[0.49007688558798895,49.48360764057147],[0.5249403531988139,49.47786858986832],[0.5790634674462867,49.43507202120442],[0.606260846591224,49.428697933243775],[0.6341203993784739,49.43446117824468],[0.6597835439594861,49.41617560182564],[0.6652914150341133,49.40200234791148],[0.7736557882409092,49.41808160502643],[0.8035289901620026,49.41664937662084],[0.8265612311602684,49.395044519606806],[0.860851622884771,49.39535013278994],[0.8853214512018548,49.38352473329317],[0.9181193706199334,49.385460584535736],[0.9214023473164947,49.33855254623689],[0.8875928951071438,49.34591517415329],[0.8662303093667536,49.34231160512299],[0.8622783261742117,49.32742242737676],[0.8915316720257209,49.31656133415404],[0.8924955592567678,49.303062511451586],[0.9366215857125476,49.321701430518324],[0.959487909604523,49.28612972876709],[1.0133166256832071,49.252262976528414],[1.0540696575756032,49.26810664758745],[1.0644211959188252,49.28193243229649],[1.0482359283696867,49.2966707056018],[1.092924014464112,49.30997367751731],[1.133993537971445,49.30984205819146],[1.1359587366778499,49.32511330683783],[1.1602558424773857,49.3419941567295],[1.1990286032008088,49.35080528187691],[1.2721366387570638,49.346289233389804],[1.2860248038650488,49.36318319072627],[1.2931900574437356,49.394994727671126],[1.3080682780467234,49.39535659061039],[1.3096318834456244,49.42873257275235],[1.3353971000652705,49.43371952908696],[1.345233363898118,49.44805852414145],[1.378499108777362,49.45742638657252],[1.4771860122081044,49.45132697219684],[1.503549409663381,49.43807237615207],[1.5283196177789204,49.44198980558868],[1.576136831058076,49.43973886640559],[1.6069566095899943,49.410854416858434],[1.6210669431541742,49.414378158641135],[1.6593030583878112,49.39898608539559],[1.7139375433100608,49.409224988863485],[1.7203156024953805,49.39482842844473],[1.759340781875861,49.368238985112555],[1.7741379719748898,49.33469565160132],[1.7679448109268296,49.31982583692622],[1.7757705439300602,49.29951534986682],[1.8026808722972285,49.271950623613535],[1.7895325987859003,49.247868037421206],[1.7643521273092135,49.2630859414422],[1.7345063044967537,49.26899820204799],[1.7104793339744566,49.26446416218004],[1.7043642065965865,49.232201775163404],[1.674090204376027,49.210248479159524],[1.6643738026115165,49.15336752369717],[1.655777439712795,49.13016217033744],[1.6350518648476458,49.11430020855939],[1.6087960706299218,49.07789415353795],[1.6017185942276444,49.08450261108525],[1.5570756944651978,49.06962240086733],[1.5380423840651944,49.072342033316],[1.4848834480593345,49.05154791492779],[1.4607983669865394,49.0627440580796],[1.4474328265726297,49.04518805211747],[1.4577625828067995,49.026291046220386],[1.4770779834042216,49.01679764336922],[1.477085024550759,48.978790316157344],[1.4974212515808907,48.97955944476306],[1.5015238197988665,48.94105360615515],[1.4613084344852056,48.93755797274698],[1.4483097630235757,48.92433060014346],[1.471281965082692,48.897831449765356],[1.4549910456481823,48.87032343188624],[1.4093616066102121,48.86115348650526],[1.3621810029001884,48.834179003372945],[1.3583524111815377,48.8164325477948],[1.3769640090609683,48.791769052281],[1.3195484140595357,48.76096509555226],[1.300298160774345,48.76753862976326],[1.270215830640388,48.75748087478701],[1.2460222122058793,48.7696776023494],[1.184730602501536,48.77263016325766],[1.159490184478893,48.769724918274406],[1.1521108654240828,48.78556141919787],[1.121402821755998,48.789193818459175],[1.1186480947364004,48.75458615785833],[1.0957317749783022,48.74871690601713],[1.0590671926768536,48.756763319856546],[1.0140709189239645,48.7280968183202],[0.9614508974400996,48.7257249507322],[0.9552461079026382,48.71678344138858],[0.9023959771326227,48.7106473551684],[0.876707237647973,48.71549244581689],[0.8619896827437209,48.68705769224572],[0.8276671061162353,48.68072356503085],[0.8148191028635925,48.67016796018795],[0.7822053215915061,48.66652415160697],[0.7640759546715993,48.67527365639454],[0.7660502318369231,48.69679825478523],[0.7433928921084365,48.71690523836887],[0.774959043114129,48.73752726458568],[0.7508055582409985,48.75949683157833],[0.7584300486684715,48.767971967774606],[0.7319447587721393,48.78545800743581],[0.6889623683560373,48.79460354988005],[0.6687110370739024,48.80802140346215],[0.6078685100835315,48.832489316673694],[0.6109659813863897,48.853218358881485],[0.5780409793892106,48.89364694598877],[0.5525030083730612,48.87553783157171],[0.5021397353658976,48.878150204150515],[0.4761125006440536,48.88686266076319],[0.45358528537402837,48.88019513771439],[0.4200659412941513,48.88818710783798],[0.42156714219561403,48.89864779537123],[0.38618934896504153,48.91041450585282],[0.3907837746929919,48.9271332888758],[0.412814532889088,48.950626367694355],[0.42880993562155445,48.96612177413988],[0.43394360004573646,49.00495438261333],[0.4462781902001329,49.014969905257644],[0.42590416560578637,49.031961024526844],[0.39019525565888735,49.03437482486719],[0.37767980975475124,49.04945033019971],[0.37935511955028134,49.06776772669734],[0.40780490572913114,49.07739021420981],[0.3997150635817522,49.10053337795652],[0.4267310809928099,49.146911914644164],[0.3858907764132056,49.15405567420366],[0.3947289759189785,49.20844416130579],[0.36654884147794087,49.21588212665217],[0.33741825014085014,49.23147819071951],[0.32113000687689647,49.24813594819387],[0.382786744119418,49.26401647481274],[0.3808108509605511,49.28238539554381],[0.3648958938390429,49.29519774636941],[0.32302317286212995,49.29699256482139],[0.31206679218437866,49.32225733229892],[0.32342800534930133,49.34064201714996],[0.30171362422988823,49.37130535987279],[0.30882332255488343,49.38786856245116],[0.2972244202906153,49.42986163728299]]]}},{"type":"Feature","properties":{"code":"28","nom":"Eure-et-Loir"},"geometry":{"type":"Polygon","coordinates":[[[0.8148191028635925,48.67016796018795],[0.8276671061162353,48.68072356503085],[0.8619896827437209,48.68705769224572],[0.876707237647973,48.71549244581689],[0.9023959771326227,48.7106473551684],[0.9552461079026382,48.71678344138858],[0.9614508974400996,48.7257249507322],[1.0140709189239645,48.7280968183202],[1.0590671926768536,48.756763319856546],[1.0957317749783022,48.74871690601713],[1.1186480947364004,48.75458615785833],[1.121402821755998,48.789193818459175],[1.1521108654240828,48.78556141919787],[1.159490184478893,48.769724918274406],[1.184730602501536,48.77263016325766],[1.2460222122058793,48.7696776023494],[1.270215830640388,48.75748087478701],[1.300298160774345,48.76753862976326],[1.3195484140595357,48.76096509555226],[1.3769640090609683,48.791769052281],[1.3583524111815377,48.8164325477948],[1.3621810029001884,48.834179003372945],[1.4093616066102121,48.86115348650526],[1.4549910456481823,48.87032343188624],[1.471281965082692,48.897831449765356],[1.4483097630235757,48.92433060014346],[1.4613084344852056,48.93755797274698],[1.5015238197988665,48.94105360615515],[1.5073440226070087,48.927598989147334],[1.5386150005667363,48.92179645733065],[1.5385208308731109,48.90668492167043],[1.5595052783343866,48.88205164409549],[1.5462315883376268,48.87242890235984],[1.581598875031263,48.85499897015231],[1.5772685877162862,48.84436076548629],[1.5912030850964909,48.814869639400584],[1.5756742260519878,48.7905067944881],[1.5875947031508344,48.773602302755286],[1.6263993499269267,48.748094297484094],[1.579545829918285,48.70181187348942],[1.6117708691618606,48.68947111646258],[1.603118482168126,48.66241796207503],[1.651574528306872,48.63812870428749],[1.6662188615195896,48.613706715891],[1.714895681919355,48.61439494545783],[1.7019890546581085,48.58499862181419],[1.7092527874670105,48.57802434626235],[1.7653297161980415,48.56937104099974],[1.7872450519775867,48.55374456486673],[1.775751488475668,48.52770729661422],[1.7768442507697113,48.50931096191216],[1.8032057888939028,48.472565678495286],[1.8321369890615689,48.467581442678565],[1.84486306037181,48.4493607065379],[1.8716851573650342,48.43978475842447],[1.9064022701801788,48.44014576962788],[1.9221489648373706,48.457600286064135],[1.940657409608177,48.42520626181189],[1.9258935288275238,48.412738189076535],[1.9765777946992387,48.39938447447991],[1.9734600276085819,48.38883055198841],[1.9868210109251592,48.36214189229105],[1.9699915637784469,48.33969146951863],[1.9799848326906437,48.31848007972407],[1.9592272366957604,48.308689574530625],[1.9752916566344318,48.28719843612737],[1.9940847180593788,48.286585877943075],[1.9878756044776544,48.268707563969706],[1.9654790051841269,48.255466245296866],[1.9625953467362638,48.22259665048149],[1.9514550396684471,48.18958117854365],[1.9250485316689847,48.17448662149941],[1.9033398897931277,48.152806309750886],[1.920402814020387,48.14638533996389],[1.9010631123528121,48.129720309688054],[1.8843851938361136,48.097661066466635],[1.8656712589157682,48.08385719871519],[1.797975547328593,48.07686831186792],[1.7448338583126362,48.0661443495906],[1.6789955266507441,48.065829398062704],[1.6556783876479508,48.076176598146596],[1.6245928719693987,48.067222742913955],[1.6138290938946773,48.04498314926178],[1.5941156652809598,48.03069992074373],[1.545306911308587,48.0445885217016],[1.512975755811939,48.02872178084264],[1.5266687471482352,48.00726560320355],[1.5201238283340488,47.982278476987],[1.4396560496498594,48.01194932329023],[1.4372409526093535,47.9764987201296],[1.4068828320031919,47.97009659263769],[1.3869462890722553,47.9812831788851],[1.3700158222874876,47.95374905485532],[1.343701298620938,47.957530775683054],[1.3086281518302283,47.953853799768815],[1.2995800659732568,47.96816150698365],[1.262653160836444,47.96284180147032],[1.2456512469484482,47.979278052584],[1.2096430686639739,47.96850051668402],[1.1695601007353318,48.00668912927458],[1.1666303937374705,48.02739182079259],[1.122713770015408,48.035980030467925],[1.1031936171142485,48.08108800423722],[1.0260026950898764,48.088407307781466],[1.0085477409246668,48.0831267789959],[0.9915488801693668,48.09741164653938],[1.0456264025684945,48.11762847776995],[1.0387342870949972,48.13165484141439],[1.012548026499917,48.132548614185936],[0.9813105576003316,48.119560230186515],[0.9502768856001645,48.09927549241419],[0.9440295929845693,48.11237193590575],[0.8909295923841402,48.10206310395515],[0.8758906410789156,48.10943550861685],[0.8412172317044129,48.10306240932052],[0.8525696983122546,48.133605674559426],[0.913802022562964,48.13512781830264],[0.9116186783263119,48.14886135015183],[0.8619836907733601,48.16682130452495],[0.8367739335625146,48.166991974853865],[0.797655838494225,48.19445221754921],[0.8302416950484665,48.21430027818372],[0.7875964742272762,48.26131463776064],[0.7958184564245077,48.28648186022423],[0.7688672771787132,48.32194393371593],[0.7854319060188925,48.34042724028456],[0.8187477629538905,48.3492990187552],[0.8837069426865347,48.35671469741493],[0.9090291135378351,48.37025942165492],[0.9486303005350746,48.40254075139077],[0.9439900556805834,48.41543779690512],[0.9584142860496184,48.442595257597894],[0.9357072927920254,48.475553713886015],[0.956288496333069,48.48228110680156],[0.9539997024327551,48.50383926047164],[0.9667159729358187,48.52408891339411],[0.9226089134985012,48.5377152127879],[0.9387576535104647,48.55055845317247],[0.8912620563004201,48.57217735609871],[0.8676826582446395,48.57348477486485],[0.8495690718886973,48.584317085863454],[0.8465847869380818,48.60477987546661],[0.8177592533729132,48.616321964340834],[0.8268154990669214,48.63060614219509],[0.8148191028635925,48.67016796018795]]]}},{"type":"Feature","properties":{"code":"29","nom":"Finistère"},"geometry":{"type":"MultiPolygon","coordinates":[[[[-5.102603031250701,48.43611710405846],[-5.103600745641675,48.47233254581352],[-5.065760515653101,48.48139267104152],[-5.04035308104457,48.46511684576535],[-5.063102244199608,48.44905420596996],[-5.102603031250701,48.43611710405846]]],[[[-3.6591438196705743,48.659209780669244],[-3.6542763238260356,48.61697438924653],[-3.6411048139943123,48.596795685658186],[-3.5900947382947392,48.58273907967781],[-3.5933075055755452,48.55460449049691],[-3.5699848146891386,48.55609659253676],[-3.55387113158307,48.53037692213068],[-3.5820087289476406,48.50685582272],[-3.6045363791794003,48.49579010573053],[-3.5989459676290556,48.47050839949987],[-3.5813817787905893,48.46480510230907],[-3.563244712868301,48.43986658912548],[-3.6005386081976343,48.42162432587916],[-3.605518820600736,48.38654294008208],[-3.5545842830629764,48.37776678483146],[-3.556786825742612,48.335519987867116],[-3.540871846305997,48.29905273798831],[-3.518062717927428,48.281842614354964],[-3.5259985674913756,48.26077449475174],[-3.553237531594755,48.241947687032244],[-3.5577832202588646,48.22853101061742],[-3.538217936786089,48.20645883664802],[-3.564838973733329,48.18574694305737],[-3.6283881260752544,48.1687248221492],[-3.6518557265570566,48.156583426737576],[-3.69467505545132,48.15091429371495],[-3.7155113160954,48.14222278424499],[-3.717299501973206,48.12152104588753],[-3.73401071349441,48.11285300326305],[-3.725890623875097,48.09496610205945],[-3.7032714693453843,48.08734402006448],[-3.69816707482359,48.06231160032721],[-3.675286774640338,48.059296687637904],[-3.662606521516704,48.02008121333488],[-3.640231533075075,47.98524271311537],[-3.5813379803683882,47.98707045002737],[-3.5552758457516087,47.993098470462],[-3.5156118733539357,47.97536899639446],[-3.497303664400367,47.97663709189755],[-3.4813997640454386,47.95187230610157],[-3.4627039996577236,47.948470485246176],[-3.4128264844188565,47.9741964735994],[-3.3922406780637284,47.95650358632056],[-3.4015047820862296,47.94296944095624],[-3.3870295747062062,47.925240278144464],[-3.406618446285296,47.917155590887866],[-3.4040114963344528,47.86615562756545],[-3.449172314379866,47.861897916786695],[-3.4584776087007003,47.83672369691625],[-3.488375735328993,47.82369125414433],[-3.5117214211485104,47.83199375246112],[-3.523004293499609,47.84914685714251],[-3.5396513689234244,47.83617965304551],[-3.5425770850250635,47.82151227934617],[-3.5229226544939514,47.80223614015396],[-3.5386344188426375,47.76264176980493],[-3.5641121250447267,47.76861005548025],[-3.6173293885938573,47.76951026006133],[-3.666828405107558,47.78066980771674],[-3.6808401232958055,47.776789568451115],[-3.7359638663585395,47.80568353533829],[-3.7620343226442494,47.790565500089855],[-3.80058711359008,47.787633168752826],[-3.8206966045621122,47.79704005110039],[-3.8510582202094192,47.79595113220543],[-3.9014575009234087,47.83811402726429],[-3.9352297901853737,47.88271768897734],[-3.979285765673716,47.90506331053172],[-3.9892426691277407,47.88124042404969],[-3.9779071580540446,47.85370904171028],[-4.041402101062129,47.84560407995417],[-4.071579359966193,47.8639343495831],[-4.12605004973185,47.864172382493564],[-4.163559448578027,47.84918510804166],[-4.175106219653961,47.87596847062619],[-4.1971340520002265,47.86102385449842],[-4.179428919445678,47.83927438037873],[-4.15940114971976,47.8318173246385],[-4.183013010492385,47.800536704160066],[-4.2165887057710965,47.793144928603546],[-4.269232846114915,47.790984442793075],[-4.298541674244525,47.80045582335789],[-4.362405222202317,47.79574452412905],[-4.379252075100091,47.82205366025167],[-4.349806909070088,47.830787344673475],[-4.35026147711619,47.85720715426938],[-4.367485583327389,47.895018967431604],[-4.388015035003269,47.926654784945555],[-4.423497441952159,47.9629190746406],[-4.45357212479016,47.98178335103627],[-4.509946245392576,48.00508930612951],[-4.540544158513848,48.01277237320508],[-4.564748323475724,47.99983217909559],[-4.617153960280601,48.01668341623001],[-4.632961817787164,48.029371518298575],[-4.65236486621254,48.02197780046869],[-4.699486095336003,48.0276385517676],[-4.716343505589336,48.06246408637442],[-4.673766453815838,48.060832956449374],[-4.6659348329354255,48.07024114770002],[-4.621727492652852,48.068543619046565],[-4.5801348626137575,48.08191194086029],[-4.553615731275088,48.07713834742257],[-4.532513782688574,48.08825622911054],[-4.487667360513949,48.086548703734806],[-4.466691486895225,48.09914603365788],[-4.42937785197245,48.09921479885298],[-4.374400199477134,48.110160305908614],[-4.306988535338467,48.089182615717235],[-4.2855866218113725,48.104744565148835],[-4.2837220130952955,48.126900982468996],[-4.271721077823729,48.133056537289555],[-4.273083579380047,48.15418112435729],[-4.295843919274587,48.16142932399722],[-4.292060558661123,48.17634830008409],[-4.303105949344183,48.19481221480856],[-4.332028821902894,48.20625396161038],[-4.367421587366783,48.20518414807059],[-4.376408546426716,48.217120176811314],[-4.462948817851071,48.23822329999254],[-4.501654363959345,48.230424062827204],[-4.520558957420493,48.191481893648785],[-4.5541301011022846,48.167773715825284],[-4.55239723973961,48.20798329589854],[-4.564023813101924,48.232230611567076],[-4.544514592316071,48.241191573122464],[-4.556269907144756,48.25839883522839],[-4.583648389279179,48.25188609816883],[-4.606432460120089,48.260804316606915],[-4.566613794720501,48.286343567274294],[-4.5805180078903875,48.31953640425027],[-4.553173678040408,48.33877871593713],[-4.545322996139177,48.32453014489154],[-4.552688342449066,48.29433138900056],[-4.535044973995933,48.28408016653001],[-4.51791127193264,48.29532344340755],[-4.502598847108407,48.28086108393083],[-4.455054516900592,48.292768680960236],[-4.423778354693354,48.291677200748616],[-4.4121268947877414,48.27743520886878],[-4.384499553201252,48.27515572709832],[-4.338007897909741,48.28559363845158],[-4.308030328849242,48.29716811390846],[-4.271673566367982,48.29591729189257],[-4.261871578053853,48.27947084714217],[-4.223087545336637,48.296299071102354],[-4.281228861951339,48.314447470573086],[-4.328634688910267,48.31488418033181],[-4.316134692309666,48.335818592679146],[-4.367224196551887,48.34371171314183],[-4.375256083838373,48.32630324311795],[-4.442251665475733,48.32677107157494],[-4.443889468046649,48.34883595893029],[-4.402940735996712,48.390022498012094],[-4.424948261340765,48.397597431903],[-4.435282416373567,48.38339288656854],[-4.458114014938408,48.385867352822785],[-4.5070286895447,48.375178986581524],[-4.538022709122905,48.357127206507],[-4.54966862065911,48.362005158047474],[-4.608723907528041,48.33788748522352],[-4.628097678951578,48.33751415715651],[-4.678429988988318,48.35543131935038],[-4.69483398347226,48.35279072707112],[-4.707560306796703,48.33232585661272],[-4.7722963997844206,48.329183978768505],[-4.769925202904266,48.361796246678736],[-4.760909970272357,48.37274934621913],[-4.774449224429342,48.389388669092874],[-4.773685539184036,48.40492512169256],[-4.79490980371592,48.41306522400434],[-4.778308286782586,48.44933411185572],[-4.759049827922969,48.47040485137466],[-4.777001937365527,48.50311695180772],[-4.757988885564184,48.52093310825663],[-4.762396097201912,48.530913179201654],[-4.730582004767845,48.556349210517865],[-4.704749488588449,48.56897618289027],[-4.681095549020893,48.56731997011509],[-4.627815146836776,48.57891940354545],[-4.6098896150813555,48.575823083209116],[-4.590772268866488,48.59402847039412],[-4.562764141371104,48.59817521227606],[-4.557624352657544,48.623470387580625],[-4.519579706212667,48.63461429836846],[-4.501808596546954,48.621190515057386],[-4.431795383056437,48.635233047605645],[-4.417756994812844,48.65471295900724],[-4.398044453426728,48.65561657189681],[-4.35001885330614,48.67651959770488],[-4.3167824361752904,48.67199333723616],[-4.271733741368674,48.64950099695784],[-4.223767566780155,48.648361716153644],[-4.209602839214799,48.67044798555623],[-4.186935690423405,48.68646122790089],[-4.1089633691562515,48.69443456873133],[-4.057584711672935,48.689257976253764],[-4.0534274992711286,48.7032941013924],[-4.032990823785386,48.71270325427199],[-4.0005346564303155,48.71162801931488],[-3.9834396203178497,48.72630319219002],[-3.9668110875090608,48.7196296260678],[-3.973629366481163,48.70388914743309],[-3.9694817850407995,48.67541780327085],[-3.9494614719873633,48.65286849015005],[-3.9035069777805154,48.66440380162745],[-3.8895722831453385,48.64166403341278],[-3.845544973771357,48.62696293321332],[-3.8562366572284197,48.64905420905967],[-3.8458155271587935,48.66164492704556],[-3.8544747780529227,48.68637205322022],[-3.820777313163899,48.701354575208065],[-3.7874874253592217,48.70179551925303],[-3.765699137667055,48.70888608345991],[-3.7332511605024314,48.70742218765922],[-3.702432092334233,48.69038564489073],[-3.6591595380103863,48.69489143579908],[-3.642801218211254,48.672120238447434],[-3.6591438196705743,48.659209780669244]]]]}},{"type":"Feature","properties":{"code":"2A","nom":"Corse-du-Sud"},"geometry":{"type":"Polygon","coordinates":[[[8.573411068108614,42.38140571205032],[8.594967598626758,42.370442888773276],[8.640801666424288,42.373436353833],[8.650412807593723,42.36235593170432],[8.681978913121439,42.358465400722466],[8.68321233664994,42.348405991522625],[8.715164693117954,42.34731408789375],[8.759078812317421,42.33804006429769],[8.770887277733078,42.324764827713246],[8.819561377056067,42.317558041882876],[8.861675727165986,42.32811167142221],[8.859024483697455,42.29995020570288],[8.87520921911696,42.29428830686922],[8.881953886518218,42.27178078880156],[8.904766989145307,42.253859280700944],[8.933097537277835,42.25043111224553],[8.947076130982284,42.23422817213641],[8.973044637723564,42.232597522891176],[8.991464818157644,42.216579484852076],[9.024603276811161,42.20363389421303],[9.04565931380628,42.206923431408285],[9.050611468499882,42.17000397791563],[9.064131426559902,42.166950715680095],[9.08185038106952,42.1259098454875],[9.123403164538574,42.10551607054204],[9.13482913062442,42.08700036410981],[9.130916384150003,42.05440439115911],[9.161526350789277,42.024930468066465],[9.188367061229057,42.03108582200928],[9.221084024655989,42.02759696053908],[9.223140183667368,41.95046593535651],[9.230490115935124,41.932324073627385],[9.220925415083576,41.9218761454385],[9.248804246301058,41.908855875310024],[9.25220736357214,41.898984720376],[9.234965106156862,41.87934237596686],[9.22749739090474,41.85558903234784],[9.236915461534869,41.84652580746613],[9.270702639104186,41.840591858357556],[9.301434820029463,41.84490426472732],[9.309095237783188,41.832145235940885],[9.329474334205734,41.83678041560044],[9.37190803582647,41.86500821735677],[9.40226832441199,41.858698242272276],[9.406272769840172,41.82236027573807],[9.394129959534725,41.79894602702587],[9.40804423486613,41.765964137404545],[9.399816891537837,41.692798815395356],[9.372306452198895,41.67882801196141],[9.3867990309586,41.66013485456259],[9.370050242610121,41.63650941542051],[9.354744447894907,41.64070711833988],[9.336739554234802,41.6215416098364],[9.287840387799415,41.60914794779935],[9.29567773050855,41.58331885207275],[9.318350951823037,41.60473961141595],[9.342535240446413,41.594200027915484],[9.365038855194317,41.596441470607836],[9.340900099192766,41.559245310577836],[9.30264040024383,41.54562427007991],[9.283924696074152,41.52045330843586],[9.275938375380612,41.496440290295695],[9.28564621195539,41.481455763871594],[9.256106433634463,41.45544645978787],[9.223954643701347,41.44249242165367],[9.226384203660677,41.41695973685865],[9.2502303450001,41.4084598048058],[9.217973376538382,41.36822599455603],[9.179838238258498,41.36705499317599],[9.167240749781808,41.385592289043764],[9.148965906928566,41.38520002286676],[9.123343747407722,41.39749027875982],[9.092348336772952,41.39866884973409],[9.104353270113341,41.4255060819188],[9.097269216996475,41.44376682791671],[9.074312339266525,41.44292158486769],[9.039677264505034,41.46863417186722],[9.0227210321415,41.46376611394031],[8.99284982541176,41.48539712661482],[8.959459141628432,41.49213642659868],[8.921974806573186,41.49333335996221],[8.91474945736704,41.50721159848068],[8.884614957295412,41.50507147381323],[8.877812471356815,41.523794319360206],[8.852559366284032,41.53340920646009],[8.839699710816092,41.54602923754972],[8.82073184232227,41.545714667370824],[8.800523477489595,41.57188276189636],[8.775873328951134,41.59168224390554],[8.789698855828817,41.605741813229336],[8.793554350339635,41.62955326123481],[8.821776132159119,41.63009123019617],[8.850720584313095,41.64641263412892],[8.869502509562649,41.64609463570318],[8.880911938109922,41.66809704399582],[8.915782780480423,41.68156786818509],[8.914509146058741,41.68972719719775],[8.841281825467787,41.69754888764182],[8.812716636350928,41.71412605870484],[8.773461665894612,41.71202820764472],[8.78400108030721,41.73521507782763],[8.77244949030242,41.74151395397478],[8.721540704721875,41.724158153889434],[8.686037575634304,41.748045833798216],[8.713140775389308,41.760833711858524],[8.730281258947743,41.776823799920166],[8.70924681599125,41.79940893302203],[8.740535859236362,41.80060842998491],[8.770981055994985,41.811121572150675],[8.784393807344568,41.830407894413874],[8.790279130273717,41.86641909560435],[8.779265166063484,41.88361463279185],[8.802495279594497,41.89037396990991],[8.780329131904372,41.924549684275014],[8.740124001713054,41.92079895025009],[8.717470184551035,41.90771623226959],[8.671249490634217,41.90478838139739],[8.641453371512307,41.90989807542862],[8.613429079275429,41.9012604850547],[8.620491915709744,41.92638143385013],[8.59770740264425,41.95324242752227],[8.614841081409581,41.97132815848069],[8.646060498119223,41.96813286974832],[8.665774103171897,41.978579613548604],[8.656419834192247,42.00934596433834],[8.690325750960795,42.02759574803638],[8.702100729051129,42.02667306302128],[8.741332481964943,42.04090929509705],[8.739158783588737,42.06270232429793],[8.719858223120928,42.063513495459055],[8.71025694439948,42.09582422568561],[8.683317701085334,42.10767939043072],[8.658338303250986,42.10633293826876],[8.647011374442783,42.121135348279964],[8.62381016858365,42.12310886026918],[8.577473591502791,42.15655723250558],[8.590170524060465,42.16388769237882],[8.578216021601701,42.188552849158576],[8.581385985210854,42.20594433664427],[8.56099542798187,42.23688048012684],[8.615721768949843,42.253944800849766],[8.689105710448825,42.26352397175119],[8.690120554846226,42.27821075076003],[8.65998027654801,42.30242037262011],[8.637554534466465,42.30184726505929],[8.62490287547782,42.3121592221741],[8.628148233048128,42.338703487843894],[8.614873875271428,42.349587758831014],[8.59038224862291,42.35235664185015],[8.562054289065225,42.33282223020302],[8.551790417379964,42.34737867747405],[8.573411068108614,42.38140571205032]]]}},{"type":"Feature","properties":{"code":"2B","nom":"Haute-Corse"},"geometry":{"type":"Polygon","coordinates":[[[9.40226832441199,41.858698242272276],[9.37190803582647,41.86500821735677],[9.329474334205734,41.83678041560044],[9.309095237783188,41.832145235940885],[9.301434820029463,41.84490426472732],[9.270702639104186,41.840591858357556],[9.236915461534869,41.84652580746613],[9.22749739090474,41.85558903234784],[9.234965106156862,41.87934237596686],[9.25220736357214,41.898984720376],[9.248804246301058,41.908855875310024],[9.220925415083576,41.9218761454385],[9.230490115935124,41.932324073627385],[9.223140183667368,41.95046593535651],[9.221084024655989,42.02759696053908],[9.188367061229057,42.03108582200928],[9.161526350789277,42.024930468066465],[9.130916384150003,42.05440439115911],[9.13482913062442,42.08700036410981],[9.123403164538574,42.10551607054204],[9.08185038106952,42.1259098454875],[9.064131426559902,42.166950715680095],[9.050611468499882,42.17000397791563],[9.04565931380628,42.206923431408285],[9.024603276811161,42.20363389421303],[8.991464818157644,42.216579484852076],[8.973044637723564,42.232597522891176],[8.947076130982284,42.23422817213641],[8.933097537277835,42.25043111224553],[8.904766989145307,42.253859280700944],[8.881953886518218,42.27178078880156],[8.87520921911696,42.29428830686922],[8.859024483697455,42.29995020570288],[8.861675727165986,42.32811167142221],[8.819561377056067,42.317558041882876],[8.770887277733078,42.324764827713246],[8.759078812317421,42.33804006429769],[8.715164693117954,42.34731408789375],[8.68321233664994,42.348405991522625],[8.681978913121439,42.358465400722466],[8.650412807593723,42.36235593170432],[8.640801666424288,42.373436353833],[8.594967598626758,42.370442888773276],[8.573411068108614,42.38140571205032],[8.608843089791446,42.38638181068826],[8.608422093704315,42.416825413431944],[8.623443614293404,42.421015734058656],[8.655236173325635,42.41573491228313],[8.67479692494207,42.47624538852454],[8.664552800602856,42.4929949414802],[8.665497159436656,42.51362834780463],[8.696840811820111,42.52558454397895],[8.71045001223845,42.52370248684714],[8.720517193362127,42.55564630552545],[8.756417557530522,42.570659862791466],[8.760441827402945,42.55857137100389],[8.787065945635801,42.55803097954457],[8.804094980454654,42.569860341632605],[8.808932860020777,42.599055946968434],[8.87503956071919,42.61316864013493],[8.881531586278046,42.62934512068445],[8.902416916945402,42.62713736501694],[8.918133832632359,42.63690557613399],[8.94178034180466,42.63409527809801],[9.010380292350433,42.64035285104823],[9.061821349825943,42.66509048310729],[9.053801584912287,42.67995503339286],[9.085757984829678,42.714606767529766],[9.124558531022126,42.731635182878094],[9.168148283828739,42.73637983567517],[9.19805748276381,42.724981437235],[9.220663922308333,42.73560950529737],[9.293321757624451,42.67431591000078],[9.32260417864183,42.69810306283922],[9.32247464967814,42.71680913865703],[9.3451446458748,42.73666315749103],[9.337520755219344,42.765033852323455],[9.340204735886463,42.800597016108405],[9.311621298469504,42.829728091907505],[9.331968178166248,42.87026782937916],[9.322219609930274,42.899631062547094],[9.347705223407253,42.91305574845976],[9.358875948356951,42.94492748470534],[9.340869996691138,42.99446130565274],[9.359044857554936,43.006721643949774],[9.413672465126256,43.00653079400656],[9.463553614767086,42.98640316480421],[9.451876286538043,42.964357928208706],[9.466129664769332,42.9409504747163],[9.469036245492854,42.90508876257289],[9.48223146636352,42.86451840047255],[9.491086000893741,42.79496852775402],[9.47207892681302,42.7705337050651],[9.446187747709702,42.67357644963208],[9.474879109198852,42.62483253404349],[9.514827798261265,42.58472928229309],[9.527302925634157,42.566105171529315],[9.53474359181352,42.523009178263784],[9.529616852014632,42.489443970187914],[9.54134697029719,42.455927275892016],[9.543397471188387,42.428489580925785],[9.532439507617266,42.38377840928965],[9.537662619936489,42.34360270025531],[9.559720920174655,42.281366796993574],[9.552574586239787,42.23523928410182],[9.558966860048981,42.19643769306218],[9.556601094642179,42.14214728519851],[9.549983013016067,42.104163972329616],[9.530222254216497,42.08620807802025],[9.466958564261997,42.01274493764188],[9.441543252653778,41.98975134561307],[9.41378283019094,41.95570089844187],[9.415949003320323,41.927960722873955],[9.397017056900047,41.87461789997752],[9.40226832441199,41.858698242272276]]]}},{"type":"Feature","properties":{"code":"30","nom":"Gard"},"geometry":{"type":"Polygon","coordinates":[[[3.373648044830684,44.170755872105644],[3.4308257080086695,44.14799915248837],[3.4397298934659637,44.12909826593223],[3.4814122244595582,44.12400876421138],[3.505848181205205,44.12627491460725],[3.5464898950428156,44.11382085664054],[3.5683776807910426,44.12255725261015],[3.607405064801489,44.116029399262366],[3.632837509244816,44.12122297377445],[3.637535082199747,44.1758044419647],[3.6577924199864618,44.17331757538967],[3.6835417745626877,44.18049607631633],[3.706247388904811,44.16469033158088],[3.72562362185747,44.164239828951345],[3.762454627385766,44.148796144815584],[3.7969951126604835,44.127389079486896],[3.8224027407450274,44.13619346399231],[3.8720717351442726,44.12886978328462],[3.894888943932836,44.14779538799471],[3.9526044819739092,44.170793726068595],[3.959878514814277,44.191253656704994],[3.9387003573911197,44.19367822410952],[3.9501597790209626,44.223545860744586],[3.9461674161736497,44.242375852165004],[3.973127020352843,44.2525823769431],[3.956793721250768,44.27180072553845],[3.9355689182657865,44.2747470409525],[3.9362541551640287,44.29349216194984],[3.922858913740669,44.30521794102567],[3.9446647587995822,44.31912094308078],[3.9127709736236946,44.36850586796493],[3.8859181039452233,44.38799905234691],[3.9079213910830926,44.4026196632778],[3.944362317344653,44.39956750349231],[3.961144148606084,44.41397029137253],[3.9762196820180424,44.441115482032224],[3.998162987763964,44.45979755586323],[4.037601702020996,44.44572224016011],[4.047796695540712,44.41806858494041],[4.068441217053273,44.40511357294197],[4.052980345425569,44.3786960081517],[4.053413964443739,44.339252388242215],[4.0368642122249785,44.330767432006844],[4.051451662788466,44.31732365711701],[4.0716271173670755,44.327301470845015],[4.126751899132338,44.33773352004587],[4.142867700090412,44.31335085540006],[4.177742579074996,44.317880186655266],[4.186703448446319,44.299689052797774],[4.215253431785848,44.290671875558495],[4.241323541622981,44.270098246787754],[4.25884619798255,44.26478557642796],[4.277460812236595,44.27473441763758],[4.2894083121626245,44.293211983267184],[4.288429093459214,44.314658540974904],[4.321723881147898,44.32398630005241],[4.336073225463424,44.339522743700286],[4.366781304696769,44.339496632938484],[4.386524834610318,44.346613952796865],[4.403209845144098,44.33389735712032],[4.390787503015712,44.30304942711613],[4.398976853249833,44.288946280259694],[4.432780130031507,44.28698938355873],[4.448416311728308,44.29660651655647],[4.4511432681787,44.33458990256618],[4.45762136443186,44.34163465741125],[4.503310494319003,44.339246206238236],[4.54446827908279,44.320768740097236],[4.5569412251008385,44.30414412850996],[4.606815593785338,44.290470941442756],[4.61814481108176,44.278546617366906],[4.638060170291897,44.28296923867679],[4.649223666100485,44.270359865010946],[4.654069363595851,44.25434245648795],[4.674835744164297,44.23855142877028],[4.676647952353196,44.212568030429516],[4.706545407713171,44.21443008164891],[4.705782650078868,44.192789712499234],[4.722074664233516,44.18742154948267],[4.707458356688192,44.10367246401244],[4.730134251131141,44.0790279145671],[4.757852990967429,44.07724513689432],[4.787978024928094,44.06505409747017],[4.789122145192578,44.05219781937887],[4.8376753047986,44.01494231096372],[4.842106431474998,43.98647433852841],[4.8159847814707275,43.98880175042401],[4.815061095574236,43.96762596960125],[4.779022226905269,43.937890875835855],[4.739060856654237,43.92405947349057],[4.723369654284791,43.90595389117946],[4.693327338994554,43.88497348729056],[4.641909591242105,43.86747754714164],[4.666304849946619,43.84477593971714],[4.6424160670333485,43.83143872315902],[4.654752667357286,43.80231435958277],[4.6512411791496495,43.782277934314685],[4.62998556436456,43.76267064663956],[4.613635008064088,43.72981961114202],[4.613036230103559,43.71429404725378],[4.627660521184518,43.69054089775907],[4.5930322483013235,43.687462402972955],[4.58188049548336,43.696373117975405],[4.5369411541005595,43.70751108523803],[4.487236861293796,43.6992377666192],[4.475496620134662,43.67109343801706],[4.4542439312837825,43.66662787515181],[4.427040425527008,43.62067740923795],[4.439746618135546,43.61067366667502],[4.475231595661822,43.60829885495057],[4.450257392496214,43.58355447784505],[4.425539875574249,43.5852225597615],[4.409349673740097,43.5611278006361],[4.353650066858599,43.54739365400947],[4.295851866824911,43.51453493286982],[4.239683975737728,43.499174558069626],[4.230283393392478,43.46018543272639],[4.165622110206285,43.47191333107422],[4.12719685937579,43.48945145875348],[4.116910879157792,43.508975353807415],[4.13888058730906,43.53212392513865],[4.1010416754063925,43.55437094640862],[4.109405863103809,43.568485089709014],[4.098910460898469,43.58523878512484],[4.124013506161594,43.58895024124645],[4.168767208555132,43.609030770419295],[4.19101716179093,43.63923214645544],[4.194485354419471,43.653448436512676],[4.162849158006259,43.68732177934626],[4.163624537724226,43.70657178584523],[4.144780927023585,43.73388653553411],[4.114038963229966,43.73774213316613],[4.085559128122547,43.767493809895264],[4.054004107876562,43.77221337157522],[4.053530448080167,43.78560921749941],[4.002046166191344,43.81146444231582],[3.974348495402355,43.80147398295832],[3.9617205831596944,43.8167773461929],[3.9725832619500827,43.83722722610361],[3.922097434480497,43.85838300161044],[3.919593011194314,43.88129069251848],[3.858311217120308,43.87706482556825],[3.849320972386986,43.86820739246809],[3.8060678269182384,43.87790410064622],[3.799542371073363,43.89081274352567],[3.8290153156909916,43.92451362259504],[3.820307051180645,43.942408448784796],[3.7964825512716502,43.9435656989855],[3.783735333757727,43.96771518482477],[3.743769681529186,43.9666083634669],[3.7321754924092114,43.97201470844574],[3.6823066705348104,43.947443190978206],[3.672466832939281,43.91160371751443],[3.6235886150953553,43.91697856675755],[3.5754482408134063,43.865522240877404],[3.5994166278303736,43.85472891826037],[3.5778543279413246,43.84392003202783],[3.5307009207380955,43.85562471396163],[3.5232801410108805,43.88592559562791],[3.5133433004920533,43.89620522669112],[3.4825869494241135,43.88988383609219],[3.462718642490944,43.87205197750373],[3.431373451816578,43.87257632839371],[3.4393061475282316,43.89791410822335],[3.4244480676686226,43.911598168447306],[3.3583594413044624,43.913832893255005],[3.3515992359998137,43.93803681173031],[3.3781609146564224,43.967548345837926],[3.4054945930695584,43.9702673408017],[3.420487392791084,43.99414155773302],[3.439167690806169,43.99803716044466],[3.449940594755056,44.020259628606446],[3.4323231338542683,44.03257989364055],[3.3670810890076868,44.058216824075586],[3.3407758500745954,44.05682580426664],[3.3289104186209886,44.079029903874805],[3.290256259022499,44.07173186446177],[3.2640453082464216,44.09159000805124],[3.3243979232334686,44.11534226731356],[3.3202909661039373,44.13590273654235],[3.3360602348274,44.15867236265549],[3.373648044830684,44.170755872105644]]]}},{"type":"Feature","properties":{"code":"31","nom":"Haute-Garonne"},"geometry":{"type":"Polygon","coordinates":[[[0.9539831166064948,43.78737246570886],[0.9777987859720318,43.7864397525409],[0.9910444477374416,43.797045697236534],[1.0361954975370666,43.804232715802144],[1.0591319349426427,43.798594472191574],[1.0808172102613443,43.81306583616325],[1.1124096388582891,43.79707276987681],[1.126079238294049,43.80959552989913],[1.1577904338124643,43.81838124698653],[1.1798084884492999,43.7952937589264],[1.2161233635195094,43.791159600168356],[1.2192055591403763,43.7707867235541],[1.2666508924183946,43.78318101448264],[1.2676345847416235,43.79377274514794],[1.311084838455899,43.800602295519234],[1.3600316395881045,43.81720012311376],[1.3572704568738654,43.83369324204132],[1.328030911759578,43.83816349035954],[1.3137064308190725,43.8322272891667],[1.2965943993985685,43.847335316271405],[1.3626018809802545,43.85723006032639],[1.349235626213503,43.871655526938696],[1.374917030255939,43.8843365489393],[1.4086035229055638,43.88264557304525],[1.418934148647794,43.87135534680213],[1.4529636675835562,43.87502936555188],[1.47466252365823,43.90211274166312],[1.4907818788063523,43.888997239785134],[1.5233234997345355,43.90360072658564],[1.53278908620992,43.92135227933209],[1.5556171726831822,43.91831715512138],[1.5466741254835874,43.90227582964282],[1.5604448006284883,43.88193633936389],[1.5595369144011864,43.86612807085979],[1.5725847390862493,43.84880231415562],[1.593170425533653,43.843138372370525],[1.5902324934871344,43.81453310403227],[1.6264959472746285,43.80130658412972],[1.6447876270393125,43.80025749535743],[1.6424989428665737,43.77836778877496],[1.655698865700349,43.76426648219855],[1.6499189090514812,43.75186514404521],[1.7000226658018673,43.725322579061185],[1.7072267665260739,43.71239499211101],[1.6689046629721764,43.70425646859944],[1.663572654706257,43.694057655631546],[1.71671390955716,43.68932470041024],[1.7308693816067124,43.65775037692843],[1.7056013351461534,43.65256600106776],[1.687771093611741,43.63070037401986],[1.7450478782076964,43.603462190630566],[1.7639547679681267,43.603570939255114],[1.7794523688032238,43.586981588268245],[1.8334565523038187,43.57823452761835],[1.8494522810871268,43.56754406011732],[1.850708886716764,43.54928175630703],[1.8804140168444965,43.540315043888405],[1.893376989480592,43.511429254268904],[1.9169530392384777,43.501607534442506],[1.9560763206968899,43.494064073594906],[1.9899972756684245,43.47746968529684],[2.0102344593980876,43.48184918070482],[2.015050754536418,43.5043691931112],[2.037543768971243,43.50685651452312],[2.0482899751352006,43.48572590288188],[2.0181412825331915,43.47035021960434],[2.0138097404810105,43.44990469289765],[2.0291328387973606,43.43689796484212],[2.013251174841698,43.41479228000688],[1.9882982689321873,43.40760727642704],[1.9563832142288617,43.42542487943702],[1.9321973483656796,43.42425346114769],[1.9030825485451017,43.40648077638579],[1.8961151188637693,43.418448380585566],[1.8587429714302222,43.443820891217364],[1.8275744264204186,43.41839399539007],[1.8040846789340412,43.39168480485615],[1.8042058556067164,43.35792861707674],[1.7722726989104796,43.33697670685812],[1.7560895669919805,43.347786239580316],[1.72381890913847,43.32974907649138],[1.7264566850126617,43.31355860790404],[1.7041401191232926,43.302731061004685],[1.7083882204712093,43.29126593638564],[1.6884197209147511,43.27355372810048],[1.674798339388505,43.28121472293003],[1.637330392962705,43.255476822404304],[1.602045022703857,43.265966045322976],[1.5475200495883703,43.27567426925568],[1.5187255867607068,43.26917438445627],[1.517589782341532,43.28942028243403],[1.4962195339449893,43.29276893893769],[1.489433194310029,43.25842220794179],[1.504462615387652,43.24943643931495],[1.5046005088805332,43.22131429070002],[1.4845439726661527,43.226162777288515],[1.4703750181603599,43.21207194480044],[1.4479297220390106,43.2128941335395],[1.417617895565898,43.227838739549625],[1.4253606535844838,43.256571535866705],[1.4114797701413646,43.270269012569514],[1.3497399802929155,43.31601406526464],[1.3239682844769867,43.30940019027638],[1.3180291746094754,43.29589235276595],[1.2925309175036508,43.28836637975412],[1.3083430062252406,43.26452855969102],[1.3306718864082818,43.26256355573771],[1.332370877192311,43.248931806901766],[1.3667896677356772,43.2418101294384],[1.3827658374979088,43.228123061206055],[1.3743734334754012,43.21374576570538],[1.3441516514601857,43.210695251898116],[1.3200644605867593,43.19008881581775],[1.274066147426889,43.19622758930005],[1.243672974766193,43.18955616855956],[1.2139801500053244,43.16243740075925],[1.2189486150323017,43.15316275519517],[1.2743729840086873,43.144383453050935],[1.2914479372138445,43.12411619713413],[1.2808453772316608,43.11141550841685],[1.2600621395015414,43.10918367913112],[1.2615510081488481,43.09151179346513],[1.2236282372389116,43.086062046332636],[1.2087344680123453,43.11795105080988],[1.1749842663258816,43.14097449686551],[1.1623107695613917,43.13229310791629],[1.1321077536262771,43.15194534202816],[1.0898382360674839,43.141811753194446],[1.0597948169991893,43.1407984031395],[1.0388356827344098,43.100552820032235],[1.0185271263876248,43.107387874976396],[0.9909145410998831,43.09277803898931],[1.0052536354583397,43.08066466566629],[0.9856931292491957,43.06291853162641],[0.9867409563385678,43.02750002800353],[1.0162603018777892,43.01021732861986],[1.0013417692542665,43.002384225909054],[0.9791013887263271,42.97443096191435],[0.9124553143730214,42.95939313750352],[0.8749113719387422,42.957775746315285],[0.8853071428027446,42.93602990091024],[0.8735856733231423,42.92679338211308],[0.8446280617921965,42.9259553847581],[0.8261273850230597,42.91428331470268],[0.8429206845448278,42.88857838383233],[0.8598831874145956,42.83829919038498],[0.8583056667230173,42.82571908908446],[0.8014829737147933,42.840482516254525],[0.786497752721584,42.835955365811344],[0.7377189409040268,42.84872835147501],[0.708377779630982,42.86140184526933],[0.6590147498491514,42.838529465460994],[0.6698627393614355,42.82438101654399],[0.6705882589690579,42.80475875717359],[0.6445405045620645,42.78307646581688],[0.6503239309882353,42.76416869986073],[0.6822635276176596,42.70896825363519],[0.6705736143224804,42.68989711626274],[0.607646803436206,42.69905996655662],[0.5868270391623184,42.69500344995768],[0.5296137950834886,42.702684358976896],[0.5185245887513461,42.691876177213395],[0.47774954032737066,42.69999034279792],[0.4845912327562892,42.70987563691782],[0.4550942250736491,42.728060641999555],[0.46339485659012236,42.75961776986063],[0.45587668333542497,42.769893094701686],[0.4631381823278041,42.79013609203236],[0.45645030119577185,42.81819976680441],[0.4773565901163487,42.87824375089618],[0.5324055542379432,42.863293191606644],[0.5598104479575664,42.86131086278569],[0.5759351469518764,42.870825923039746],[0.5865354938150936,42.899764469600925],[0.6060586556910943,42.93436290905924],[0.6419907184981635,42.95287272899541],[0.645536953415737,42.96206456656776],[0.6188348311181961,42.972417013199525],[0.6116327283329046,42.98841659996602],[0.6274179241908862,43.00010287323426],[0.6080473328079602,43.034009064146474],[0.5918253760443509,43.022372936614325],[0.5673867928980146,43.02086035561931],[0.5412081928415171,43.001720551955394],[0.5341218546281855,43.01498318247417],[0.5379303286735891,43.041641647509145],[0.5652571210979821,43.04118358284234],[0.5573359728300217,43.066396922958404],[0.533134473195984,43.08279812294234],[0.5322696523895433,43.093864488407256],[0.46394373544501977,43.117816246348056],[0.4419985587106282,43.13127313187027],[0.4700411050323527,43.15730371100298],[0.4878146424725309,43.16525164014629],[0.515732011440808,43.189611401008044],[0.5173856740584795,43.212372971316064],[0.5518748957180641,43.20914713009289],[0.5738333078065921,43.22033420729316],[0.5511319943370407,43.236236596459726],[0.6183078501522927,43.29035045829162],[0.6357239806030284,43.300074553718005],[0.6068109749570959,43.310885991585494],[0.6456712299650619,43.31206330707761],[0.6693654275735994,43.324708346706295],[0.7175914463388228,43.376630810082574],[0.733730472605264,43.37096706524623],[0.7455585564051908,43.39499187362083],[0.7704216393342749,43.4168097427721],[0.8063000758469085,43.39997470202246],[0.8205416805525511,43.41697502257888],[0.8444010068380974,43.40988373774269],[0.8624052826149649,43.41471351563584],[0.8948859188377402,43.4052792090662],[0.9172511345137194,43.40633268927769],[0.9416846595723644,43.38408549124462],[0.9643403785279276,43.386475780857246],[0.9780837577086212,43.36265170654419],[1.0024979781750354,43.377080651683535],[0.9937847184126083,43.40798472527798],[1.02278785655839,43.41170392033953],[1.0190323220764022,43.43079483892832],[1.0321604609431316,43.440852444747534],[1.0399574087550072,43.46285347872525],[1.0221951427122764,43.479243133371575],[1.0518532839588568,43.48698884399707],[1.0608961902495995,43.5127821423026],[1.0578193301966023,43.52698286709649],[1.0718141320185244,43.546348314375535],[1.0970817946149973,43.533222452089504],[1.1250779695020832,43.55436438795678],[1.1543767194578116,43.55757543303593],[1.1640382379592968,43.57239102182334],[1.199342708925358,43.56918429556797],[1.2013370084855526,43.594812955020146],[1.1809652008406388,43.61400383428095],[1.1581444988078047,43.60561827536576],[1.130581177959073,43.642651776415875],[1.1148256080508376,43.636718418209675],[1.0876957388199562,43.64497503168885],[1.0509823342326547,43.677823838616014],[1.06415307016496,43.70277548531269],[1.006928222163991,43.72890805398772],[0.9688276136449294,43.75915093896533],[0.9539831166064948,43.78737246570886]]]}},{"type":"Feature","properties":{"code":"32","nom":"Gers"},"geometry":{"type":"Polygon","coordinates":[[[0.07604560969926086,43.98314313658291],[0.14096031674824933,43.99467654310261],[0.1379369703469956,43.976883130578564],[0.1634750890689333,43.975927867916795],[0.1667631974496389,43.99683417955631],[0.18957513112649763,44.014641710019696],[0.22470724318893848,44.019168066012675],[0.23519766394983782,44.00847404202415],[0.299563922705621,43.99275637569358],[0.3575675314065643,44.01637987419657],[0.3815242105137543,44.00637522428769],[0.39446331623218994,44.01998446971625],[0.44244991475496404,44.0287619833259],[0.4595156323439905,44.05523744897399],[0.4858132156850541,44.058600121652084],[0.5384274746319986,44.05295246662407],[0.5650779969821476,44.059221404780686],[0.5765096062579593,44.075205934881076],[0.6022274135910171,44.07371011611412],[0.6278895165319084,44.06062754308569],[0.6316490534555541,44.04949866816937],[0.6770868392750434,44.02697200478653],[0.6876624158684242,44.045888241623125],[0.707796417778404,44.05801693922403],[0.7418847912050018,44.06519923501575],[0.759648653180342,44.049474350183324],[0.7640478940656028,44.0296390768852],[0.8273513279716257,44.05525093595275],[0.8578678740058554,44.03490133585646],[0.835544710660537,44.024621299340474],[0.8136473846848539,44.024906180353696],[0.8277030720805598,43.99957154660625],[0.796774360578817,43.97561613750477],[0.7845407712528714,43.9558047755343],[0.7601497122296061,43.945349940213774],[0.7706960292642194,43.92228348891115],[0.8092979458979879,43.9323016655978],[0.840062943234885,43.9163310081733],[0.8635672395335378,43.923563445790464],[0.8898495576086674,43.90333223113469],[0.8834946132400759,43.87525629317644],[0.8994393128667493,43.86469845813272],[0.895421911527158,43.840341795321024],[0.9258616635111263,43.83162570191422],[0.9016078422827867,43.803642278388125],[0.9225087136116431,43.792160090217415],[0.9539831166064948,43.78737246570886],[0.9688276136449294,43.75915093896533],[1.006928222163991,43.72890805398772],[1.06415307016496,43.70277548531269],[1.0509823342326547,43.677823838616014],[1.0876957388199562,43.64497503168885],[1.1148256080508376,43.636718418209675],[1.130581177959073,43.642651776415875],[1.1581444988078047,43.60561827536576],[1.1809652008406388,43.61400383428095],[1.2013370084855526,43.594812955020146],[1.199342708925358,43.56918429556797],[1.1640382379592968,43.57239102182334],[1.1543767194578116,43.55757543303593],[1.1250779695020832,43.55436438795678],[1.0970817946149973,43.533222452089504],[1.0718141320185244,43.546348314375535],[1.0578193301966023,43.52698286709649],[1.0608961902495995,43.5127821423026],[1.0518532839588568,43.48698884399707],[1.0221951427122764,43.479243133371575],[1.0399574087550072,43.46285347872525],[1.0321604609431316,43.440852444747534],[1.0190323220764022,43.43079483892832],[1.02278785655839,43.41170392033953],[0.9937847184126083,43.40798472527798],[1.0024979781750354,43.377080651683535],[0.9780837577086212,43.36265170654419],[0.9643403785279276,43.386475780857246],[0.9416846595723644,43.38408549124462],[0.9172511345137194,43.40633268927769],[0.8948859188377402,43.4052792090662],[0.8624052826149649,43.41471351563584],[0.8444010068380974,43.40988373774269],[0.8205416805525511,43.41697502257888],[0.8063000758469085,43.39997470202246],[0.7704216393342749,43.4168097427721],[0.7455585564051908,43.39499187362083],[0.733730472605264,43.37096706524623],[0.7175914463388228,43.376630810082574],[0.6693654275735994,43.324708346706295],[0.6456712299650619,43.31206330707761],[0.6068109749570959,43.310885991585494],[0.5474473878405767,43.329319731373445],[0.5043244698794473,43.333508245170144],[0.49803381879209657,43.32618057240136],[0.44498008716314374,43.340735933546554],[0.4430328988271061,43.32792703588786],[0.3957284672697182,43.33360258395701],[0.3883410229269578,43.35621468006998],[0.33909513817586934,43.34345707398941],[0.32831696781083425,43.34849301742664],[0.32769435096802535,43.37095370345262],[0.30085675386203575,43.37175476096837],[0.27840649370482956,43.38622497108639],[0.2317041924912655,43.36771211454836],[0.18203121400006392,43.37118267445077],[0.17380494234693045,43.40277225485803],[0.1538629917033123,43.39932405975342],[0.1374594398551805,43.43399175225508],[0.16599704732355133,43.44273636926645],[0.14930802677520033,43.465363039807976],[0.1350017858108604,43.46572396335525],[0.1304678194460616,43.49489917669358],[0.11212423457670333,43.51736991981858],[0.08975008845749399,43.51017249617227],[0.08058083535969605,43.523863090805406],[0.056081443916198466,43.5188072498529],[0.029579566383845242,43.544897297852316],[0.015782134897742738,43.543393230182545],[-0.0019248187812945813,43.56554046143869],[-0.006638780883364193,43.59430394426513],[-0.015780894995830737,43.60465738319822],[-0.07397188111422878,43.60631260105189],[-0.0772195291003595,43.59016567666762],[-0.09678297320877491,43.582405897631695],[-0.12160423721761877,43.58624235445866],[-0.1604496417177948,43.58057113664128],[-0.17292754407472402,43.59364235835892],[-0.20474047168197715,43.583595044006366],[-0.21060677583663345,43.59323717586582],[-0.24283655874306692,43.58497620901365],[-0.2472036903728421,43.615949823145584],[-0.2777099095136678,43.616204272478164],[-0.28211107433706983,43.64307015979027],[-0.243162288337736,43.6545058231693],[-0.23973019201148485,43.67124152201394],[-0.2558984040423508,43.679791305136796],[-0.23910333247309243,43.69394560059394],[-0.2466545863762805,43.71066950060451],[-0.2286074364319675,43.715376271697906],[-0.19414330237233995,43.737016685694684],[-0.20605373558746434,43.7500763289867],[-0.2271397672790903,43.808272976810954],[-0.19246168396068822,43.81017700393666],[-0.19855660923175042,43.86241563374058],[-0.19456201236331316,43.881572646215844],[-0.2344384631811253,43.899006040339785],[-0.200087659676207,43.914834830061565],[-0.17595413172084393,43.936327270993594],[-0.16632109560044633,43.92805052482344],[-0.12468082668137451,43.94434508821349],[-0.07235713337565827,43.946531834485505],[-0.04653101813218577,43.96104391789014],[-0.0361689246680343,43.98374032755233],[0.001446300333196457,43.959885381064026],[0.00420637351659139,43.94342582438924],[-0.01861461418396192,43.9313867432444],[0.030793555000742517,43.9005633671888],[0.05569199596666372,43.8976445612464],[0.07251111881590214,43.91379372164531],[0.07101167271921884,43.93329587806085],[0.05530723606827761,43.957963973072],[0.07604560969926086,43.98314313658291]]]}},{"type":"Feature","properties":{"code":"33","nom":"Gironde"},"geometry":{"type":"Polygon","coordinates":[[[-0.7188015186962935,45.327417794908314],[-0.6443063251392437,45.322045380590644],[-0.5944806728104985,45.32114282458838],[-0.5689666025873613,45.331523297246314],[-0.5706388485277301,45.299823114254885],[-0.5135928628951079,45.286334723467014],[-0.4862106750078733,45.293564321887025],[-0.4405443881756486,45.283811947310674],[-0.41542471256519675,45.269332661912166],[-0.40842823644582854,45.247807627855394],[-0.42076715723359287,45.20853163878696],[-0.4028499593466693,45.19049531934403],[-0.3971235767306027,45.1703375875983],[-0.3797037928837214,45.155347363684704],[-0.36355979846534786,45.17026408300375],[-0.3383605974453927,45.16688438562319],[-0.32063912086288726,45.156166213658715],[-0.2753589385784497,45.14140091335047],[-0.246841022219567,45.108630449000074],[-0.21824686420972253,45.10643197473333],[-0.18919958385014424,45.094461907846785],[-0.15295329411286412,45.08880721589072],[-0.13063644905467223,45.096672426969135],[-0.11493018897120878,45.11390010810251],[-0.0877028308704419,45.121388836286684],[-0.06357364725413155,45.09914913207582],[-0.04020033978963981,45.102384335963414],[-0.003552786965686552,45.11956999344142],[0.04083219110465748,45.115350817593736],[0.06352711067229469,45.09563292386136],[0.07329671773303688,45.07012096510982],[0.035847937705388945,45.01115004721698],[0.04010873279330704,44.99350460562092],[0.019184278571431145,44.98034965777573],[0.0032479456177751075,44.947439781487724],[0.03436214413600705,44.91546925454322],[-0.021935541227067503,44.850692462395095],[0.018664421295006353,44.849628493830664],[0.046921251109006,44.82458068187802],[0.10655870123187683,44.832720431213495],[0.19284351960714802,44.820802554808736],[0.2062908527795184,44.838781587007574],[0.24120144851108916,44.85652879127665],[0.2376501157602628,44.86924207555338],[0.27905937516440416,44.86697670764365],[0.31506665558289004,44.84541323207388],[0.2840562599933618,44.823659365748206],[0.2637263179027021,44.82627665355831],[0.2742254006482923,44.78339312502083],[0.2973255098237856,44.76228467395237],[0.2557380828743981,44.750109827832176],[0.22538308407055824,44.761938628969595],[0.20145524828961092,44.72314903553606],[0.1941659722396007,44.743134942046765],[0.15300384600842007,44.73048103978557],[0.13340494933362354,44.70463342458088],[0.11781564233279757,44.71279600247887],[0.10217651632957546,44.699261620698685],[0.10990756955468833,44.684238793464466],[0.13439127028221218,44.681785671797996],[0.14155522468909407,44.66553015383226],[0.16217020857686018,44.670520278429166],[0.1826776591534784,44.66107212400698],[0.15503121242167628,44.61515967421126],[0.08618477510895356,44.57628609745734],[0.07072066177634428,44.54932864142863],[0.03685067130235277,44.55377569309968],[0.01809835904410432,44.52978491547094],[-0.015453699893016518,44.505062787136026],[-0.00964812423297182,44.458953045356914],[0.007529968364000282,44.44714235059867],[-0.012027062235710009,44.42216048739268],[-0.002882225353325675,44.40546555102971],[0.018233646559888256,44.389878791845064],[0.014724678596450859,44.36661482670666],[-0.012122430998677084,44.371315036223],[-0.02996839148968028,44.36051961592557],[-0.07881922376705748,44.35369515694866],[-0.08575207965012982,44.33761004988665],[-0.059508100967366126,44.32137184585115],[-0.034811250980738076,44.296725798024596],[-0.03298436987139304,44.271725233652084],[-0.05336184991028127,44.265764926478745],[-0.08804999010961528,44.23886102586299],[-0.12013584466981135,44.23674667953463],[-0.14068847985275829,44.226404747689884],[-0.1664311622268672,44.241645770485846],[-0.17860380229840828,44.26119359476371],[-0.2260044378069046,44.26478415652428],[-0.22344709828329407,44.20589826380183],[-0.2721185290366108,44.19380924623558],[-0.31133609242726,44.20327170097005],[-0.38961736206091696,44.20948462715673],[-0.3962403182108504,44.237695224176385],[-0.38338729038705516,44.28631066773658],[-0.404736006733474,44.28738094305708],[-0.43013450581532475,44.304781669300105],[-0.43183954131517804,44.32257705443087],[-0.47887161721109855,44.32489189867455],[-0.5176354697700613,44.33911112646833],[-0.528103107297291,44.364654043262846],[-0.57097020407163,44.38252695965793],[-0.627647611184293,44.39814566253359],[-0.6287774027434528,44.44319224087455],[-0.6760254579024039,44.45733288174258],[-0.6819329255443941,44.444104603018644],[-0.7307029568976173,44.446374662072536],[-0.7724266413748072,44.4400689012159],[-0.7787977956453461,44.429621612205196],[-0.8124255218387905,44.420432411546486],[-0.8433457118512414,44.41817667183869],[-0.9120213474779492,44.43693794653607],[-0.9191704541834174,44.44334436259599],[-0.9695842480121452,44.429379805191715],[-1.0079983966164947,44.43628954261453],[-0.9806969914576482,44.48287893553743],[-0.9911544881491408,44.511849168147315],[-1.0266309572095953,44.5071249515487],[-1.0851664955491247,44.53219457167761],[-1.1064909647292618,44.502772891337074],[-1.2538901028077145,44.4676042123461],[-1.2517315717900113,44.514864026059136],[-1.2586140715490404,44.547134908509065],[-1.227400657614334,44.57575101363341],[-1.2035061581038056,44.62271377486185],[-1.2041641060667378,44.63998931395565],[-1.1915395677551643,44.660726555771724],[-1.1617602687791189,44.66337536905334],[-1.1407652758832603,44.64722441419704],[-1.080794255404563,44.64060270635637],[-1.0660081141503954,44.646890088823476],[-1.0167859243981427,44.64936614924531],[-1.024772192870524,44.67594768817969],[-1.056012096331499,44.707980341287296],[-1.1066690697160937,44.74264984128815],[-1.1172415691037478,44.74399705140438],[-1.165808013375802,44.77527626694913],[-1.1800101830102927,44.758098157761154],[-1.1738129355689804,44.745358451222856],[-1.2205928890641693,44.709423690526556],[-1.2378317329560085,44.680472950808145],[-1.2462033009619466,44.641861781385515],[-1.262052894231634,44.63219970212472],[-1.251726794177239,44.71201817211294],[-1.2245842811118994,44.853825371133354],[-1.2041211009419968,44.989784597043446],[-1.1902342986818488,45.1076052722213],[-1.1623411294779713,45.297866853836986],[-1.1588809392970065,45.35758854145279],[-1.1605511012170588,45.41069085511738],[-1.1510569561631872,45.44160185108563],[-1.157040252187612,45.47037006217617],[-1.13642305844502,45.510996841105246],[-1.100291537957874,45.54164579436281],[-1.0911993078778204,45.56240962499771],[-1.0608731648946181,45.559687159252995],[-1.0399629327796032,45.53624996681034],[-1.0394312457678239,45.51187047075673],[-1.0052560088445266,45.49288102324259],[-0.9741453673216026,45.46337798565173],[-0.9339187159877002,45.44354638799416],[-0.8975412931164795,45.413920961435664],[-0.8380858049594333,45.37799277602822],[-0.803863792011378,45.3483837452359],[-0.7677088201843572,45.289668398897916],[-0.7511045662834447,45.248111104699966],[-0.7415941186185122,45.18951228689129],[-0.6827151048736609,45.07868957712152],[-0.6531808034769909,45.04997165854475],[-0.6085452595854771,45.01540165572232],[-0.5906665446401641,45.041946989301174],[-0.635943850069436,45.074304489771464],[-0.6522025754037655,45.10762754422008],[-0.6677719424227322,45.12666694807424],[-0.6699486553314091,45.16929377695903],[-0.6882053149295403,45.21937742756459],[-0.7037353439558368,45.283639400976455],[-0.7188015186962935,45.327417794908314]]]}},{"type":"Feature","properties":{"code":"34","nom":"Hérault"},"geometry":{"type":"Polygon","coordinates":[[[3.3583594413044624,43.913832893255005],[3.4244480676686226,43.911598168447306],[3.4393061475282316,43.89791410822335],[3.431373451816578,43.87257632839371],[3.462718642490944,43.87205197750373],[3.4825869494241135,43.88988383609219],[3.5133433004920533,43.89620522669112],[3.5232801410108805,43.88592559562791],[3.5307009207380955,43.85562471396163],[3.5778543279413246,43.84392003202783],[3.5994166278303736,43.85472891826037],[3.5754482408134063,43.865522240877404],[3.6235886150953553,43.91697856675755],[3.672466832939281,43.91160371751443],[3.6823066705348104,43.947443190978206],[3.7321754924092114,43.97201470844574],[3.743769681529186,43.9666083634669],[3.783735333757727,43.96771518482477],[3.7964825512716502,43.9435656989855],[3.820307051180645,43.942408448784796],[3.8290153156909916,43.92451362259504],[3.799542371073363,43.89081274352567],[3.8060678269182384,43.87790410064622],[3.849320972386986,43.86820739246809],[3.858311217120308,43.87706482556825],[3.919593011194314,43.88129069251848],[3.922097434480497,43.85838300161044],[3.9725832619500827,43.83722722610361],[3.9617205831596944,43.8167773461929],[3.974348495402355,43.80147398295832],[4.002046166191344,43.81146444231582],[4.053530448080167,43.78560921749941],[4.054004107876562,43.77221337157522],[4.085559128122547,43.767493809895264],[4.114038963229966,43.73774213316613],[4.144780927023585,43.73388653553411],[4.163624537724226,43.70657178584523],[4.162849158006259,43.68732177934626],[4.194485354419471,43.653448436512676],[4.19101716179093,43.63923214645544],[4.168767208555132,43.609030770419295],[4.124013506161594,43.58895024124645],[4.098910460898469,43.58523878512484],[4.109405863103809,43.568485089709014],[4.1010416754063925,43.55437094640862],[4.056139135742867,43.55754349700192],[4.011185334395634,43.552446652511314],[3.9685779965496257,43.54002202677775],[3.9071342421308484,43.51684377775197],[3.85119536986901,43.486462477159925],[3.796663802013001,43.44103590991042],[3.724916367109535,43.41579045126172],[3.725633295848447,43.40119286766748],[3.692847761038597,43.39286075111627],[3.66215922818193,43.392279064377114],[3.6026190412473764,43.35542655651462],[3.5582388767895456,43.31887037271225],[3.509760183543765,43.27194467481957],[3.467228588445924,43.276787686264214],[3.4303316940306616,43.29020953643601],[3.3869064784452894,43.28413968534662],[3.343863387032852,43.27039600610152],[3.263447246832585,43.228865527136406],[3.24056113717041,43.21280863308409],[3.2103050300757787,43.235638559541265],[3.2010265503923754,43.249167148053665],[3.175401641785767,43.24369767269661],[3.1472079664155532,43.24700506844497],[3.1220006410048176,43.26158196380372],[3.110944425233587,43.253471060898335],[3.0783431423637917,43.261829334517095],[3.0548510434943674,43.27971779305137],[3.005861156020884,43.28492197900128],[3.004349268167806,43.3201311415976],[2.9469414010608523,43.31208498526138],[2.8867026665888473,43.32989534646164],[2.890171804390596,43.36535216139457],[2.872040834033522,43.373176887725414],[2.868317493236679,43.32958665849561],[2.8385539311891925,43.32211574816248],[2.79178868739065,43.293015551205826],[2.7869223712743656,43.273512651125344],[2.772248225673249,43.25778564580618],[2.7525204916724526,43.254593867354295],[2.737891172803547,43.26734188065557],[2.7002195943205365,43.28232047565704],[2.7068228959310465,43.293727070528135],[2.6935895397617924,43.32048879782006],[2.6587668022165167,43.29400885554122],[2.6016030790296316,43.29870698639686],[2.5847987373211803,43.333574828863085],[2.547404327067849,43.33874150409467],[2.55675033079638,43.3671181357703],[2.5532224612518877,43.381578705629835],[2.569215560940852,43.40030210238747],[2.593459760332987,43.4125861022952],[2.5657873980365586,43.42295974410401],[2.6083131770094083,43.433261066263796],[2.6404157795956293,43.456170094886865],[2.665159813486489,43.46562405590211],[2.6549053505045195,43.496865365205636],[2.6556293418118515,43.526612299085116],[2.615607192520078,43.56663335506618],[2.630666452845948,43.581990495056836],[2.614324097727256,43.59922725257067],[2.6286278265574405,43.610128390915975],[2.6446987288829193,43.65454190899258],[2.7202035511311102,43.645368462055636],[2.754523557193863,43.61413878643581],[2.7948588118902697,43.62443489640862],[2.8159272603949876,43.64006590950408],[2.9073523053079366,43.65422802689393],[2.9197089782492416,43.662246071066406],[2.9190783288815148,43.68754825993107],[2.9354629666803715,43.69466778518887],[2.9465514600279064,43.6929371414868],[2.9848044810902232,43.708885107652996],[3.0334575248710003,43.69205430194576],[3.0601699178851627,43.69294263093098],[3.0681377277946873,43.70869387475869],[3.053457816225651,43.71617068001798],[3.0530638218978536,43.74618963728415],[3.0758829435264556,43.768519616825884],[3.0570597724827286,43.782641043208976],[3.049402198661958,43.80382793190341],[3.0602924932316915,43.80942874668814],[3.0598559764719786,43.8316473799454],[3.089161041674374,43.83475002166805],[3.129188579676226,43.81693696893768],[3.209694860701851,43.8129603323146],[3.2490369949799924,43.82957970414178],[3.251093231989111,43.84207470180914],[3.2344586173849077,43.85756325069015],[3.275074750407491,43.898352311519034],[3.3179342390620543,43.890982402561455],[3.3583594413044624,43.913832893255005]]]}},{"type":"Feature","properties":{"code":"35","nom":"Ille-et-Vilaine"},"geometry":{"type":"MultiPolygon","coordinates":[[[[-2.1237080247752895,48.6044100285603],[-2.141418514151318,48.63150826238565],[-2.1110187885946092,48.639371270835035],[-2.0731195987308073,48.639848527788644],[-2.0550968709795594,48.62731181103318],[-2.030265589793804,48.623037585858],[-2.0335527005150444,48.60945056178775],[-2.0135087146521657,48.58752054847777],[-2.006894935706843,48.56611290198358],[-2.0462129661682633,48.54401486364402],[-2.044804968300762,48.56420276394202],[-2.0924894843076234,48.572462492473],[-2.1233140883470694,48.58901274793282],[-2.1237080247752895,48.6044100285603]]],[[[-1.9480369010443914,48.53880790488251],[-1.9611498133853817,48.55028465234394],[-1.9919510225165333,48.59410622069773],[-2.0087091801575645,48.60763335351246],[-2.025977992976761,48.634440306350065],[-2.0259623321650078,48.651529854005666],[-1.9952407599257496,48.66014163675909],[-1.9698282134951834,48.686323125327455],[-1.938080197743341,48.69445682698749],[-1.9058385211153706,48.69048099448555],[-1.8905012399508623,48.69894290465139],[-1.8485728474073226,48.69470909677442],[-1.8364331812622583,48.68121682888067],[-1.862720260590434,48.66727765633872],[-1.8716564802790996,48.64741056211108],[-1.8450734275301934,48.61636825056999],[-1.7739813304009915,48.60347255264488],[-1.6611080846074195,48.61074343781696],[-1.571087121326364,48.62644574305228],[-1.5395886706131567,48.59990995187043],[-1.5429924815935763,48.580444133540496],[-1.5189153941473403,48.56659421958314],[-1.5332845735947223,48.548008242217605],[-1.5195667662578034,48.54001612578908],[-1.4956341385339116,48.508901592854826],[-1.4899474351423645,48.4893748476061],[-1.4492619036481307,48.48610480553381],[-1.4291375679083818,48.46255700303843],[-1.3825547062366061,48.4568090552251],[-1.3446860862323986,48.47306856926301],[-1.3286586444430455,48.49624141596003],[-1.2792064911793741,48.50916990134831],[-1.2722484935647256,48.533924823055],[-1.206555726308375,48.54220594454138],[-1.1883677623098592,48.52868744833374],[-1.1709940931325373,48.53107346572728],[-1.1470794109416749,48.517497772579],[-1.1305430914657242,48.52170438546665],[-1.0701645143702043,48.50849381419032],[-1.0757201292558587,48.499394433638884],[-1.06581502082362,48.4511898364817],[-1.0830222073820854,48.43355484623164],[-1.0771281225801501,48.41169597169672],[-1.0539346752839132,48.383988802654805],[-1.0646345421184056,48.36828025341763],[-1.0450195299623026,48.327727830000974],[-1.0820973324543777,48.298390519589205],[-1.1015118599620337,48.26179752391566],[-1.0736642370047438,48.20075616092018],[-1.0796054903163383,48.18347699576321],[-1.0602909002161003,48.150112461248],[-1.04960608939875,48.08980493060165],[-1.023283345569893,48.06891120315209],[-1.0346655165784813,48.03361464779431],[-1.018202579829028,48.012309356573546],[-1.0212610284765602,47.99494016247969],[-1.0709701077191276,47.98180281363006],[-1.1026711686637318,47.98906278289821],[-1.1260769059410864,47.97331126695682],[-1.1539806565642339,47.96582146885006],[-1.1595139860083212,47.939220868111676],[-1.176229425978116,47.89739680946678],[-1.1966267612194066,47.88926967278471],[-1.1892286738461781,47.8675257247478],[-1.2139598200974668,47.84431487401968],[-1.2160077396105768,47.83115457607098],[-1.2382517343256678,47.80999146297073],[-1.2458823462890538,47.776717547680406],[-1.318489521021141,47.79233158240722],[-1.360603817710753,47.798432206803135],[-1.3904279688415837,47.828280801153184],[-1.4178432025307772,47.82748441208516],[-1.4651862054088018,47.83460451273148],[-1.475255403833222,47.82540410017005],[-1.4666150070573418,47.8074975400483],[-1.5042371318422498,47.8009448646891],[-1.5280651896409132,47.78584499709324],[-1.5934074072820492,47.77605009178189],[-1.6163557701095264,47.76415676086167],[-1.635569613301689,47.74266025266195],[-1.6381801885560439,47.72231564110314],[-1.6556020388557997,47.71053299603197],[-1.6911255411567772,47.71282712864092],[-1.7236704751667482,47.698676218818825],[-1.752032319383817,47.70741764750666],[-1.7724163023563184,47.69845339608558],[-1.8225344895568474,47.70628736859361],[-1.8640133393104241,47.7069846705491],[-1.9363047156903395,47.68664646647229],[-1.9546408028570217,47.67170187943092],[-1.9690539759076384,47.688369032568346],[-2.0093556937669623,47.67137826011831],[-2.0357262501792506,47.668539150280836],[-2.050619855103944,47.65113784113771],[-2.0747365598102796,47.65166099544987],[-2.097035597340287,47.63135984401428],[-2.1143465125517733,47.64948078140733],[-2.104362517130758,47.67679662818726],[-2.1226631940444274,47.68266972251208],[-2.1193410051181774,47.71063202277528],[-2.131472084919135,47.72224026215694],[-2.108708446187951,47.736577355949336],[-2.05870429699438,47.73825600134232],[-2.0847208937394774,47.76271449098266],[-2.1281864076334727,47.76137577244934],[-2.072263910083875,47.79043840708027],[-2.07046358794415,47.81140390317735],[-2.0495260703928677,47.816917397929046],[-2.035760594626103,47.83230046155979],[-2.0516011501156974,47.84056453938214],[-2.05159236139944,47.858773023325405],[-2.0912481690997526,47.8434473982296],[-2.0963111903663836,47.862554271425815],[-2.1162985684590643,47.88095628988424],[-2.104913226347623,47.90237571011746],[-2.0847410993122524,47.90544356892739],[-2.079088544973962,47.91952249839454],[-2.098673563613805,47.93553710123405],[-2.1112032705184025,47.959278246467555],[-2.143950368919052,47.983469165776214],[-2.174134646718617,47.97976235737829],[-2.2048365524509523,47.99406221955531],[-2.2328964298568574,47.998867256915695],[-2.282925404888046,47.99091881499263],[-2.2795950136703538,48.02636073132026],[-2.2418711140864542,48.05284164383506],[-2.193720023024239,48.05137966801874],[-2.1703797438923407,48.06358155989515],[-2.1873980178837424,48.08098581530162],[-2.2332446439270166,48.07562787634504],[-2.255362117704863,48.065686457906594],[-2.255541810894401,48.10943651832076],[-2.287278430400511,48.133745563458476],[-2.2832479885362944,48.14529870453187],[-2.248230377893739,48.15279776234215],[-2.2247373292770836,48.17059701877417],[-2.219796763889133,48.20213436033515],[-2.1843775145100226,48.213137604790425],[-2.1869612472272957,48.24637857003084],[-2.162901712976404,48.25626974900393],[-2.126853803195948,48.25976994927449],[-2.110118931164646,48.2529034820783],[-2.0762583662242795,48.28371148397488],[-2.0532925486538485,48.29832786130155],[-2.014100529199395,48.27953190980406],[-1.998266241844134,48.296980554393514],[-1.9548327221541828,48.317109845291775],[-1.9668973217216907,48.3428189820063],[-1.9290791323813683,48.34704210576775],[-1.947720243456438,48.36894464609711],[-1.9384653904593245,48.391389339464936],[-1.9367895889503266,48.420070240063225],[-1.9519092329646253,48.42918354147581],[-1.9486347678108729,48.446456041738884],[-1.923895933613775,48.460907740617046],[-1.9268720731463556,48.47686450947533],[-1.9110132247187712,48.51741534739239],[-1.9251126755890333,48.54530394613221],[-1.9480369010443914,48.53880790488251]]]]}},{"type":"Feature","properties":{"code":"36","nom":"Indre"},"geometry":{"type":"Polygon","coordinates":[[[1.32666554504539,47.186225424714024],[1.4014266290701616,47.21244937239578],[1.4241047321761513,47.22954437481808],[1.4484622479605171,47.23796792120677],[1.4815998938388473,47.239163055882926],[1.5245337678448851,47.22597700817113],[1.539459756494749,47.25652806281719],[1.566277084478891,47.261616837192406],[1.59104001493485,47.25746333923802],[1.5924281213159723,47.27667661628705],[1.6504371377870972,47.27317015052999],[1.6659002787349648,47.25778142355442],[1.7058305011298698,47.26587806828036],[1.715953376298902,47.276776997807374],[1.7397902842883757,47.2549073525034],[1.77611073651641,47.23138256399343],[1.8088371356765827,47.23387535753442],[1.8390792420529518,47.219308157716554],[1.8422371270362656,47.17758044921177],[1.8234729723307537,47.173942852701636],[1.8100544192382355,47.15615809030652],[1.7776202085696244,47.13240064713366],[1.793670861418607,47.12090886272082],[1.8226530300255424,47.122071863013495],[1.8488587784887625,47.10936986097168],[1.882721849834433,47.1019495456428],[1.9184124209566409,47.10482799182933],[1.9664139793909294,47.12541751372791],[1.9966600854821617,47.12699833408193],[2.024534600265164,47.104448294258844],[2.0483747223375235,47.10602450452247],[2.05567516887427,47.07168995789588],[2.0297138722809316,47.04747052812152],[2.0933838995940373,47.01573583572996],[2.1088559092730397,46.99719111950124],[2.0702028641356307,46.95442291025531],[2.0706986163554206,46.93399643786306],[2.109999619994995,46.91338987501182],[2.1460169903433157,46.91750721360478],[2.154834385411464,46.91162948370054],[2.1390397070573326,46.888569836472456],[2.106948767251103,46.87213575040175],[2.0782472483795438,46.83892644966574],[2.048810332345124,46.82944826814363],[2.072503508712849,46.808814332303335],[2.1032165162358063,46.79543413838327],[2.116649522348319,46.779717208437596],[2.0929846391107216,46.75496838536534],[2.065751312591214,46.742494802064904],[2.111303456191762,46.71160114289773],[2.1554479927780568,46.69216020128774],[2.138670574914567,46.66743461292721],[2.1894467123408132,46.64214127258008],[2.187486147291389,46.61672498199302],[2.1671454437331246,46.588979151612705],[2.1732125948301104,46.56618677203497],[2.158700190947214,46.557346281682186],[2.1810826759773936,46.52903506403956],[2.2043972607989812,46.48439997524806],[2.193160461276067,46.47025540007179],[2.1565419224007676,46.46152623851912],[2.154348029342259,46.43408051549606],[2.1677857181383846,46.42406650081809],[2.129684686571857,46.41986520092511],[2.088941803334241,46.40890318674806],[2.074201476301987,46.41984302086565],[2.044395406151348,46.42134446075375],[1.9930823669027022,46.43091738935582],[1.978108199916569,46.439771706882276],[1.9243082864873586,46.431902226728816],[1.909176472236739,46.44350179050311],[1.883436954441824,46.43255455176469],[1.8195004176655625,46.430038338950894],[1.7983765894227512,46.45481762095847],[1.747590198721343,46.45002145600438],[1.7601258090399783,46.42758992898391],[1.7277004157566196,46.38940888777561],[1.710900805328006,46.39205717074327],[1.6836025202595086,46.41817777856285],[1.6448464161558112,46.38681584908517],[1.6143011395442397,46.405298584782024],[1.5696928311710425,46.4054957864533],[1.5462010463391824,46.39346394164149],[1.543962708576285,46.416887448744504],[1.5223068332769556,46.42652499450049],[1.462936752493747,46.375350693466984],[1.4353808001913293,46.363844088424806],[1.4151905101137505,46.34721849587296],[1.4090311642821585,46.3613359928752],[1.3835265726019255,46.374757364316125],[1.3560228953092233,46.40012317441316],[1.3223399070687456,46.38965357258241],[1.3030567860553472,46.37099465262579],[1.2604032451287535,46.37878248650986],[1.2191909673622259,46.36592410433378],[1.2047624195766258,46.387692968021526],[1.1772799568053671,46.38395162215293],[1.2109861172875847,46.42936675668184],[1.1516045347766355,46.449236175811976],[1.152977857618218,46.47295586110232],[1.1349676142912506,46.495261976149834],[1.1491434460646581,46.50220256803704],[1.1082908975477561,46.53150940181887],[1.08759324171297,46.538172760099805],[1.0206069888359919,46.53709643301311],[1.0147644249831798,46.56776399882199],[0.987237034592862,46.56556286906366],[0.9408377357519268,46.581410311122475],[0.9158653080538118,46.59663148752451],[0.8943018154002151,46.62573665182289],[0.9065157405117292,46.64774942034653],[0.9084421594440936,46.6826701222059],[0.9279553620387494,46.69539122809664],[0.9010383725080395,46.73609229312116],[0.8674688807081561,46.74821910504847],[0.884637875531021,46.75486872319864],[0.9252287975177681,46.757176324942904],[0.9469595959139807,46.73670637149566],[0.9590385851297228,46.73775035471489],[0.9833806433152704,46.76418354026803],[1.011690169362143,46.75780474174544],[0.987243902482599,46.79818923636699],[1.0032488288235037,46.81410411812478],[1.022251434317954,46.86391503191526],[1.0338011309915904,46.90747018486123],[1.0380284215747493,46.9420186917126],[1.0635443101027082,46.95731046262916],[1.0498776400419192,46.98064041873546],[1.0736483557273722,47.00265445404348],[1.0840420847936154,47.021019619722956],[1.1102641592923617,47.02923293261394],[1.1321442636157986,47.02762569675012],[1.1818533493699115,47.04081998846271],[1.1955887210148548,47.02953520853475],[1.253119794649933,47.021765630239194],[1.2776118302465334,47.04039666478023],[1.2937693555688192,47.07225420538248],[1.3121550924937646,47.0718848367818],[1.3188363969257677,47.104914121347655],[1.355725988719157,47.10878543596063],[1.3653609997076237,47.12205127770916],[1.3467111123061792,47.168764854539475],[1.32666554504539,47.186225424714024]]]}},{"type":"Feature","properties":{"code":"37","nom":"Indre-et-Loire"},"geometry":{"type":"Polygon","coordinates":[[[0.6144311990931555,47.69421364605317],[0.6313085686496198,47.709099413081624],[0.6747744974506991,47.699004075610326],[0.701006484813832,47.68458422067955],[0.7386942552766614,47.696124610338615],[0.7689302951021508,47.68497280116767],[0.8349728165936311,47.67716533256789],[0.8595037193186879,47.669207269893576],[0.8436538464911009,47.645477850792176],[0.8638905035844368,47.59963034358335],[0.8989296726576519,47.60470549484694],[0.9190111731399363,47.63260906008665],[0.9917892369385366,47.62002605530995],[0.9867433094857044,47.59068498133699],[1.0037237984188345,47.58435868340903],[1.0147853330259788,47.60470741380823],[1.0333525357335172,47.60701157045949],[1.0763363652479012,47.563221554317444],[1.0464291767245975,47.536720528819714],[1.0739220708330763,47.51210138412339],[1.0945042162450278,47.469318385564065],[1.1128833087567993,47.46591695745825],[1.1333660737875422,47.44894991839347],[1.1144031703140151,47.42842030526633],[1.093707046251301,47.42905551300356],[1.1215488811681436,47.382432672337416],[1.1043501548322552,47.370150192490236],[1.1228695110868157,47.35644850071685],[1.106312735447246,47.331083370539545],[1.0948532977686622,47.3285366431566],[1.1079035040639091,47.29948400233637],[1.127510095723219,47.29676734084024],[1.1623243677400883,47.272335282824905],[1.1732084801290505,47.285312153710144],[1.194077711170585,47.282955427790995],[1.2233351560525534,47.29417679425747],[1.2433106673289427,47.2738511703364],[1.2753776194772806,47.25665618088809],[1.2945860121083586,47.23735505703783],[1.32666554504539,47.186225424714024],[1.3467111123061792,47.168764854539475],[1.3653609997076237,47.12205127770916],[1.355725988719157,47.10878543596063],[1.3188363969257677,47.104914121347655],[1.3121550924937646,47.0718848367818],[1.2937693555688192,47.07225420538248],[1.2776118302465334,47.04039666478023],[1.253119794649933,47.021765630239194],[1.1955887210148548,47.02953520853475],[1.1818533493699115,47.04081998846271],[1.1321442636157986,47.02762569675012],[1.1102641592923617,47.02923293261394],[1.0840420847936154,47.021019619722956],[1.0736483557273722,47.00265445404348],[1.0498776400419192,46.98064041873546],[1.0635443101027082,46.95731046262916],[1.0380284215747493,46.9420186917126],[1.0338011309915904,46.90747018486123],[1.022251434317954,46.86391503191526],[1.0032488288235037,46.81410411812478],[0.987243902482599,46.79818923636699],[1.011690169362143,46.75780474174544],[0.9833806433152704,46.76418354026803],[0.9590385851297228,46.73775035471489],[0.9469595959139807,46.73670637149566],[0.9252287975177681,46.757176324942904],[0.884637875531021,46.75486872319864],[0.8674688807081561,46.74821910504847],[0.8279817587178017,46.776816236170745],[0.8119017840639386,46.79450796471714],[0.8093213661875756,46.827858093390724],[0.7521109761823577,46.86086544125436],[0.704324392050786,46.903293353155846],[0.7062532556123257,46.937154623849935],[0.692569282364634,46.97430706301784],[0.6362054885332586,46.985451805972254],[0.6188741963763473,47.00746096968646],[0.5669489614197056,47.00227037444166],[0.5783449036180749,46.97981081817415],[0.6011756847806528,46.97309082433285],[0.6015594112278456,46.95910993478791],[0.5644222278144092,46.95552996701939],[0.5392917082788095,46.960220880583776],[0.5027297280171042,46.9579123909043],[0.44480383249233546,46.94114889283753],[0.4387096602536596,46.929582071059045],[0.3665152631758488,46.94955720761298],[0.3248406111614126,46.93065213256517],[0.31122704760535835,46.93783959199593],[0.30073625724988334,46.97382765864781],[0.3081773026194614,46.99988348323911],[0.2986715021217093,47.01959741824875],[0.3093302509672645,47.04413338267026],[0.29823142261819696,47.05391872520871],[0.2718544387898612,47.04638904119169],[0.2455423301785185,47.07128604001384],[0.20800102904621295,47.05323202361692],[0.1742206159576792,47.07127519606643],[0.20095302486598468,47.09125887635545],[0.18146114771856547,47.11438824881292],[0.15685150997252176,47.103344382080465],[0.1347219236888625,47.1078700305567],[0.13613090268194533,47.121580554147506],[0.07637120084195233,47.12393194888823],[0.05382761471070587,47.16373008265526],[0.06659419807362671,47.18979325990068],[0.0532775371077964,47.19718486964462],[0.07249546123856535,47.22050992119078],[0.06792548837999822,47.2473308040697],[0.0785963884113725,47.28394130124859],[0.11746224213975613,47.33234274537884],[0.14729836062565832,47.34537579230401],[0.14939629089256964,47.36226337889678],[0.18295674766364445,47.38033212018486],[0.16799336737564852,47.3869314962575],[0.1676400513828326,47.405415942568375],[0.18528045906678275,47.42473344937359],[0.1812364735767597,47.4526491231434],[0.20921732522172254,47.49365838444261],[0.22010925240137172,47.50195329711621],[0.22484312443395177,47.52727704290141],[0.20150359657525238,47.544318760659884],[0.2150171714816557,47.57064544903573],[0.23453424561335756,47.577982037960055],[0.2300017263531844,47.60839829191704],[0.2592506238809073,47.61225007215638],[0.27798986367452727,47.59737754800952],[0.32305499229698215,47.59299821090531],[0.3395858922127171,47.579470515833165],[0.37848363992659617,47.568525933307754],[0.4025770030261876,47.57851243241093],[0.39696475621012467,47.59398591871484],[0.36465541592168343,47.62601597769362],[0.396250654091774,47.640846063055804],[0.4239064036884163,47.61782807903746],[0.449927725905683,47.619326961976206],[0.45663070361835445,47.63882641156769],[0.49841790772099426,47.644762985249095],[0.5168171483414108,47.6548633763592],[0.5446201655241357,47.656594675363216],[0.5599236683507411,47.67081925112141],[0.5847693599955615,47.66857981952678],[0.6148109083098767,47.682749216116356],[0.6144311990931555,47.69421364605317]]]}},{"type":"Feature","properties":{"code":"38","nom":"Isère"},"geometry":{"type":"Polygon","coordinates":[[[5.623748035268078,45.61326832676418],[5.623027366443004,45.60428439343032],[5.675167496407929,45.552447358553074],[5.671709636036369,45.53657315102359],[5.690155380407807,45.52805094541753],[5.71223316468065,45.505057950484435],[5.719054346580329,45.48422397831694],[5.73637233564262,45.47254042424704],[5.731970000928497,45.45281667211181],[5.740104011811925,45.43734623286918],[5.782081150720109,45.44065533936711],[5.820296539907869,45.421184335243574],[5.854272829475331,45.41656686156957],[5.8797384015593375,45.406796712103805],[5.891004502554541,45.39221582440636],[5.909619159426924,45.3904002917266],[5.901623412018766,45.41803604702067],[5.9205757281996165,45.446107810736585],[5.92551858695235,45.46607303539041],[5.915370443544101,45.47644734987887],[5.966169653050879,45.49230872138139],[5.991189721035916,45.47515424577151],[6.010911085643492,45.4732028948577],[6.008517618674313,45.45384805163827],[6.049753851710852,45.43791952965108],[6.090976636521003,45.444017712369956],[6.097443053810049,45.43210624582376],[6.13250773126349,45.43338472055341],[6.144660957447894,45.41359714609229],[6.177450938299202,45.39316148783122],[6.194758976954228,45.35224190534863],[6.1844503207792245,45.31794850760671],[6.160203556675586,45.31249020082116],[6.131944929909637,45.288287215984546],[6.140875621531491,45.261921460435985],[6.125696481423486,45.244270268835855],[6.159477588169717,45.202453059383735],[6.161919245441667,45.188407230805964],[6.143789597164076,45.15455037021851],[6.16131722681015,45.151009138334466],[6.189207693158913,45.163732283277994],[6.227710427654607,45.142718202360385],[6.248933790379999,45.14966269770901],[6.265373167502132,45.139612058658614],[6.260566197557925,45.12684791386632],[6.229388123209472,45.108750055807405],[6.243017832342709,45.06906387836911],[6.2200801563699395,45.06536793621533],[6.203927022398643,45.012469165084845],[6.251755823777455,44.99669933009644],[6.300180534522452,45.00397824625707],[6.321848392012048,45.000080059582814],[6.3148150406516885,44.98018487183722],[6.3285028218875325,44.969718924476524],[6.3289997583261135,44.94731911410858],[6.3588400606704845,44.941284471463],[6.354621853701313,44.92359576979837],[6.358440638759468,44.89205674340702],[6.350781709377172,44.88120395797154],[6.354685212537601,44.85597093285778],[6.336319027358193,44.84836943493937],[6.300679811301804,44.87347754001874],[6.269405725021001,44.87047437006196],[6.25054409332542,44.85265497741959],[6.196382213093447,44.85897725265292],[6.1707886083957675,44.85422409321522],[6.128361780211359,44.86189793671716],[6.111944264637026,44.844104598030206],[6.056880845755912,44.81648809334095],[6.030210546238997,44.838096097754196],[6.004863991929379,44.82044164675532],[5.979181680039922,44.81858485233257],[5.94951924784745,44.80453012289717],[5.977781702799108,44.79098097178422],[5.9801466158902254,44.78117807160656],[5.92220546362268,44.75408063667132],[5.900145988864039,44.75831810886521],[5.888833543818295,44.74880281266777],[5.846789359515513,44.75162114202083],[5.82777670542201,44.7400904212036],[5.801469996094522,44.706778512869995],[5.757110126926433,44.6960374105235],[5.7387858126735685,44.712419126045255],[5.708698705355806,44.720924547440156],[5.647101681531142,44.724098953876464],[5.627084872571889,44.75246442874924],[5.583886354820008,44.76534387074039],[5.582046117791262,44.777862736908396],[5.538609682625281,44.77435333052135],[5.4641587549688655,44.79242749679306],[5.484766003910795,44.82306199061912],[5.463794835880649,44.82597088831498],[5.475071217930305,44.86759688581832],[5.483647138020397,44.92229059824822],[5.477674326344703,44.96675249985711],[5.493108370230375,44.99650387405212],[5.480457675487145,45.013866206651436],[5.466222808609953,45.05369264423919],[5.482962641076428,45.083813985829416],[5.4594242070232415,45.084354048653296],[5.449788835244156,45.070783659173316],[5.388382939418146,45.03613916354605],[5.3438842908647155,45.04990301119417],[5.317097625615876,45.05144543143657],[5.300641951274725,45.06258684321087],[5.248350471901153,45.06093433768146],[5.226123302713108,45.07917959620953],[5.1833365351237415,45.08488121016097],[5.171188406008603,45.06901345142979],[5.148624024939402,45.07523359417633],[5.162894297608516,45.0984305870661],[5.187438130822191,45.12083055585071],[5.188573507748233,45.171268538792575],[5.165271150444932,45.1998716765054],[5.184576231954122,45.231193647083316],[5.176540876984406,45.2484020449113],[5.121425532367965,45.24833591809063],[5.138525456127068,45.29621886821675],[5.075414977696186,45.28182474686916],[5.054318727576239,45.319054679747346],[5.019860000114205,45.32012334781686],[5.00965209426827,45.34223102677266],[4.989191483458711,45.34404664083611],[4.960882968689533,45.329431946438525],[4.927837287858217,45.322467078582974],[4.879709663152382,45.2969314761542],[4.858798773300606,45.30895383074844],[4.800493926884063,45.298360661142944],[4.769929030711337,45.316015123688956],[4.761388480871705,45.34063001021366],[4.772556757363274,45.35486449672088],[4.755996992712002,45.36567226076598],[4.755804203494391,45.39641527650575],[4.744760477737733,45.42132931211987],[4.758664794548146,45.43109160083594],[4.756935570818616,45.45570734978024],[4.775917949204341,45.45421052340817],[4.782279555986659,45.47220452723034],[4.8412638959614664,45.50060628572331],[4.868481734036511,45.5234402120416],[4.864438371893341,45.5373424891419],[4.840117013694024,45.543291913290595],[4.808696981728118,45.5723005698916],[4.828114865183135,45.58789311790868],[4.85277784466551,45.57887851405256],[4.864457684448963,45.59360146128447],[4.901457719834113,45.606267804658444],[4.927527809638902,45.605706962994894],[4.9719731415095545,45.61268302966118],[4.997963145407583,45.60341491364353],[5.0047455923475,45.62311113752578],[5.038083762231331,45.61507172104689],[5.035148740524161,45.63720294798379],[5.058062092364437,45.65324362294234],[5.059543480830934,45.66509793238911],[5.1081318769103605,45.68802493937274],[5.131061214476138,45.7077086126494],[5.159431081299061,45.7088530167123],[5.126011929215237,45.73790916787724],[5.094526879742294,45.739453359509234],[5.093091174921406,45.766089791057205],[5.068368951685849,45.765473881827624],[5.059330594890989,45.79197852353507],[5.089312645190639,45.784275022180616],[5.101067478338776,45.81337808264365],[5.1603687442585455,45.80231368825673],[5.176892976082814,45.7934833284559],[5.191532760208242,45.771688000938774],[5.221074288749879,45.76845271626348],[5.266894883868229,45.78936901099017],[5.288915017040864,45.81112188995001],[5.302019342914551,45.84764710800802],[5.329298728282268,45.86357404303832],[5.351020842949957,45.883709517437694],[5.413134793996487,45.85221987973304],[5.434944676804955,45.831093776494285],[5.422469140800665,45.80730767616671],[5.457406410775327,45.78099315590627],[5.482525465260449,45.754586398783026],[5.516232131684801,45.73225264077732],[5.52567323556446,45.71672537840989],[5.5455415978088505,45.71359345746488],[5.5757522584808825,45.69178828956468],[5.552743866622332,45.67988793690172],[5.586411372003499,45.66707375970352],[5.602655500360425,45.651527036877965],[5.623748035268078,45.61326832676418]]]}},{"type":"Feature","properties":{"code":"39","nom":"Jura"},"geometry":{"type":"Polygon","coordinates":[[[5.518538729512594,47.30418661945213],[5.531653812708307,47.28437396080552],[5.572097032797981,47.2684421265039],[5.574464664810694,47.25405893079992],[5.602110210787404,47.26053058449396],[5.641087079328796,47.255902139031384],[5.67598472782394,47.27574753150103],[5.698725742766405,47.264996774959506],[5.719658737830903,47.24039349857038],[5.720409103677726,47.2199367429909],[5.754029730428721,47.20619762753816],[5.7615922644946265,47.193351935732494],[5.786363077074669,47.1880831609518],[5.785253964111757,47.1730387486781],[5.811467446057154,47.16905381606456],[5.820691451026131,47.144415939401],[5.8045619988542985,47.1133407822186],[5.768548742190094,47.08943503996254],[5.784717290338706,47.054912309682756],[5.740853599399733,47.031142664947374],[5.749513452394782,47.01724338346852],[5.787650426326096,47.02060775116385],[5.810142553295952,47.04676497151418],[5.818320069354114,47.01634936206399],[5.838703245735162,47.00893073323631],[5.9110704645310355,46.99949662045942],[5.928902914958152,46.981557598992175],[5.945444530036826,46.98892069091779],[5.968560305501438,46.98044449059873],[5.979788604869103,46.963477609202336],[5.9640723607092,46.94807945340021],[5.996550634911118,46.93349025460158],[5.9826340237056,46.90845204586353],[6.011720201418477,46.88892677308902],[6.005778412779799,46.8730528372109],[6.026247153653252,46.86409173600443],[6.034013122897841,46.84959669047568],[6.065722840490433,46.85966779654168],[6.091004700025405,46.84186203649593],[6.134201093056517,46.82606829489227],[6.175722465411307,46.80024737987558],[6.206667229738774,46.766127080274636],[6.185275300570877,46.75514278256941],[6.180271003478625,46.741575238392656],[6.139950483346064,46.7252665040831],[6.11296041814117,46.707745262586364],[6.069828479910839,46.689524885344895],[6.105519201667375,46.65048282928723],[6.059172114439157,46.62611096798534],[6.048566902902156,46.60772285612786],[6.131429786217584,46.55374316497247],[6.1381085470292716,46.55766039903405],[6.1564485471743415,46.54546781327305],[6.112697563396416,46.50963869187334],[6.096828928594163,46.481206078469945],[6.073927085793577,46.46394600628466],[6.085838952286885,46.440997039522614],[6.06400848181829,46.41622698893153],[6.029516385230691,46.38681597881577],[5.983619269600146,46.36236225578993],[5.94141074779852,46.309447376328514],[5.918004636082658,46.30919342038628],[5.908938421371525,46.283951620059554],[5.894626274200642,46.286605180505944],[5.878362837898188,46.26923930243743],[5.849846074176259,46.26206360332615],[5.76565366968616,46.26829459697285],[5.725183003095842,46.26072920479395],[5.715004075499846,46.281794854191894],[5.714717731644379,46.30876884774591],[5.6845818644582415,46.31092471469043],[5.649352566100887,46.33949973060812],[5.617647005041448,46.32909642404822],[5.597401953530867,46.29717016200506],[5.566359117801653,46.29405393089148],[5.542037828826235,46.27020190870743],[5.5202584619727855,46.264154428816624],[5.4730553115738125,46.26506376332347],[5.4568376845310524,46.27447818647901],[5.475143359983399,46.314983312313444],[5.466922894957274,46.32326983579511],[5.437795113853317,46.31511297122548],[5.425824019124199,46.33893598335614],[5.401973542783007,46.33904473846451],[5.373462288620209,46.35223630468514],[5.375550503997551,46.380228055197534],[5.341420750039618,46.40179770821096],[5.298803013245869,46.41268163222961],[5.319500329420964,46.430811362520714],[5.310560613770375,46.446766420719875],[5.3233509593207256,46.462505958303325],[5.373305922688233,46.460100694018294],[5.415741925117894,46.47313865941284],[5.40775059526701,46.50005419367624],[5.384819294338149,46.51562428945251],[5.359203918767164,46.52256069453744],[5.369638182241569,46.58033249938761],[5.405690744011141,46.58167055755078],[5.417107587832548,46.61545539475532],[5.441107903009741,46.637540014709465],[5.415503039920619,46.654982421219465],[5.422089954439316,46.673031501871684],[5.395359314315539,46.68505154004584],[5.407751223773992,46.69588136597287],[5.393640625030492,46.728633357928615],[5.361096638423232,46.73098281339333],[5.366370235232235,46.75127756992356],[5.390414912053985,46.76783202725685],[5.352854015210384,46.793190147243955],[5.3329251666131325,46.796100557884984],[5.3285860378953895,46.8129521008927],[5.409821779763356,46.83254621337176],[5.4488892034635485,46.82627111311263],[5.462804105486921,46.84077447546622],[5.4592864241149215,46.855244785634916],[5.418370968481785,46.86028266347864],[5.401826175213913,46.868321923377145],[5.403416904275394,46.88995270444294],[5.390761534745653,46.89436876615946],[5.3633777404924405,46.88326000729678],[5.328705057646148,46.8902268196612],[5.306862019346935,46.92461572569682],[5.308497060036723,46.93735552157344],[5.274765609317477,46.93484664855668],[5.260170972283091,46.94558220686418],[5.255236339191406,46.97988809464049],[5.278877381251384,46.99902304373498],[5.302902725063236,47.002995600434],[5.310049747453535,47.018020896757406],[5.275326877554134,47.02693403703708],[5.2839203158010815,47.04791289990898],[5.322186205925132,47.07298220144242],[5.386025055163915,47.08197683820708],[5.410655482578915,47.11409007735421],[5.408710637565267,47.12607417258199],[5.439973300314684,47.1443971913906],[5.459209017913762,47.18344166980506],[5.447990684518002,47.19618128392872],[5.48000850446928,47.21736948822585],[5.474016456865987,47.23108930134431],[5.485950818628809,47.25097372798523],[5.488282961724511,47.28934747031664],[5.504737607495882,47.28566080102212],[5.518538729512594,47.30418661945213]]]}},{"type":"Feature","properties":{"code":"40","nom":"Landes"},"geometry":{"type":"Polygon","coordinates":[[[-0.24283655874306692,43.58497620901365],[-0.2763965148657968,43.584761045574],[-0.30369046804673383,43.560276850255974],[-0.33595845896027376,43.55085163558024],[-0.35359679862890814,43.561780875085],[-0.4060419475368964,43.568225638621044],[-0.45203767058593636,43.550435492790825],[-0.4634382109634287,43.566589232141745],[-0.43347042112212875,43.580338984734894],[-0.44992960469658516,43.595703984518344],[-0.5076560922832347,43.56923087293328],[-0.5105948945954394,43.563209686236384],[-0.5571744316529481,43.542797175106195],[-0.5670718315523744,43.558215555933955],[-0.6008401126869658,43.538204154807815],[-0.670807186170969,43.5667169721834],[-0.7009707203498448,43.56096357592762],[-0.7180970591845858,43.54064303476207],[-0.7682806920100282,43.57948154907272],[-0.7817805196343679,43.564167159066834],[-0.8426740269835161,43.55356012044782],[-0.8556394802658646,43.541912093762534],[-0.8966906468904682,43.55048921576566],[-0.9509135778063627,43.53212326134325],[-0.9758267609662757,43.53928445138307],[-0.98987372975074,43.53346243559243],[-0.9933935609538049,43.505388046842114],[-1.0265078502683154,43.503370175677496],[-1.073598211038545,43.51939437447959],[-1.109247829938908,43.51412989565137],[-1.1195951980376606,43.50151151366748],[-1.1625744604180746,43.49153545937573],[-1.1639945144136432,43.50839178467792],[-1.1315682094233597,43.51069576475205],[-1.1708199655376668,43.5456098839176],[-1.1956162981323255,43.546095049204695],[-1.2173167238027949,43.53073810827331],[-1.2888696900073222,43.49872862084951],[-1.3274966286590806,43.50492395449724],[-1.3679078186199811,43.49490465671754],[-1.4153887215828598,43.49717030109977],[-1.4311182651313608,43.51461371523744],[-1.4641103174097,43.51978418733692],[-1.4765954372767023,43.539347276261424],[-1.5014142682685339,43.526946780448405],[-1.5248665484221002,43.52970134669009],[-1.491923614747195,43.57231885753228],[-1.4600195931351083,43.6202992244984],[-1.4424122520261093,43.664405589349386],[-1.4365038283323686,43.710565130021784],[-1.4102258105768295,43.80324747446864],[-1.375345240406389,43.91228735051265],[-1.3376743348128222,44.05415734628098],[-1.3159842928578236,44.130037493905746],[-1.2775403203119533,44.31923983571922],[-1.2538901028077145,44.4676042123461],[-1.1064909647292618,44.502772891337074],[-1.0851664955491247,44.53219457167761],[-1.0266309572095953,44.5071249515487],[-0.9911544881491408,44.511849168147315],[-0.9806969914576482,44.48287893553743],[-1.0079983966164947,44.43628954261453],[-0.9695842480121452,44.429379805191715],[-0.9191704541834174,44.44334436259599],[-0.9120213474779492,44.43693794653607],[-0.8433457118512414,44.41817667183869],[-0.8124255218387905,44.420432411546486],[-0.7787977956453461,44.429621612205196],[-0.7724266413748072,44.4400689012159],[-0.7307029568976173,44.446374662072536],[-0.6819329255443941,44.444104603018644],[-0.6760254579024039,44.45733288174258],[-0.6287774027434528,44.44319224087455],[-0.627647611184293,44.39814566253359],[-0.57097020407163,44.38252695965793],[-0.528103107297291,44.364654043262846],[-0.5176354697700613,44.33911112646833],[-0.47887161721109855,44.32489189867455],[-0.43183954131517804,44.32257705443087],[-0.43013450581532475,44.304781669300105],[-0.404736006733474,44.28738094305708],[-0.38338729038705516,44.28631066773658],[-0.3962403182108504,44.237695224176385],[-0.38961736206091696,44.20948462715673],[-0.31133609242726,44.20327170097005],[-0.2721185290366108,44.19380924623558],[-0.22344709828329407,44.20589826380183],[-0.2260044378069046,44.26478415652428],[-0.17860380229840828,44.26119359476371],[-0.1664311622268672,44.241645770485846],[-0.14068847985275829,44.226404747689884],[-0.12947353060156191,44.203862714468414],[-0.12915451548994408,44.152409928751574],[-0.10518222695424868,44.1551363597548],[-0.05985846246111547,44.150817206299195],[-0.0035391663583750703,44.149897854637146],[0.03459384382221056,44.13065240342955],[0.13579733087558213,44.12419368483945],[0.13673121582335918,44.10987087477736],[0.10177914904503296,44.08782254660348],[0.09431661158348077,44.065613157677994],[0.0626980132929106,44.00084249917964],[0.07604560969926086,43.98314313658291],[0.05530723606827761,43.957963973072],[0.07101167271921884,43.93329587806085],[0.07251111881590214,43.91379372164531],[0.05569199596666372,43.8976445612464],[0.030793555000742517,43.9005633671888],[-0.01861461418396192,43.9313867432444],[0.00420637351659139,43.94342582438924],[0.001446300333196457,43.959885381064026],[-0.0361689246680343,43.98374032755233],[-0.04653101813218577,43.96104391789014],[-0.07235713337565827,43.946531834485505],[-0.12468082668137451,43.94434508821349],[-0.16632109560044633,43.92805052482344],[-0.17595413172084393,43.936327270993594],[-0.200087659676207,43.914834830061565],[-0.2344384631811253,43.899006040339785],[-0.19456201236331316,43.881572646215844],[-0.19855660923175042,43.86241563374058],[-0.19246168396068822,43.81017700393666],[-0.2271397672790903,43.808272976810954],[-0.20605373558746434,43.7500763289867],[-0.19414330237233995,43.737016685694684],[-0.2286074364319675,43.715376271697906],[-0.2466545863762805,43.71066950060451],[-0.23910333247309243,43.69394560059394],[-0.2558984040423508,43.679791305136796],[-0.23973019201148485,43.67124152201394],[-0.243162288337736,43.6545058231693],[-0.28211107433706983,43.64307015979027],[-0.2777099095136678,43.616204272478164],[-0.2472036903728421,43.615949823145584],[-0.24283655874306692,43.58497620901365]]]}},{"type":"Feature","properties":{"code":"41","nom":"Loir-et-Cher"},"geometry":{"type":"Polygon","coordinates":[[[0.8412172317044129,48.10306240932052],[0.8758906410789156,48.10943550861685],[0.8909295923841402,48.10206310395515],[0.9440295929845693,48.11237193590575],[0.9502768856001645,48.09927549241419],[0.9813105576003316,48.119560230186515],[1.012548026499917,48.132548614185936],[1.0387342870949972,48.13165484141439],[1.0456264025684945,48.11762847776995],[0.9915488801693668,48.09741164653938],[1.0085477409246668,48.0831267789959],[1.0260026950898764,48.088407307781466],[1.1031936171142485,48.08108800423722],[1.122713770015408,48.035980030467925],[1.1666303937374705,48.02739182079259],[1.1695601007353318,48.00668912927458],[1.2096430686639739,47.96850051668402],[1.2456512469484482,47.979278052584],[1.262653160836444,47.96284180147032],[1.2995800659732568,47.96816150698365],[1.3086281518302283,47.953853799768815],[1.343701298620938,47.957530775683054],[1.3700158222874876,47.95374905485532],[1.3869462890722553,47.9812831788851],[1.4068828320031919,47.97009659263769],[1.4372409526093535,47.9764987201296],[1.4396560496498594,48.01194932329023],[1.5201238283340488,47.982278476987],[1.5648186289077217,47.989771943729956],[1.5654541645457618,47.97421749655934],[1.525499326800869,47.94229204754703],[1.5254235639039053,47.929113580200145],[1.5571710400083827,47.91853552571645],[1.581422578383437,47.90192694837693],[1.588137738369647,47.8764265961909],[1.5579324839494983,47.84812808991504],[1.5351015717504108,47.839545777266615],[1.5337009096463892,47.82052592915118],[1.57053819365027,47.79658651597201],[1.571250855065289,47.786963386235925],[1.5478779921036048,47.76976159021967],[1.608594434126198,47.73393326082299],[1.6266316344148937,47.760971714419085],[1.675275323556801,47.73862278622698],[1.7113085978372213,47.73187770277278],[1.72806479545811,47.699564603486614],[1.7399382527750795,47.66153396917555],[1.7819763886541304,47.65230252991529],[1.8451687786713176,47.657075980599814],[1.8436947697611497,47.68635321599452],[1.8701081905766355,47.67418008034603],[1.8995427041357686,47.67321863025759],[1.9341238444974078,47.6794171004311],[1.943437380081729,47.66008510917376],[2.00158311405148,47.66867970749289],[2.008045857144552,47.67730418039903],[2.066463070283871,47.6743106765294],[2.0712946786313693,47.681559290786815],[2.1397679887163026,47.67737542400391],[2.148515572748776,47.67042742106637],[2.20255850774907,47.67814460514722],[2.2199555931269646,47.667865521618396],[2.2409780083952664,47.63734539809969],[2.2392136309887465,47.62097830786331],[2.1979481169523365,47.607172865315],[2.1537378905390843,47.60082068488091],[2.1195753203342678,47.58295161292573],[2.131269305993213,47.550272515078134],[2.1956362774138967,47.54857375639977],[2.2152905780056495,47.52210707630713],[2.2178746796449196,47.495343490555165],[2.247745015297621,47.491732324776784],[2.2369731533510286,47.4712635208768],[2.2478944881999485,47.44140228778668],[2.24369191507804,47.414818238040475],[2.2052259819019713,47.40525327924356],[2.1886360612239333,47.43774542166242],[2.1428436560395734,47.40889739927532],[2.1170302440572,47.41010870128665],[2.103653119991459,47.39321656330969],[2.128211459230398,47.331734733954534],[2.1515587241969385,47.310723959822234],[2.1389909561599825,47.28548622024678],[2.111689632581936,47.279437465410155],[2.0772893478221053,47.285804260444245],[2.03110991609486,47.269807386211056],[1.998492852908483,47.264047399335425],[1.940816059215001,47.29013078285961],[1.9214647164538976,47.26271748785687],[1.8947687643612021,47.25466020007403],[1.9165941784807092,47.23598592691221],[1.9038108872203174,47.21524765964095],[1.8730051860601082,47.20531826355262],[1.8554824505856486,47.22040769184943],[1.8390792420529518,47.219308157716554],[1.8088371356765827,47.23387535753442],[1.77611073651641,47.23138256399343],[1.7397902842883757,47.2549073525034],[1.715953376298902,47.276776997807374],[1.7058305011298698,47.26587806828036],[1.6659002787349648,47.25778142355442],[1.6504371377870972,47.27317015052999],[1.5924281213159723,47.27667661628705],[1.59104001493485,47.25746333923802],[1.566277084478891,47.261616837192406],[1.539459756494749,47.25652806281719],[1.5245337678448851,47.22597700817113],[1.4815998938388473,47.239163055882926],[1.4484622479605171,47.23796792120677],[1.4241047321761513,47.22954437481808],[1.4014266290701616,47.21244937239578],[1.32666554504539,47.186225424714024],[1.2945860121083586,47.23735505703783],[1.2753776194772806,47.25665618088809],[1.2433106673289427,47.2738511703364],[1.2233351560525534,47.29417679425747],[1.194077711170585,47.282955427790995],[1.1732084801290505,47.285312153710144],[1.1623243677400883,47.272335282824905],[1.127510095723219,47.29676734084024],[1.1079035040639091,47.29948400233637],[1.0948532977686622,47.3285366431566],[1.106312735447246,47.331083370539545],[1.1228695110868157,47.35644850071685],[1.1043501548322552,47.370150192490236],[1.1215488811681436,47.382432672337416],[1.093707046251301,47.42905551300356],[1.1144031703140151,47.42842030526633],[1.1333660737875422,47.44894991839347],[1.1128833087567993,47.46591695745825],[1.0945042162450278,47.469318385564065],[1.0739220708330763,47.51210138412339],[1.0464291767245975,47.536720528819714],[1.0763363652479012,47.563221554317444],[1.0333525357335172,47.60701157045949],[1.0147853330259788,47.60470741380823],[1.0037237984188345,47.58435868340903],[0.9867433094857044,47.59068498133699],[0.9917892369385366,47.62002605530995],[0.9190111731399363,47.63260906008665],[0.8989296726576519,47.60470549484694],[0.8638905035844368,47.59963034358335],[0.8436538464911009,47.645477850792176],[0.8595037193186879,47.669207269893576],[0.8349728165936311,47.67716533256789],[0.7689302951021508,47.68497280116767],[0.7386942552766614,47.696124610338615],[0.701006484813832,47.68458422067955],[0.6747744974506991,47.699004075610326],[0.6313085686496198,47.709099413081624],[0.6144311990931555,47.69421364605317],[0.5805178732790718,47.71232800971273],[0.6116040970811059,47.728130849502094],[0.6207093570907236,47.747478130583154],[0.6512736394121261,47.75525397111593],[0.7248506777855144,47.79889099623824],[0.7452461943264459,47.82624263074177],[0.7745788175007324,47.83968729513432],[0.7573343557395469,47.8911737517487],[0.7805065684044099,47.91037691407999],[0.8091382962389404,47.91066255080899],[0.8171444727137281,47.93447148791446],[0.8454683997304765,47.9413323536207],[0.8376537080820077,47.96869214349436],[0.8186564019800159,47.9892543363892],[0.8323705747596303,47.996592919852844],[0.8405346727531238,48.021049640847735],[0.7975514233427093,48.03724057968432],[0.8011883732648392,48.0715172542445],[0.8430226369432118,48.07264184794484],[0.8412172317044129,48.10306240932052]]]}},{"type":"Feature","properties":{"code":"42","nom":"Loire"},"geometry":{"type":"Polygon","coordinates":[[[3.8995333931893303,46.27590543921817],[3.9094002908986636,46.25772625699907],[3.8901323277345172,46.21449064143864],[3.9135641774619283,46.20692040053432],[3.972545422490283,46.20271202778806],[3.9817875015959623,46.176336440402444],[4.0304983004444725,46.169772418692666],[4.051958867651804,46.181688397585496],[4.104090700200876,46.19839492284894],[4.133393277727922,46.17732129820146],[4.188443814996147,46.17512895597164],[4.18453492610967,46.188021124528625],[4.207908679923857,46.194835796707316],[4.224689888463,46.177995310819746],[4.257372590726873,46.18473517832983],[4.257119428326002,46.157287705187656],[4.2818305705425415,46.156597324529926],[4.292313251311721,46.17248235017095],[4.3157404325049695,46.17203342079279],[4.362151387631787,46.195596184477786],[4.388079599211451,46.21978851671503],[4.422612723182659,46.2025561207876],[4.395991931108271,46.18913351748368],[4.438590902796802,46.16787882969539],[4.410785750373344,46.13662430946693],[4.380275754005176,46.150004219111246],[4.361588426954295,46.13845862089166],[4.321566636697419,46.1292227390098],[4.306153355734185,46.10204949110961],[4.309660723089374,46.079736904576485],[4.285739765481103,46.05353257676386],[4.254288650960761,46.05273202617171],[4.262156206087431,46.0353981231568],[4.312509748657016,46.00559232184622],[4.300566276670547,45.99131120846098],[4.249195496150678,45.9953837193519],[4.298100713331312,45.96566297835176],[4.293912264205216,45.95339953385285],[4.34518756578921,45.928106708428984],[4.34541858135298,45.915369145765204],[4.32322164118184,45.90393193479993],[4.342152967764877,45.87717650941675],[4.357305400190197,45.867818212138175],[4.396210392438567,45.860049159409144],[4.376223580241809,45.82463846230085],[4.375871288793124,45.782079121045285],[4.3493620257561165,45.77130357540371],[4.373503657509452,45.74949633164302],[4.397995092909568,45.751428954900874],[4.3738410092708815,45.7118281564325],[4.365920195904948,45.67115339597],[4.391675108287153,45.6629035906777],[4.410284239143385,45.632050806327356],[4.440485898400948,45.62348155684874],[4.44944567617998,45.607317262662356],[4.501195680541532,45.585509531030695],[4.521074741734986,45.57279549516226],[4.568607549526933,45.583472510511605],[4.582929001860563,45.57473357946033],[4.625186588148891,45.5690598812714],[4.636946590180618,45.54563402439237],[4.672311111048541,45.5702781100426],[4.684974417954742,45.55444421417092],[4.6505036163787885,45.52825095564595],[4.661754663860458,45.486753449800155],[4.700228209366997,45.478251319676815],[4.721827573373719,45.49439543048306],[4.739409870606086,45.48659464798714],[4.756935570818616,45.45570734978024],[4.758664794548146,45.43109160083594],[4.744760477737733,45.42132931211987],[4.755804203494391,45.39641527650575],[4.755996992712002,45.36567226076598],[4.725825842131706,45.36180904894751],[4.7004091166444315,45.345742863727835],[4.680129607940992,45.34625617395863],[4.614497435388506,45.30983662841341],[4.621039470679837,45.29121612407326],[4.598597055879653,45.28948570433069],[4.590638055650433,45.27303681774206],[4.602422910281466,45.25170405771358],[4.565520406201406,45.247958129182955],[4.540549370042042,45.23475108941549],[4.483134616383878,45.23644648192782],[4.418571110077435,45.275424101661066],[4.369667772097112,45.26036388974016],[4.358165874707906,45.2813072908644],[4.365602171309155,45.30106532546477],[4.33189877989193,45.31806910411131],[4.36629429373957,45.337097928842844],[4.346191897357872,45.36229645766761],[4.308195090413248,45.370806841748106],[4.290739610203065,45.358581485433724],[4.271696633410009,45.35982598379431],[4.244524979129677,45.384914673287405],[4.226432364238226,45.389716036582385],[4.193308884127496,45.384562275069875],[4.17881972832703,45.39254145153728],[4.149768797104822,45.38455824320961],[4.1540322116079285,45.36460333540307],[4.121367666873119,45.36908660993613],[4.083541528780984,45.358094161343104],[4.062397034876466,45.33910649399259],[4.043265536912594,45.355946107018674],[4.016059141026905,45.328622335814885],[4.002609357264608,45.355903224229436],[3.9859297079746523,45.371846404559236],[3.937395868986861,45.37201990198935],[3.9169404058247803,45.33940170910745],[3.897408424881887,45.3570837817156],[3.8892315945582094,45.39452005881283],[3.899187761612733,45.410307649293415],[3.9601432570462634,45.44344571733884],[3.972751884382159,45.46143771943691],[3.966604497321932,45.472189147410184],[3.9844000736338567,45.49411557572152],[3.964839538556207,45.503218682032596],[3.9459486995868804,45.54447980125801],[3.954348408158434,45.555962683335494],[3.935548097136248,45.57675205994888],[3.903596234209209,45.599022466324875],[3.8846825953282202,45.60275694217335],[3.86173367803394,45.62272878464922],[3.823453198078696,45.63241694241682],[3.776946294898936,45.6908405345388],[3.7827600945783164,45.706694635321],[3.7586724976385866,45.74600532878878],[3.727105164096888,45.75553371264516],[3.7310653997028584,45.77483343230172],[3.6906934795455935,45.79217071537155],[3.7116170222098575,45.79955113302971],[3.72534244009261,45.82707398650144],[3.7315424899852925,45.87016039642116],[3.7543707578917007,45.88603083611283],[3.7234546463589506,45.92186686966796],[3.6940178008729885,45.930732356412385],[3.693841059729285,45.94949142878095],[3.7088966387640045,45.97378446779926],[3.741274273248646,45.96600368355748],[3.778005233789911,45.97179985823387],[3.8237895718712145,45.98735259327228],[3.8283904088914604,45.99948536067427],[3.80676406021388,46.04562293029198],[3.806993754653765,46.061272645914705],[3.8218816515656036,46.08798379604504],[3.8025614332413635,46.11032928945375],[3.789761994058612,46.15485133205715],[3.8078602164262896,46.16159515953333],[3.7907469501208273,46.18453497582482],[3.7902842093787883,46.210905673837914],[3.768246928941596,46.237829248308365],[3.802699984915529,46.23850996581434],[3.8048868330812957,46.25485708711847],[3.8690933059580366,46.263723494024156],[3.8778066858099134,46.275939918983156],[3.8995333931893303,46.27590543921817]]]}},{"type":"Feature","properties":{"code":"43","nom":"Haute-Loire"},"geometry":{"type":"Polygon","coordinates":[[[3.897408424881887,45.3570837817156],[3.9169404058247803,45.33940170910745],[3.937395868986861,45.37201990198935],[3.9859297079746523,45.371846404559236],[4.002609357264608,45.355903224229436],[4.016059141026905,45.328622335814885],[4.043265536912594,45.355946107018674],[4.062397034876466,45.33910649399259],[4.083541528780984,45.358094161343104],[4.121367666873119,45.36908660993613],[4.1540322116079285,45.36460333540307],[4.149768797104822,45.38455824320961],[4.17881972832703,45.39254145153728],[4.193308884127496,45.384562275069875],[4.226432364238226,45.389716036582385],[4.244524979129677,45.384914673287405],[4.271696633410009,45.35982598379431],[4.290739610203065,45.358581485433724],[4.308195090413248,45.370806841748106],[4.346191897357872,45.36229645766761],[4.36629429373957,45.337097928842844],[4.33189877989193,45.31806910411131],[4.365602171309155,45.30106532546477],[4.358165874707906,45.2813072908644],[4.369667772097112,45.26036388974016],[4.418571110077435,45.275424101661066],[4.483134616383878,45.23644648192782],[4.489604429758615,45.224787898710176],[4.477266258728365,45.20978594447126],[4.472540720426905,45.179408906886586],[4.447480119407685,45.16118502386361],[4.446118275212825,45.13169134188572],[4.376558944791765,45.1443595905019],[4.37022058732025,45.13029910308921],[4.400229848141373,45.11600398371944],[4.372571367591827,45.10480297518196],[4.346190894999054,45.06964388927494],[4.359614567276412,45.05568487734863],[4.378014671826731,45.05427007966308],[4.379067913162388,45.03617454254133],[4.338428544649489,45.02671076147119],[4.314677006361451,45.03079389328605],[4.297239439669978,45.01702262504178],[4.289827924670836,44.99730682920296],[4.311668803625915,44.97177463884522],[4.251555903015938,44.958924064540234],[4.221702631142119,44.96133612938675],[4.216572079556928,44.933567915009554],[4.1899324439493,44.91419030432338],[4.179951268724776,44.88730128359599],[4.156154791813548,44.87333360834132],[4.103743185520496,44.87725256159482],[4.068313356371929,44.86746929959503],[4.0338762761727365,44.8710458107922],[4.020171384284056,44.84572694383834],[4.028374858328879,44.834081003006155],[3.988454902516046,44.813419515634884],[3.944536875109786,44.82322023968674],[3.937001123548729,44.7954172172997],[3.919817199492905,44.77460034297932],[3.8895265818183935,44.75196027421232],[3.862527190139651,44.743863434670935],[3.836561503873052,44.74784401669704],[3.8428722355724365,44.767658069140836],[3.8025469466502706,44.78217403491838],[3.752688285784399,44.820978132154096],[3.7444352015394076,44.83779866715789],[3.722885793793205,44.8309902964175],[3.6690230882043697,44.828879139980735],[3.67181554273005,44.843385113427054],[3.6548748534796442,44.87421590375256],[3.6264516856693065,44.88025029795416],[3.5943359966689914,44.87542977006506],[3.5980411899153943,44.85950943658448],[3.588921232126889,44.8263980463694],[3.5397490121099957,44.82817873595921],[3.5056510328808947,44.823846640197424],[3.4782424266646075,44.80967976284068],[3.458847484667369,44.839932137298916],[3.4418003889561284,44.85422679293021],[3.4357113347213044,44.880244038151794],[3.410379964997872,44.91777749816426],[3.4158326368156513,44.92853462204254],[3.40455052934818,44.956397735743366],[3.38636652116385,44.952743854804055],[3.3613425807398936,44.97141170967897],[3.34795071948085,44.97386741391429],[3.349918646764341,45.00260138512903],[3.337173969362221,45.02533946243554],[3.3114877307075306,45.02276714381717],[3.3002890808475738,45.03204489436342],[3.300037167089146,45.05612205325275],[3.3142746780569206,45.08502161586657],[3.3340673163073404,45.11112985018295],[3.3013685993945794,45.12408985771677],[3.2880332175079103,45.12042440957931],[3.2606073460103326,45.17094202255946],[3.27247945333649,45.20918164911843],[3.239572097735146,45.21694671205992],[3.220952339250761,45.244178044330745],[3.228040568209475,45.26635049790692],[3.2125769046776993,45.28063487720399],[3.167616208952322,45.280135013197906],[3.1595874385219407,45.29128516779879],[3.1179979977042014,45.284187297622225],[3.0999431470714955,45.316251503364],[3.1134170784877164,45.32717903792977],[3.1034981328800555,45.35437310008832],[3.1680632240379363,45.352259807508],[3.220912377077928,45.37892046186799],[3.290691872112179,45.401821892426035],[3.30631987673738,45.41954639101777],[3.324323216190769,45.40643003851577],[3.355951003761219,45.42270452498479],[3.37740750048678,45.40195065808154],[3.4636110218729947,45.40187938765357],[3.4797803281462016,45.42109945505887],[3.501320580432494,45.42757868705258],[3.5209066851487667,45.40241117172981],[3.5630771718254137,45.39491340017769],[3.5880474177320365,45.375226810928446],[3.5903478302934047,45.35722324299155],[3.6186259166992305,45.33771043696724],[3.6631634778409548,45.36157929015898],[3.679853380401792,45.38418941501764],[3.705828237197212,45.3607062251683],[3.7722554467335283,45.34919188352554],[3.7899965323666374,45.35387675419062],[3.7856753429070356,45.37076437810785],[3.804943044201567,45.392104461166284],[3.8352859719724157,45.37605158297855],[3.837685746380872,45.365713933149365],[3.869748727932898,45.355825177974914],[3.897408424881887,45.3570837817156]]]}},{"type":"Feature","properties":{"code":"44","nom":"Loire-Atlantique"},"geometry":{"type":"Polygon","coordinates":[[[-2.45848916517333,47.44812172071826],[-2.453433891770773,47.46207445240776],[-2.4230264761460525,47.477112579344045],[-2.3999436811786463,47.45598156061156],[-2.370968184053226,47.46338717496278],[-2.354869937092447,47.454890712840786],[-2.31286829291468,47.46446874947645],[-2.3131355987939677,47.48590211028132],[-2.2991284429653516,47.50047998605304],[-2.2613604986657707,47.51360628741794],[-2.244282758246302,47.49360064884759],[-2.1908096601747804,47.51205628181908],[-2.1832952625867295,47.49169698467854],[-2.1541846873077226,47.496364126798106],[-2.1560219978896007,47.52202803044017],[-2.0985539306805943,47.53395835736954],[-2.096505468974894,47.57236562280809],[-2.10372254987444,47.58943141752024],[-2.0869285812433267,47.60277534815358],[-2.084994306680996,47.62123305096733],[-2.097035597340287,47.63135984401428],[-2.0747365598102796,47.65166099544987],[-2.050619855103944,47.65113784113771],[-2.0357262501792506,47.668539150280836],[-2.0093556937669623,47.67137826011831],[-1.9690539759076384,47.688369032568346],[-1.9546408028570217,47.67170187943092],[-1.9363047156903395,47.68664646647229],[-1.8640133393104241,47.7069846705491],[-1.8225344895568474,47.70628736859361],[-1.7724163023563184,47.69845339608558],[-1.752032319383817,47.70741764750666],[-1.7236704751667482,47.698676218818825],[-1.6911255411567772,47.71282712864092],[-1.6556020388557997,47.71053299603197],[-1.6381801885560439,47.72231564110314],[-1.635569613301689,47.74266025266195],[-1.6163557701095264,47.76415676086167],[-1.5934074072820492,47.77605009178189],[-1.5280651896409132,47.78584499709324],[-1.5042371318422498,47.8009448646891],[-1.4666150070573418,47.8074975400483],[-1.475255403833222,47.82540410017005],[-1.4651862054088018,47.83460451273148],[-1.4178432025307772,47.82748441208516],[-1.3904279688415837,47.828280801153184],[-1.360603817710753,47.798432206803135],[-1.318489521021141,47.79233158240722],[-1.2458823462890538,47.776717547680406],[-1.2355437776358398,47.757046555422306],[-1.2545772523262662,47.733641751506994],[-1.2154187219671249,47.718817804901974],[-1.1951181057962028,47.72154902070605],[-1.1894960789668845,47.69916325132362],[-1.1749295691501485,47.694565013829596],[-1.1824294262619501,47.6680046714435],[-1.1608077767122782,47.65632049258235],[-1.1579089209094204,47.63660321755249],[-1.137956817334609,47.619736138890346],[-1.1006492140245874,47.62068366379477],[-1.0564895204285647,47.601479248609785],[-1.026009375226936,47.599308629561634],[-1.0068639898836467,47.58905339488284],[-1.0525094143946503,47.56363638662836],[-1.0397778230870207,47.54883710607215],[-1.0444575006084293,47.50550106908369],[-1.0086170505041334,47.489110660531026],[-0.9674825559179046,47.492800296900974],[-0.9672169416067916,47.468248780242014],[-0.9542208546281663,47.4539097574189],[-0.9610616341565943,47.418146960038484],[-0.9500724202369605,47.40418985727392],[-0.9508302510459343,47.38350557596203],[-0.9748672757080542,47.371382608948814],[-1.0178737847602033,47.36506226317233],[-1.0787286518898893,47.370791947022845],[-1.1082260597696614,47.36577684975045],[-1.167609698077546,47.365887235139574],[-1.182960128465649,47.35431013426607],[-1.2286336711215902,47.34992378396915],[-1.2612216058119492,47.34085259435289],[-1.2998771573086019,47.33762366530587],[-1.3358228427021601,47.3189666448679],[-1.3443707665147786,47.300912351608176],[-1.3017706698751919,47.30303238335918],[-1.2798655849130829,47.29443954491049],[-1.279481478733716,47.274997858626456],[-1.251834385400758,47.248391505350874],[-1.2283649350807286,47.239712044540795],[-1.1980384206236745,47.252940714686886],[-1.1809669432498426,47.24081046650355],[-1.1880521879881976,47.219792216059965],[-1.1784570598013726,47.193390310739396],[-1.1634008936162523,47.18546752937314],[-1.175868309084218,47.16311976069785],[-1.207726991440738,47.1438706405948],[-1.2374293726181724,47.13493300477958],[-1.2258419448390925,47.11944408223294],[-1.2423703743532273,47.10123014862037],[-1.170292292370527,47.093053598552416],[-1.145027574182689,47.06837675006014],[-1.1155386203739606,47.06269707451897],[-1.1170476687025708,47.04013159004134],[-1.1485704887534398,47.029545162586565],[-1.200679265181828,47.04002068735864],[-1.230646678052403,47.0647662671337],[-1.248272600668004,47.068248451977425],[-1.2683044893940385,47.08474885032919],[-1.2903251112226377,47.07019181205101],[-1.2946349782361042,47.03948346966515],[-1.3124114592110108,47.03350963450989],[-1.3627515861913184,47.04068820066417],[-1.3786124689367814,47.03085386698655],[-1.363022131692666,47.005231806651935],[-1.3775094300897999,46.990940454807415],[-1.3590587331965938,46.98113458794234],[-1.3729857700949506,46.95218446660972],[-1.4181594787532137,46.943057239909116],[-1.4582677297055284,46.92583846037384],[-1.4715165512848787,46.93291787054446],[-1.4572082927387657,46.95464665401728],[-1.4769594857010369,46.98097074445235],[-1.469172627780506,47.00198697021648],[-1.4759335714372155,47.029463554503664],[-1.4998449288829532,47.04068947453796],[-1.515724271893768,47.027732420842334],[-1.5552723334553664,47.01533738692226],[-1.542665987015755,47.00327217070728],[-1.5543623514658027,46.97816341773942],[-1.5309030377362816,46.94498074264914],[-1.527927453698693,46.92377826735825],[-1.5007668577856463,46.88389115282979],[-1.5485110748777025,46.86007983436468],[-1.634820511862539,46.87837868837905],[-1.6645131258008816,46.874779205029014],[-1.6870033984268769,46.89055113474326],[-1.7202546726947285,46.88456447923729],[-1.7371139932046213,46.89680599083098],[-1.7362508076850236,46.91143568904478],[-1.7513270577094098,46.929611815604666],[-1.77556460551789,46.92540682943319],[-1.8309821821134158,46.932033724154486],[-1.8318237164160205,46.953809822447525],[-1.872614380314098,46.95312868208426],[-1.9174428113267457,46.97508381963422],[-1.9166202315157645,46.991518959422415],[-1.9432276192598639,46.99471092059494],[-1.9688489284381314,47.02767329905578],[-1.980414486742876,47.02890649407564],[-2.0047172984420274,47.06145903008165],[-2.032603631969014,47.07351687202541],[-2.0534725301465024,47.09412159709027],[-2.114087677200522,47.10989368059357],[-2.1555864883203406,47.11283045616817],[-2.1776732744717013,47.1220648516062],[-2.214466888230872,47.123901610790035],[-2.226823218085358,47.13094036238744],[-2.226132030050598,47.15227424383228],[-2.167064477781809,47.16618049901811],[-2.1583713304619327,47.20905347867946],[-2.1805520828108604,47.23299057764472],[-2.1705404081241095,47.23975355445233],[-2.169993937357407,47.26847661211524],[-2.1873645299124624,47.28061948952369],[-2.245373274313404,47.25599310446833],[-2.2698943084243393,47.23956836515538],[-2.301643363345213,47.23640440229174],[-2.339599042924339,47.25518767687217],[-2.3697489457624465,47.27743476237253],[-2.398380900159916,47.28144600126307],[-2.441973190559724,47.26058258477878],[-2.4555196699772877,47.26813905362376],[-2.513904074004327,47.284623375273924],[-2.502914104344962,47.328751209072664],[-2.5211551419585674,47.35881029297989],[-2.5589409930083042,47.374567573551786],[-2.5341025675524826,47.38296506334218],[-2.483893499163002,47.412419341696214],[-2.4508581636576396,47.425325950967114],[-2.45848916517333,47.44812172071826]]]}},{"type":"Feature","properties":{"code":"45","nom":"Loiret"},"geometry":{"type":"Polygon","coordinates":[[[2.936314411640624,48.1633917441478],[2.9712637126470374,48.15183377076339],[2.990882804955562,48.15249378691091],[3.0294654865478936,48.13320717199774],[3.0498962046090887,48.088837886069456],[3.0504714242752176,48.072334131124755],[3.0883177986514796,48.05393639481059],[3.1040899600034066,48.01354534990655],[3.1245523178040195,48.006029252910174],[3.1284501214452565,47.97097324034548],[3.0784722436737018,47.93141992007049],[3.0646112850926173,47.93051941081648],[3.00722631015934,47.895294555605346],[3.0053630487182557,47.86404745363208],[3.029058320822418,47.857123076441624],[3.0297012521374107,47.83508204151216],[3.0125379851547156,47.834374131761656],[3.0281191130010834,47.80064806639638],[3.023798094359226,47.78655467899923],[2.988221260489061,47.78603448891204],[2.954736881556772,47.77555900512353],[2.9496989968031038,47.76587258709822],[2.9145173600355263,47.76938033260984],[2.8566660682192713,47.76092647077394],[2.848796639073614,47.72588667336868],[2.858973240721994,47.71131839341009],[2.911669508308486,47.69146053421784],[2.9181549279743337,47.66979136771246],[2.954234275262721,47.64577868896602],[2.936290512560618,47.63665230316903],[2.9403094506517125,47.60348550057479],[2.9622747369522457,47.57678810211018],[2.9765380120036067,47.56942879709582],[2.95865823105343,47.55738006412381],[2.914297452553034,47.56597018271849],[2.890770179974213,47.55309660602271],[2.8574899628231805,47.552844658956644],[2.8489038940037736,47.53754044480101],[2.8746252064056805,47.52042311253978],[2.8346896177800054,47.50891434033172],[2.8253483178196612,47.49720762944185],[2.7968724826242704,47.49670238161028],[2.7848278000315037,47.51590818527616],[2.7671158140580423,47.52510072819235],[2.722269834213415,47.52137488790703],[2.7274074958054517,47.498891999551546],[2.716060360099423,47.48953015835246],[2.684437897133784,47.482967548570784],[2.658459112358834,47.48789924166263],[2.6558708896887775,47.51039583983229],[2.612017744333409,47.52638001278611],[2.616737946714408,47.54089713523513],[2.596866741027346,47.5564207348813],[2.5729159948690103,47.560017104315655],[2.547268117212732,47.57517784121953],[2.4991330263197966,47.56751893993049],[2.475044546159242,47.579880080920134],[2.439400020099367,47.60949994575173],[2.402680868810648,47.599506360587185],[2.3730210260695963,47.585524572377516],[2.3424427416844122,47.60527658931115],[2.3249512144551785,47.60757115362496],[2.289632282146918,47.62905507196624],[2.2392136309887465,47.62097830786331],[2.2409780083952664,47.63734539809969],[2.2199555931269646,47.667865521618396],[2.20255850774907,47.67814460514722],[2.148515572748776,47.67042742106637],[2.1397679887163026,47.67737542400391],[2.0712946786313693,47.681559290786815],[2.066463070283871,47.6743106765294],[2.008045857144552,47.67730418039903],[2.00158311405148,47.66867970749289],[1.943437380081729,47.66008510917376],[1.9341238444974078,47.6794171004311],[1.8995427041357686,47.67321863025759],[1.8701081905766355,47.67418008034603],[1.8436947697611497,47.68635321599452],[1.8451687786713176,47.657075980599814],[1.7819763886541304,47.65230252991529],[1.7399382527750795,47.66153396917555],[1.72806479545811,47.699564603486614],[1.7113085978372213,47.73187770277278],[1.675275323556801,47.73862278622698],[1.6266316344148937,47.760971714419085],[1.608594434126198,47.73393326082299],[1.5478779921036048,47.76976159021967],[1.571250855065289,47.786963386235925],[1.57053819365027,47.79658651597201],[1.5337009096463892,47.82052592915118],[1.5351015717504108,47.839545777266615],[1.5579324839494983,47.84812808991504],[1.588137738369647,47.8764265961909],[1.581422578383437,47.90192694837693],[1.5571710400083827,47.91853552571645],[1.5254235639039053,47.929113580200145],[1.525499326800869,47.94229204754703],[1.5654541645457618,47.97421749655934],[1.5648186289077217,47.989771943729956],[1.5201238283340488,47.982278476987],[1.5266687471482352,48.00726560320355],[1.512975755811939,48.02872178084264],[1.545306911308587,48.0445885217016],[1.5941156652809598,48.03069992074373],[1.6138290938946773,48.04498314926178],[1.6245928719693987,48.067222742913955],[1.6556783876479508,48.076176598146596],[1.6789955266507441,48.065829398062704],[1.7448338583126362,48.0661443495906],[1.797975547328593,48.07686831186792],[1.8656712589157682,48.08385719871519],[1.8843851938361136,48.097661066466635],[1.9010631123528121,48.129720309688054],[1.920402814020387,48.14638533996389],[1.9033398897931277,48.152806309750886],[1.9250485316689847,48.17448662149941],[1.9514550396684471,48.18958117854365],[1.9625953467362638,48.22259665048149],[1.9654790051841269,48.255466245296866],[1.9878756044776544,48.268707563969706],[1.9940847180593788,48.286585877943075],[2.0438104559378143,48.2864493366448],[2.052708364877964,48.29547390947902],[2.081503651069427,48.29360440985604],[2.155707101498331,48.30449560310474],[2.1806941723291215,48.31168043030938],[2.2022493722769347,48.344596745334684],[2.223911064819703,48.3364180215832],[2.238046845675527,48.316373357629175],[2.2954192430595457,48.308226039086286],[2.312590884489921,48.330802741661444],[2.3277014892177683,48.33305786731142],[2.3633118415981462,48.309600437933916],[2.402664267131608,48.320719459421184],[2.4210918870276967,48.298668261849855],[2.4237635277023717,48.260297326582666],[2.452518016092004,48.25003251288878],[2.4690901704508605,48.255272821570486],[2.5068882455094257,48.22598658432872],[2.523126693688509,48.19489310648136],[2.5093663344872534,48.18250926382449],[2.5063270278885916,48.15643757520199],[2.4832376593500602,48.164518230078265],[2.460116447222927,48.13685254342551],[2.4903153051303115,48.12660259180864],[2.521518685158647,48.127300215727736],[2.537506945660482,48.14033979679666],[2.570562642830993,48.14081569138084],[2.602684217604197,48.13148889808521],[2.6397338993017683,48.1388605931352],[2.6634205012712795,48.12220248073456],[2.7065470696044738,48.12481924580505],[2.720460981753342,48.136910896310766],[2.7551983055667155,48.145653478490786],[2.7414685556447598,48.15977844911796],[2.7989445730680167,48.16827665010273],[2.7978126665223124,48.14068615599144],[2.8208799789852854,48.12966447731962],[2.868032820232008,48.156433549044586],[2.936314411640624,48.1633917441478]]]}},{"type":"Feature","properties":{"code":"46","nom":"Lot"},"geometry":{"type":"Polygon","coordinates":[[[1.4482615439322117,45.01931315867405],[1.4763205638048942,45.01844899314434],[1.4837421057409195,45.03086980932878],[1.540647783113957,45.04603881243799],[1.5520395032539256,45.028473972211486],[1.5763138744588663,45.04070102069764],[1.6260183242774706,45.03386004522471],[1.6509837683346409,45.02501608647879],[1.671411146688222,45.00429795565169],[1.7026624491356241,44.98782737758246],[1.711027619735059,44.967294403504056],[1.7506251087427585,44.95495947953577],[1.753916747572787,44.94094903140229],[1.7746083879446204,44.92353891590074],[1.787069584525844,44.93223900793819],[1.8239145263410468,44.92768244845694],[1.8311741137699509,44.945489022453565],[1.8862717368855733,44.95606762209103],[1.9081561620078975,44.97842677184467],[1.9390707704475676,44.9732241453493],[1.9407191588474306,44.95514088145865],[1.9816624813968071,44.97286584256669],[2.045437777493513,44.98366934976922],[2.0629142919730623,44.9765064055156],[2.080180633811985,44.95404979923148],[2.0786199838878985,44.93249880393721],[2.1081096992344133,44.91064323067309],[2.0864964046718506,44.90108537322011],[2.093387343737472,44.872914160665985],[2.1398005030167444,44.82382515219366],[2.166838986075325,44.81171436877482],[2.1669553074507704,44.773143530159075],[2.1534919160094748,44.753107579025226],[2.1473467852230246,44.720872889725285],[2.1526517256816478,44.69982758494574],[2.1791523387104577,44.6744488247748],[2.164998532757633,44.66315186421785],[2.1694177928364127,44.63806619142595],[2.207475285530841,44.61553167652982],[2.193605072158649,44.585919536206276],[2.169814750379143,44.5914152242936],[2.148458414466492,44.57058186258418],[2.1268932861145236,44.57892133300102],[2.1052735405908587,44.5712308351366],[2.083044956953958,44.58742511394722],[2.057369025284242,44.58290555966192],[2.020316538227445,44.55550186478567],[1.9885498908449635,44.55118208825662],[1.9562304028473732,44.5184522370375],[1.906117994440278,44.499870752169386],[1.8902881654773012,44.50588875517498],[1.8799562054517298,44.48383493649415],[1.8615755393539462,44.48731998198506],[1.83959954163412,44.475900168970036],[1.8526882779181688,44.45921955120797],[1.8505304217987393,44.435510430042704],[1.8731857077141336,44.424139807111516],[1.8675016882668152,44.39806363608371],[1.9068426542084775,44.364872665176094],[1.882082857535903,44.340065248844205],[1.826465277116675,44.32358769097796],[1.7918320747165322,44.33342155767223],[1.7745395287661794,44.31236243680847],[1.755361660673192,44.325821897882314],[1.6995029158165784,44.313814281404504],[1.6516207663148532,44.286805806785146],[1.6422791348823196,44.270774261083055],[1.6156813561412897,44.27840070659787],[1.616906636210223,44.297528790899236],[1.5707268227394882,44.30150251962804],[1.5872537911119244,44.24900550804784],[1.5752251099432597,44.23873127310143],[1.5417577750229903,44.22781299250401],[1.5290793065479253,44.235377109638385],[1.5096978064892344,44.27344945044928],[1.4951499133483663,44.27109950643376],[1.4732207948805132,44.28421134803531],[1.4531769569737827,44.26735663623184],[1.4535628583819051,44.25411881791156],[1.380368119687147,44.22485773308437],[1.3567953753702289,44.204016861252555],[1.3437890556280911,44.22428502732317],[1.3179163572182218,44.23295776845425],[1.2842650178929034,44.23519209123777],[1.284277976591082,44.25174919798396],[1.304059855892509,44.26295931081006],[1.2978031763342432,44.29486040345977],[1.2680258772309094,44.28148431232658],[1.2379955233318247,44.27589295439949],[1.1957883877382156,44.281420540652135],[1.159346881110355,44.3106276809867],[1.1219514922437734,44.31674824624536],[1.1134152586304344,44.33885107169266],[1.081222945573455,44.354384743572695],[1.0935208798901315,44.365961836772776],[1.1274427936033644,44.37298221773624],[1.133750630714704,44.39298864277138],[1.1067222137699213,44.39234711511698],[1.0640838318649115,44.37851326503539],[1.0514255555669048,44.39209372311952],[1.060650411597149,44.40361122945944],[1.0574884025751128,44.427669679196114],[1.0299753681284962,44.43361948161042],[1.0213774342184947,44.44445120337611],[1.0230092810371172,44.47543907306224],[1.0090253989657336,44.48004110906167],[1.0162314531417111,44.50587117332308],[0.9824267786867313,44.54548429761793],[1.029736286682771,44.551976017460866],[1.0716976200447952,44.56784537769172],[1.0751408247250982,44.577324783565565],[1.0957075874791038,44.59024337388754],[1.1537498404734852,44.63882020403],[1.1466718447537778,44.67034606645626],[1.1688078503397572,44.680017048529535],[1.22455005545425,44.6842663489296],[1.248270791913345,44.70770636912258],[1.2794274292251306,44.715831247801496],[1.3160508396721997,44.74037462834149],[1.322817940494351,44.76513318662047],[1.296243021698294,44.7778123630601],[1.2996352435270742,44.79691953728407],[1.3281098679785208,44.80652884504556],[1.3641029713426986,44.81156818641523],[1.3614038259537624,44.84079526684299],[1.4019390596723829,44.849446039670674],[1.4048386704545461,44.86234716877302],[1.4397519128973866,44.87494627874561],[1.4398566373102875,44.8889508179699],[1.4106099419064448,44.90896015297044],[1.4335895146429747,44.93830164881089],[1.40926521871603,45.00600178685703],[1.4482615439322117,45.01931315867405]]]}},{"type":"Feature","properties":{"code":"47","nom":"Lot-et-Garonne"},"geometry":{"type":"Polygon","coordinates":[[[0.2973255098237856,44.76228467395237],[0.3232866327071292,44.74761897166385],[0.346186543626901,44.7225420355276],[0.340537569558902,44.70304824522456],[0.35961911790454776,44.69100214687724],[0.3496189213624863,44.66012732964435],[0.36900627419453386,44.661175745652166],[0.41754944795275234,44.64625042497145],[0.44565684789610666,44.65274912995912],[0.47053010943012324,44.66957916232141],[0.4875231075582992,44.666678761175476],[0.5156727555160711,44.678339438211495],[0.5461757009438561,44.664653811569345],[0.5704204904951242,44.67489859623235],[0.5771464644207092,44.694023979180336],[0.6097310220706117,44.69537205404958],[0.6300837174762535,44.70504186396566],[0.6539964422514456,44.696742561948255],[0.6609287903127476,44.676687086290784],[0.7290670391461425,44.67608019640507],[0.7798374176059383,44.68338808872983],[0.7977266310515655,44.701767285601186],[0.8270009642517767,44.69188957907683],[0.8260869083147476,44.675993641671084],[0.843404038496723,44.66348079792942],[0.8363594164481827,44.6385854946771],[0.8170042739845023,44.62700147643911],[0.8373861616885234,44.61609958290861],[0.8386686479648295,44.60073353333194],[0.8699961633461998,44.597307270914904],[0.8907495915923311,44.61499646988759],[0.938715915523624,44.63970350097892],[0.9908384393481793,44.63713268673032],[1.014756458102413,44.614096475712024],[1.0733204955931674,44.595582525404495],[1.0751408247250982,44.577324783565565],[1.0716976200447952,44.56784537769172],[1.029736286682771,44.551976017460866],[0.9824267786867313,44.54548429761793],[1.0162314531417111,44.50587117332308],[1.0090253989657336,44.48004110906167],[1.0230092810371172,44.47543907306224],[1.0213774342184947,44.44445120337611],[1.0299753681284962,44.43361948161042],[1.0574884025751128,44.427669679196114],[1.060650411597149,44.40361122945944],[1.0514255555669048,44.39209372311952],[1.0640838318649115,44.37851326503539],[1.0498031510072285,44.36263857861528],[0.9960831328157144,44.36864294446829],[0.9806308033981536,44.35841947585265],[0.9500583334266814,44.35976314594097],[0.9199180731590045,44.384149730804495],[0.8982100442421902,44.381369123534306],[0.8873307771559802,44.36637485759437],[0.8961131685671826,44.34622833470228],[0.8696283736168164,44.309384546367944],[0.8951266314063179,44.29679206245922],[0.916429926804432,44.30219542177865],[0.9239584511688518,44.28869614788378],[0.9504654080705977,44.274984882924066],[0.9190898187097761,44.238270029336576],[0.9292392370345569,44.23025011826531],[0.9051836940209331,44.19731593132676],[0.8596865515735523,44.19273721850749],[0.8535753263369856,44.17496072438758],[0.8722443454179576,44.16786912488895],[0.8884779694239573,44.14877042878723],[0.8687736555079509,44.1263296946747],[0.8204870205722198,44.143244018566314],[0.7950995188269604,44.145608667033],[0.7962434549004299,44.11513490164438],[0.7540526324371263,44.10494098314301],[0.7384290025794918,44.07517631749729],[0.7418847912050018,44.06519923501575],[0.707796417778404,44.05801693922403],[0.6876624158684242,44.045888241623125],[0.6770868392750434,44.02697200478653],[0.6316490534555541,44.04949866816937],[0.6278895165319084,44.06062754308569],[0.6022274135910171,44.07371011611412],[0.5765096062579593,44.075205934881076],[0.5650779969821476,44.059221404780686],[0.5384274746319986,44.05295246662407],[0.4858132156850541,44.058600121652084],[0.4595156323439905,44.05523744897399],[0.44244991475496404,44.0287619833259],[0.39446331623218994,44.01998446971625],[0.3815242105137543,44.00637522428769],[0.3575675314065643,44.01637987419657],[0.299563922705621,43.99275637569358],[0.23519766394983782,44.00847404202415],[0.22470724318893848,44.019168066012675],[0.18957513112649763,44.014641710019696],[0.1667631974496389,43.99683417955631],[0.1634750890689333,43.975927867916795],[0.1379369703469956,43.976883130578564],[0.14096031674824933,43.99467654310261],[0.07604560969926086,43.98314313658291],[0.0626980132929106,44.00084249917964],[0.09431661158348077,44.065613157677994],[0.10177914904503296,44.08782254660348],[0.13673121582335918,44.10987087477736],[0.13579733087558213,44.12419368483945],[0.03459384382221056,44.13065240342955],[-0.0035391663583750703,44.149897854637146],[-0.05985846246111547,44.150817206299195],[-0.10518222695424868,44.1551363597548],[-0.12915451548994408,44.152409928751574],[-0.12947353060156191,44.203862714468414],[-0.14068847985275829,44.226404747689884],[-0.12013584466981135,44.23674667953463],[-0.08804999010961528,44.23886102586299],[-0.05336184991028127,44.265764926478745],[-0.03298436987139304,44.271725233652084],[-0.034811250980738076,44.296725798024596],[-0.059508100967366126,44.32137184585115],[-0.08575207965012982,44.33761004988665],[-0.07881922376705748,44.35369515694866],[-0.02996839148968028,44.36051961592557],[-0.012122430998677084,44.371315036223],[0.014724678596450859,44.36661482670666],[0.018233646559888256,44.389878791845064],[-0.002882225353325675,44.40546555102971],[-0.012027062235710009,44.42216048739268],[0.007529968364000282,44.44714235059867],[-0.00964812423297182,44.458953045356914],[-0.015453699893016518,44.505062787136026],[0.01809835904410432,44.52978491547094],[0.03685067130235277,44.55377569309968],[0.07072066177634428,44.54932864142863],[0.08618477510895356,44.57628609745734],[0.15503121242167628,44.61515967421126],[0.1826776591534784,44.66107212400698],[0.16217020857686018,44.670520278429166],[0.14155522468909407,44.66553015383226],[0.13439127028221218,44.681785671797996],[0.10990756955468833,44.684238793464466],[0.10217651632957546,44.699261620698685],[0.11781564233279757,44.71279600247887],[0.13340494933362354,44.70463342458088],[0.15300384600842007,44.73048103978557],[0.1941659722396007,44.743134942046765],[0.20145524828961092,44.72314903553606],[0.22538308407055824,44.761938628969595],[0.2557380828743981,44.750109827832176],[0.2973255098237856,44.76228467395237]]]}},{"type":"Feature","properties":{"code":"48","nom":"Lozère"},"geometry":{"type":"Polygon","coordinates":[[[3.3613425807398936,44.97141170967897],[3.38636652116385,44.952743854804055],[3.40455052934818,44.956397735743366],[3.4158326368156513,44.92853462204254],[3.410379964997872,44.91777749816426],[3.4357113347213044,44.880244038151794],[3.4418003889561284,44.85422679293021],[3.458847484667369,44.839932137298916],[3.4782424266646075,44.80967976284068],[3.5056510328808947,44.823846640197424],[3.5397490121099957,44.82817873595921],[3.588921232126889,44.8263980463694],[3.5980411899153943,44.85950943658448],[3.5943359966689914,44.87542977006506],[3.6264516856693065,44.88025029795416],[3.6548748534796442,44.87421590375256],[3.67181554273005,44.843385113427054],[3.6690230882043697,44.828879139980735],[3.722885793793205,44.8309902964175],[3.7444352015394076,44.83779866715789],[3.752688285784399,44.820978132154096],[3.8025469466502706,44.78217403491838],[3.8428722355724365,44.767658069140836],[3.836561503873052,44.74784401669704],[3.862527190139651,44.743863434670935],[3.8699370374536626,44.67891759737075],[3.894746224001558,44.651133585716494],[3.893726383489279,44.61783889720629],[3.908306472806382,44.606619160372716],[3.923566877594894,44.57188476465967],[3.948773902996799,44.57288654843654],[3.9817259440883355,44.51510533136414],[3.987654659812161,44.47277510314574],[3.998162987763964,44.45979755586323],[3.9762196820180424,44.441115482032224],[3.961144148606084,44.41397029137253],[3.944362317344653,44.39956750349231],[3.9079213910830926,44.4026196632778],[3.8859181039452233,44.38799905234691],[3.9127709736236946,44.36850586796493],[3.9446647587995822,44.31912094308078],[3.922858913740669,44.30521794102567],[3.9362541551640287,44.29349216194984],[3.9355689182657865,44.2747470409525],[3.956793721250768,44.27180072553845],[3.973127020352843,44.2525823769431],[3.9461674161736497,44.242375852165004],[3.9501597790209626,44.223545860744586],[3.9387003573911197,44.19367822410952],[3.959878514814277,44.191253656704994],[3.9526044819739092,44.170793726068595],[3.894888943932836,44.14779538799471],[3.8720717351442726,44.12886978328462],[3.8224027407450274,44.13619346399231],[3.7969951126604835,44.127389079486896],[3.762454627385766,44.148796144815584],[3.72562362185747,44.164239828951345],[3.706247388904811,44.16469033158088],[3.6835417745626877,44.18049607631633],[3.6577924199864618,44.17331757538967],[3.637535082199747,44.1758044419647],[3.632837509244816,44.12122297377445],[3.607405064801489,44.116029399262366],[3.5683776807910426,44.12255725261015],[3.5464898950428156,44.11382085664054],[3.505848181205205,44.12627491460725],[3.4814122244595582,44.12400876421138],[3.4397298934659637,44.12909826593223],[3.4308257080086695,44.14799915248837],[3.373648044830684,44.170755872105644],[3.3577995033411128,44.197910434234956],[3.317300542840415,44.200240218868345],[3.2950015544682763,44.20693612762719],[3.240325090398278,44.190831778546034],[3.206607905788314,44.18992834029595],[3.2250868325095428,44.21260133894453],[3.2243422257594276,44.23002883975091],[3.179876249541182,44.24566454674947],[3.1606544387163025,44.24539730394844],[3.153719168091856,44.273805934751195],[3.124161021616368,44.26032349700248],[3.1252288254578002,44.28446357369579],[3.1542516260589815,44.30837023621562],[3.133744886002754,44.33033358238777],[3.119331633132198,44.36409697183054],[3.1216683061653887,44.388740994522394],[3.1405583752842663,44.39261625444329],[3.1267210313580613,44.41395827490389],[3.1417277742830882,44.42845999235368],[3.1352323616083257,44.454447756476476],[3.1158453488850872,44.47555258933136],[3.100325843979618,44.479978817970924],[3.068038879929246,44.50286886512245],[3.083593896775788,44.559014394432964],[3.0759067638703557,44.572973678960665],[3.033175255143208,44.59690534845544],[3.0123028502611833,44.62190975589775],[2.981676986530433,44.6446766126243],[3.0160096767820934,44.713692453685596],[3.028593384774951,44.73000325460999],[3.0310795010084504,44.74941305751071],[3.0479974143057897,44.765468479023006],[3.048093761431216,44.80425398591603],[3.071476757431392,44.834123173435586],[3.0994768968798603,44.833588418089676],[3.0936395044401266,44.853715932362164],[3.1054983095640436,44.886774803102355],[3.1411028663826848,44.903319692595886],[3.166012315445439,44.874339110434526],[3.182311971252496,44.863734531317185],[3.215966948855477,44.8750364950506],[3.2366483203775314,44.88797735233407],[3.2290980359662727,44.90925048112522],[3.2496925236752454,44.916237893044965],[3.243812024502196,44.933528843936465],[3.286022962312807,44.92637841429803],[3.2989394542854322,44.938607376229236],[3.337948402304469,44.955908780382266],[3.3613425807398936,44.97141170967897]]]}},{"type":"Feature","properties":{"code":"49","nom":"Maine-et-Loire"},"geometry":{"type":"Polygon","coordinates":[[[-1.2458823462890538,47.776717547680406],[-1.2382517343256678,47.80999146297073],[-1.1986209884138974,47.795087631101424],[-1.1931389674383266,47.78697417474339],[-1.152946550291737,47.778006298929476],[-1.1226318940891669,47.78417913959446],[-1.0676842898971974,47.77297059421489],[-1.0204536348384041,47.77298948127482],[-0.9784592276088574,47.76203334334952],[-0.955206706607692,47.76711117947228],[-0.9602944572916631,47.7963079545433],[-0.9251020877476097,47.78771562691841],[-0.8812984869415317,47.763548188692084],[-0.8392941203736607,47.75227330317501],[-0.8399853237495013,47.768146096038514],[-0.816067662956568,47.77122618643005],[-0.7838699174942475,47.75058272701156],[-0.7593093892972002,47.75375329055893],[-0.7417076584328766,47.73810748626689],[-0.7103297199047672,47.74460337209696],[-0.6714156583122058,47.741118751584196],[-0.6537866615388507,47.73338137800601],[-0.6108182423666896,47.73568882741341],[-0.5847783552138252,47.7583563948255],[-0.5328644845775566,47.750826614212684],[-0.5096576702100792,47.786039414506206],[-0.46447480825707566,47.76859230202414],[-0.4545880132966191,47.75647912746232],[-0.42831835229803605,47.76761186364019],[-0.38561432621561664,47.769116081601474],[-0.3817032700427246,47.76056283993387],[-0.3749413527409204,47.739263349746885],[-0.3340636977656885,47.72116613990195],[-0.2867043357584838,47.7193267262097],[-0.23897070389904987,47.704236533845965],[-0.20237319489976208,47.7252424835264],[-0.1823177464697087,47.712899554202],[-0.20031003076883538,47.69468965521296],[-0.2201912638722686,47.68962152946947],[-0.19505682505367974,47.66137704033336],[-0.19315724780649848,47.6479165803738],[-0.15714474625449978,47.64556263174295],[-0.13610057418750457,47.634067825440376],[-0.1075909106103418,47.65528707795732],[-0.07177191841107244,47.658369330035505],[-0.05468293127308542,47.64842261886652],[-0.004507638464452976,47.64768842379034],[0.01704033105751261,47.62110138156107],[0.05165930848592442,47.606515201700375],[0.11568518986526223,47.60572820554534],[0.13984161379263732,47.59111878052602],[0.18492077212499186,47.599519723895675],[0.1857971097487886,47.61573515835152],[0.2300017263531844,47.60839829191704],[0.23453424561335756,47.577982037960055],[0.2150171714816557,47.57064544903573],[0.20150359657525238,47.544318760659884],[0.22484312443395177,47.52727704290141],[0.22010925240137172,47.50195329711621],[0.20921732522172254,47.49365838444261],[0.1812364735767597,47.4526491231434],[0.18528045906678275,47.42473344937359],[0.1676400513828326,47.405415942568375],[0.16799336737564852,47.3869314962575],[0.18295674766364445,47.38033212018486],[0.14939629089256964,47.36226337889678],[0.14729836062565832,47.34537579230401],[0.11746224213975613,47.33234274537884],[0.0785963884113725,47.28394130124859],[0.06792548837999822,47.2473308040697],[0.07249546123856535,47.22050992119078],[0.0532775371077964,47.19718486964462],[0.06659419807362671,47.18979325990068],[0.05382761471070587,47.16373008265526],[0.03664297673522525,47.160354293664795],[0.01901485826766373,47.17575785031973],[-0.01073662557135027,47.15750952036683],[-0.035959245982801084,47.12509157253751],[-0.04416541443323743,47.093242584398084],[-0.08590400471278307,47.1010103974686],[-0.09805549141019346,47.0913509263054],[-0.10212095637964737,47.064797190818005],[-0.12838002979815127,47.05442990559355],[-0.1476585466148043,47.069854366674875],[-0.178486598699701,47.0697670558895],[-0.1521214820209298,47.10085428544302],[-0.1848398275184138,47.10833699690516],[-0.20250740252740007,47.09583787535414],[-0.2415379484520476,47.10572466544675],[-0.2879290635736671,47.10144071067538],[-0.3414640153397548,47.08733467869207],[-0.3579271504355597,47.09365187822681],[-0.3834553981375389,47.08769862856716],[-0.4007795061579299,47.07077103460959],[-0.42854910796633194,47.07271663479802],[-0.4642554478540593,47.06757786350008],[-0.46269733093798004,47.08192636562548],[-0.4953402437613724,47.082385217708435],[-0.5595318719263807,47.06188673077478],[-0.5555783931772565,47.04353316953107],[-0.5654683969778376,47.01942614381194],[-0.61568293448452,46.99293402227639],[-0.6438716820428597,46.99351589442817],[-0.6758343487736584,47.00172199082605],[-0.7156396951065868,46.985502313803366],[-0.743365629187983,47.00070367813692],[-0.7619520119905745,46.992139886795954],[-0.7875770887198819,47.00513718237798],[-0.8559224678754487,46.979084161484536],[-0.8919599503022404,46.975817849607864],[-0.9027847223499762,46.99384133071281],[-0.9334603151811864,47.008908043397554],[-0.9670342291507741,47.00506278044761],[-1.0003954614147021,47.02080439583092],[-1.0158832983469237,47.00413844081306],[-1.0741287584409651,47.008280037449445],[-1.1444802777855911,47.02539165807213],[-1.1485704887534398,47.029545162586565],[-1.1170476687025708,47.04013159004134],[-1.1155386203739606,47.06269707451897],[-1.145027574182689,47.06837675006014],[-1.170292292370527,47.093053598552416],[-1.2423703743532273,47.10123014862037],[-1.2258419448390925,47.11944408223294],[-1.2374293726181724,47.13493300477958],[-1.207726991440738,47.1438706405948],[-1.175868309084218,47.16311976069785],[-1.1634008936162523,47.18546752937314],[-1.1784570598013726,47.193390310739396],[-1.1880521879881976,47.219792216059965],[-1.1809669432498426,47.24081046650355],[-1.1980384206236745,47.252940714686886],[-1.2283649350807286,47.239712044540795],[-1.251834385400758,47.248391505350874],[-1.279481478733716,47.274997858626456],[-1.2798655849130829,47.29443954491049],[-1.3017706698751919,47.30303238335918],[-1.3443707665147786,47.300912351608176],[-1.3358228427021601,47.3189666448679],[-1.2998771573086019,47.33762366530587],[-1.2612216058119492,47.34085259435289],[-1.2286336711215902,47.34992378396915],[-1.182960128465649,47.35431013426607],[-1.167609698077546,47.365887235139574],[-1.1082260597696614,47.36577684975045],[-1.0787286518898893,47.370791947022845],[-1.0178737847602033,47.36506226317233],[-0.9748672757080542,47.371382608948814],[-0.9508302510459343,47.38350557596203],[-0.9500724202369605,47.40418985727392],[-0.9610616341565943,47.418146960038484],[-0.9542208546281663,47.4539097574189],[-0.9672169416067916,47.468248780242014],[-0.9674825559179046,47.492800296900974],[-1.0086170505041334,47.489110660531026],[-1.0444575006084293,47.50550106908369],[-1.0397778230870207,47.54883710607215],[-1.0525094143946503,47.56363638662836],[-1.0068639898836467,47.58905339488284],[-1.026009375226936,47.599308629561634],[-1.0564895204285647,47.601479248609785],[-1.1006492140245874,47.62068366379477],[-1.137956817334609,47.619736138890346],[-1.1579089209094204,47.63660321755249],[-1.1608077767122782,47.65632049258235],[-1.1824294262619501,47.6680046714435],[-1.1749295691501485,47.694565013829596],[-1.1894960789668845,47.69916325132362],[-1.1951181057962028,47.72154902070605],[-1.2154187219671249,47.718817804901974],[-1.2545772523262662,47.733641751506994],[-1.2355437776358398,47.757046555422306],[-1.2458823462890538,47.776717547680406]]]}},{"type":"Feature","properties":{"code":"50","nom":"Manche"},"geometry":{"type":"Polygon","coordinates":[[[-1.1196225402660513,49.3555679898469],[-1.1134631010458858,49.32794637083092],[-1.1395424010513058,49.30987085975071],[-1.1400966460602808,49.2973935275135],[-1.1215034590044193,49.28156614073767],[-1.124678305514618,49.26791880332945],[-1.0787006256545217,49.23459214406213],[-1.03400192072734,49.218462649963996],[-0.9754585570109295,49.19216218144188],[-0.9205699599745509,49.221065178841805],[-0.895819782126535,49.19807825865292],[-0.9373335821349595,49.16152234602555],[-0.9314412531318438,49.14557476084313],[-0.8865942987279166,49.12943404142505],[-0.8784554052403395,49.117103346563994],[-0.8799553096857228,49.088797685340666],[-0.8703864178242734,49.07831283220894],[-0.8845207940960534,49.03871404252527],[-0.8623508752010071,49.034658294620314],[-0.9061381953887807,49.006106279376766],[-0.9136451137312932,48.99096142683413],[-0.9427299538328557,48.967706984870034],[-0.9557321879384142,48.966234060803075],[-1.0226214673729113,48.927090137671044],[-1.0137402112544927,48.91595272397592],[-1.049194217272288,48.89402994339517],[-1.0711805139009567,48.87028515761762],[-1.099957594999108,48.86805030812276],[-1.1553820376155783,48.83646333089034],[-1.1537697728059082,48.822236045223256],[-1.1038400489666345,48.814802746543315],[-1.0894728333388959,48.781514884249376],[-1.0587344201065705,48.7733510406527],[-1.0374406727580494,48.78252947303227],[-1.0126842102843516,48.77178311290127],[-0.9510500649738302,48.78923788485761],[-0.9194507448733115,48.76990119354358],[-0.870843068323719,48.755747083763815],[-0.8409353560137922,48.75222016383323],[-0.8492246178903684,48.73075569433634],[-0.817893287414865,48.73117743116182],[-0.7917739207703051,48.70515869262072],[-0.7354985764702292,48.68396472383358],[-0.7733632741625079,48.65747680031274],[-0.7524222705829918,48.62213618876707],[-0.7517442676401291,48.60131936977811],[-0.768359672906354,48.59032984724143],[-0.7741715461672727,48.56267832832823],[-0.8057094829569462,48.54987498304548],[-0.847670683669462,48.52112645892402],[-0.8603629154348681,48.50145849652254],[-0.895759002734999,48.49483509679017],[-0.9223589824244613,48.512387467627654],[-0.9563792193607108,48.5166180795957],[-0.9722539090536432,48.49459678797466],[-1.003998750116345,48.489170559999316],[-1.0605549892053183,48.51534444794686],[-1.0701645143702043,48.50849381419032],[-1.1305430914657242,48.52170438546665],[-1.1470794109416749,48.517497772579],[-1.1709940931325373,48.53107346572728],[-1.1883677623098592,48.52868744833374],[-1.206555726308375,48.54220594454138],[-1.2722484935647256,48.533924823055],[-1.2792064911793741,48.50916990134831],[-1.3286586444430455,48.49624141596003],[-1.3446860862323986,48.47306856926301],[-1.3825547062366061,48.4568090552251],[-1.4291375679083818,48.46255700303843],[-1.4492619036481307,48.48610480553381],[-1.4899474351423645,48.4893748476061],[-1.4956341385339116,48.508901592854826],[-1.5195667662578034,48.54001612578908],[-1.5332845735947223,48.548008242217605],[-1.5189153941473403,48.56659421958314],[-1.5429924815935763,48.580444133540496],[-1.5395886706131567,48.59990995187043],[-1.571087121326364,48.62644574305228],[-1.5435435350637288,48.63121279257955],[-1.5156463864153509,48.618246538328954],[-1.4771911456334617,48.618735940477464],[-1.443640368193959,48.62752557033798],[-1.3931950000571642,48.650524383670096],[-1.4858341115383116,48.68638581019091],[-1.5081675203931897,48.69117348999072],[-1.5319288351465319,48.73102057677593],[-1.5601811084952157,48.73546601099355],[-1.5744067767391592,48.75184944838184],[-1.5689116621961623,48.80265414493922],[-1.5744419562050678,48.821684938652076],[-1.60492034674064,48.83789166867906],[-1.5871695543001123,48.84645691414395],[-1.5763778734243568,48.86622956887365],[-1.5696724678452931,48.899023227002154],[-1.5515508912728522,48.90833449236361],[-1.5434217971126396,48.93102731412556],[-1.5621121920567587,48.94101750482779],[-1.5607059456223331,49.00148291031971],[-1.5937932678762967,49.022503267429315],[-1.6094115242692357,49.07927811770436],[-1.606935957044734,49.11003133842661],[-1.5947491074806148,49.131932809532245],[-1.6073172609984514,49.19664548258766],[-1.5892834706047838,49.23342782862976],[-1.61699549946473,49.23161226126529],[-1.6316904105955683,49.21422567935813],[-1.6541578497297265,49.241447844599655],[-1.6650285987196094,49.265558278699984],[-1.711168264458309,49.32509928438261],[-1.7242753116935,49.32710827112396],[-1.7647207703926648,49.36355636410871],[-1.8070415201028562,49.371883988182944],[-1.8236585668079848,49.4014702879999],[-1.8267724913131993,49.452917249373044],[-1.844605855792456,49.47096122199953],[-1.8525981237513987,49.51038685631441],[-1.8819329337834734,49.519310940029676],[-1.8856955118557936,49.54039147246037],[-1.8579284299662393,49.5515291506756],[-1.8410273136069895,49.57173433702396],[-1.8451411614330706,49.61908992529084],[-1.8603000418191267,49.65019279204103],[-1.8956952778084324,49.664931836942685],[-1.9461788272965446,49.67434830154208],[-1.936439146470204,49.69375892397446],[-1.9472764301188112,49.704932281313916],[-1.942245186733018,49.72555529334811],[-1.916516630754937,49.724878374537525],[-1.882912866788183,49.705706386310766],[-1.8587301287976281,49.715623305593],[-1.839532798595857,49.71155454173644],[-1.8228561882429963,49.69031481833081],[-1.7745875090438277,49.68086868404481],[-1.717807811993846,49.67984522346912],[-1.6867515873282075,49.67307140423291],[-1.6724172017020642,49.65765473955586],[-1.63285141798923,49.66064611404181],[-1.6246789365290826,49.6464653967003],[-1.520239237616472,49.65741709322276],[-1.4858029063728724,49.669313639920425],[-1.4710805783093919,49.69667602847381],[-1.4557412827864928,49.691326221246335],[-1.4211576721789985,49.70370298113619],[-1.3685551471066846,49.706629617440186],[-1.2998499192449107,49.6935189965057],[-1.2679290471720517,49.69532738213563],[-1.271008796143279,49.6797055830237],[-1.2391814229357874,49.65240173891874],[-1.2290598170197164,49.60871341882292],[-1.254286601197548,49.61265560522737],[-1.2662663845442874,49.592850277700535],[-1.2962320370638967,49.58317124235064],[-1.3091674328357494,49.552607084023585],[-1.3063594927131816,49.538927340535665],[-1.2527076587085064,49.480600121491854],[-1.1925632637620527,49.432177811410874],[-1.1680020729875382,49.408031628446786],[-1.1617336960367475,49.391748947534765],[-1.1785816005847864,49.37845801413797],[-1.1639520107160866,49.36665848650392],[-1.1196225402660513,49.3555679898469]]]}},{"type":"Feature","properties":{"code":"51","nom":"Marne"},"geometry":{"type":"Polygon","coordinates":[[[4.047972977986833,49.40564229475753],[4.0769132710042255,49.401612719003566],[4.188996868487692,49.398693325461345],[4.2013073779715375,49.38378396286446],[4.248321950611529,49.38225603439192],[4.258398145436199,49.36351577479519],[4.290937077765363,49.34699963965571],[4.306756525620349,49.32779732810991],[4.330894078223754,49.32715621477832],[4.3541542998888705,49.31616310169742],[4.376853871003221,49.31699430474222],[4.393424577830647,49.29708771300736],[4.418775444942886,49.2851133003246],[4.459506424178967,49.27757864272764],[4.541215512322572,49.28622829426292],[4.575868215345435,49.296651189312385],[4.594974261377573,49.2707300343065],[4.6058938566008445,49.26970402626851],[4.635511161128344,49.232134393917896],[4.670374586913542,49.24151155534761],[4.686074799511886,49.256759043801544],[4.726823349053574,49.25232502044604],[4.7442321118937505,49.2414729109037],[4.788889603899746,49.24134019593029],[4.815420265730455,49.249854960398],[4.826941205469512,49.23576093816036],[4.86275799597872,49.24154352922503],[4.909606220926124,49.26349853270867],[4.950989232683009,49.23686584630137],[4.970761881963812,49.23605865097721],[4.993377429884994,49.20962536427259],[4.9397619983736725,49.18506820457861],[4.953397966379194,49.17195155260111],[4.974408367068746,49.13340447110328],[4.99213130434257,49.114899861463385],[5.005744190171552,49.05987214490083],[4.96844159954904,49.02290133721377],[5.0076814026818575,49.03495195077163],[5.036321445219877,49.02433254954083],[5.032675426761192,48.99373965141204],[5.004646480636104,48.98364213966209],[5.037904334159841,48.9730160560533],[5.030128675561755,48.95690245547182],[4.986405609443761,48.93190826599592],[4.9362093920054075,48.92214239512387],[4.915798542054488,48.89979310962273],[4.924696402833776,48.89135651199283],[4.924676889741789,48.86463057973145],[4.93570201866688,48.840631475686905],[4.888760929797642,48.81720971453769],[4.889557040484959,48.798206203700566],[4.934571757746961,48.790360787111126],[4.947881817618987,48.771602644481156],[4.990124563499123,48.74183736486811],[5.009219993538869,48.74139150464051],[5.011787133446862,48.70669113644506],[4.988427677798425,48.684418562233176],[4.9502952474979125,48.6879545407904],[4.935102757331475,48.67804414699184],[4.910378975054349,48.68854676058441],[4.867775765589871,48.66719674333675],[4.822713970971492,48.67403036103939],[4.7816659214071615,48.67019744127014],[4.772425267645258,48.656461849317175],[4.807564203534146,48.65430553938369],[4.850578327876817,48.63991537290219],[4.850509978828629,48.614183688167515],[4.829662115751189,48.612481442983466],[4.796778242210989,48.59529317207245],[4.769195892207036,48.58868831063029],[4.776020152963706,48.565957606678474],[4.799180099828292,48.529779876249094],[4.718012145060739,48.54199401283636],[4.670183207291811,48.53188730232318],[4.635013531124556,48.54446897027231],[4.6263828171661405,48.554547535211604],[4.576487514925921,48.549380130056875],[4.527473253110997,48.52851621730074],[4.521965785232567,48.54505196597459],[4.49528083286357,48.53872358042404],[4.403076671568411,48.561260233656824],[4.314917546995119,48.61621957939382],[4.331760406442508,48.63027354824816],[4.317329119564903,48.65166491720243],[4.332773350334676,48.67058273703408],[4.3255940122986445,48.700277029531],[4.302615983872354,48.71237740647513],[4.2523956317261185,48.708651278525025],[4.233040648104506,48.702313167606725],[4.161208977574132,48.70564270827603],[4.131090952946843,48.68615119823393],[4.079787822987737,48.701118254412116],[4.058195208802969,48.66627477909254],[4.030051914462845,48.65914499071498],[4.001695483416846,48.66387541820995],[3.98646950961592,48.65506991614687],[3.977230864165596,48.632216352927855],[3.9585488780832865,48.622904721543364],[3.9492402192699783,48.60343151995247],[3.916112422498775,48.60703746596832],[3.9000544029762967,48.574837870717545],[3.872574553060613,48.58047608998417],[3.8586730804738507,48.56033634110919],[3.8655808154248064,48.537930954397474],[3.851404847916241,48.523378465573664],[3.822742058660399,48.516104417807576],[3.7947250716869743,48.52769326968686],[3.7428823405595684,48.5336960863688],[3.7041935334272225,48.53348173230274],[3.688010554935591,48.53996363936458],[3.643639260745969,48.536262879171076],[3.6340147312950517,48.54129833541425],[3.631866148641539,48.570977927086886],[3.6042445587901217,48.572452767827976],[3.579891832495665,48.60485886515818],[3.5556137492385345,48.62028467657408],[3.5190711976645597,48.633474580141225],[3.5174997752390147,48.64336703334491],[3.460426313142606,48.65300999879329],[3.4406134906014127,48.6636539025972],[3.4693877334848082,48.68643581459289],[3.4643028353269045,48.707377209765006],[3.4697275479340295,48.73786507384338],[3.4443842525897947,48.73668491350176],[3.4302049079731773,48.756874901226034],[3.395834526122342,48.75925128896011],[3.409426927872636,48.78384005486431],[3.442913938608982,48.78618495446326],[3.4321733352035433,48.81226134369876],[3.484964362562067,48.82500976544345],[3.4851874436586847,48.851908494372864],[3.5083215469627684,48.890402602371054],[3.528576443116953,48.91214102895302],[3.5738538398044097,48.92148321270002],[3.5744431375994288,48.93901643224886],[3.601964878227183,48.94505940416911],[3.591558411237313,48.96037176960385],[3.620658549289589,48.9659439788058],[3.6387510313501172,49.002277384044845],[3.665158653762439,49.00563193481009],[3.678113179313511,49.01690766636074],[3.663950657450056,49.03730898527378],[3.647726454659581,49.04140800760242],[3.587608670612347,49.03381324798993],[3.5877067932472952,49.059394631367105],[3.6390535019551273,49.08130605737889],[3.6117958918993924,49.11808793409194],[3.6103983127772716,49.13550196815309],[3.622246623748466,49.151103693376655],[3.6534402301896542,49.14869065051608],[3.6838349064164695,49.15449185807903],[3.701623868432638,49.14308771135046],[3.7487650521863713,49.15708155419203],[3.7511478237665794,49.17770096615194],[3.725444039996693,49.173515945092305],[3.704392046963459,49.181373023469],[3.697104870697589,49.20547444963648],[3.662544752146768,49.20897792079391],[3.670777136423702,49.23959850877529],[3.65525456317135,49.26285133857558],[3.6573162286122742,49.291023347068474],[3.643938967409509,49.31271547683784],[3.6989371212574853,49.33195284253632],[3.7422207217091263,49.33651301919691],[3.777534921928809,49.35581577743615],[3.8224705767098395,49.35696565512036],[3.84805797975596,49.36391735212325],[3.8563548292895904,49.381163036761194],[3.837686516500783,49.39565820991326],[3.864856156264051,49.40533685972032],[3.898159524095673,49.39324676616779],[3.9252301838116423,49.40757795776365],[3.9613090288565647,49.37734494086453],[3.9949400464231957,49.37789993445056],[4.0127284202980995,49.358299141243386],[4.035496373111564,49.359904159430094],[4.039913351175735,49.397396867183815],[4.047972977986833,49.40564229475753]]]}},{"type":"Feature","properties":{"code":"52","nom":"Haute-Marne"},"geometry":{"type":"Polygon","coordinates":[[[4.670183207291811,48.53188730232318],[4.718012145060739,48.54199401283636],[4.799180099828292,48.529779876249094],[4.776020152963706,48.565957606678474],[4.769195892207036,48.58868831063029],[4.796778242210989,48.59529317207245],[4.829662115751189,48.612481442983466],[4.850509978828629,48.614183688167515],[4.850578327876817,48.63991537290219],[4.807564203534146,48.65430553938369],[4.772425267645258,48.656461849317175],[4.7816659214071615,48.67019744127014],[4.822713970971492,48.67403036103939],[4.867775765589871,48.66719674333675],[4.910378975054349,48.68854676058441],[4.935102757331475,48.67804414699184],[4.9502952474979125,48.6879545407904],[4.988427677798425,48.684418562233176],[5.008333278861154,48.67023772723031],[4.992811815436962,48.65827053404921],[5.00616236089035,48.63348264533262],[4.99466786336989,48.62182551829475],[5.0141448684428935,48.610214170115775],[5.032284450963603,48.61329817233609],[5.049692721915686,48.631265806018796],[5.070374138899134,48.59610309669313],[5.117905583758205,48.58495445930086],[5.144873587885955,48.562874491019556],[5.173113022339201,48.55631460308862],[5.208425883036941,48.53861075457746],[5.264870353729535,48.51920792199762],[5.305623464696029,48.51591327057272],[5.327278259522607,48.50479938800887],[5.349469998299744,48.48198867902053],[5.406054924803939,48.46539304073884],[5.408498570986399,48.445794580180355],[5.445157350390678,48.425081250152175],[5.470061704426128,48.42092884036511],[5.443801554148948,48.412796111132934],[5.408721169498744,48.38310019043649],[5.441572019947177,48.38023164680497],[5.419996789966145,48.36209610065057],[5.418230200002256,48.339827299478394],[5.441808221286742,48.33585087730688],[5.482149185087855,48.35620132426793],[5.52236342294961,48.34085020470289],[5.544667324256171,48.31484393016795],[5.5879967536815585,48.278489865685614],[5.611652001252659,48.29181533437579],[5.65380919650419,48.26852380977062],[5.640901189478503,48.242354204929356],[5.677420725123087,48.22898238922798],[5.6877917029501965,48.23418465758911],[5.719343419026872,48.21284553404126],[5.730982683815125,48.18969958329602],[5.696740894208173,48.18888423309182],[5.6822435704493275,48.17570971343473],[5.68431870758825,48.14504209497101],[5.656886341889701,48.120399648852754],[5.629010103166862,48.0844163929701],[5.65966986503565,48.08486263156757],[5.740575630698962,48.050043986724326],[5.77774789858366,48.031361923263205],[5.793591975095584,47.99070892021546],[5.778492027788896,47.97800978811231],[5.787280985479235,47.952596973102644],[5.850003923490582,47.96283504722941],[5.884726375202079,47.926047148569474],[5.890864473987194,47.910829841401245],[5.869970150074121,47.900706913078324],[5.851317308296247,47.905988473584586],[5.805624457872526,47.847311152266364],[5.76119123886598,47.85933449216956],[5.744128331452809,47.84867639845901],[5.746056257349712,47.82359612703334],[5.732629873750381,47.81759710089163],[5.699885101970957,47.82390335263593],[5.681940162654595,47.806412809419605],[5.679969716046147,47.769967881716525],[5.705093217659827,47.76911094285444],[5.709442412269412,47.745127245662815],[5.693342993991239,47.737537821735295],[5.684123936651815,47.711966155758596],[5.690079801415203,47.684838574927916],[5.6534056633858105,47.67738242296545],[5.596682241448045,47.67168603172257],[5.585005103022503,47.69979015765272],[5.567204936430051,47.70523436852804],[5.529778304397354,47.67282923798152],[5.482567919490752,47.684602874896335],[5.4460337898832885,47.67077575883233],[5.406342872021028,47.673400744473895],[5.405745536478159,47.646866141018315],[5.37317594209649,47.61838294374159],[5.374078595885573,47.60454165278582],[5.354893869684326,47.59131447740441],[5.340003771124325,47.609065915523516],[5.299837418963084,47.60492946802028],[5.252920215668424,47.57694786282474],[5.238668295142944,47.597284983235],[5.239232274239111,47.61613009897604],[5.211414189836741,47.64189107719557],[5.173597037303847,47.65256871236608],[5.178340930532218,47.680951862214265],[5.1282137463189255,47.64769555171287],[5.084909015051583,47.65725535909673],[5.0435872776506425,47.676515292793226],[5.030001604156784,47.70940841478221],[4.992275225837213,47.688313503769756],[4.959844644041361,47.69697375959394],[4.953807643894032,47.70691553121908],[4.971770458339338,47.73022100712152],[4.949610301299183,47.765002530384045],[4.930742567556667,47.76133580408352],[4.918299821120011,47.7773135776728],[4.987227991995704,47.8032996343454],[4.993918239441858,47.81957144123197],[4.9683502146365655,47.83194135820226],[4.9540942495981195,47.8667681480835],[4.9282302679425625,47.871121167237085],[4.928173323343671,47.886876403893034],[4.901848449197037,47.921289405231384],[4.87629817749016,47.92022401352716],[4.857004574909452,47.895855881593434],[4.828942462053263,47.915128709594974],[4.866096820746109,47.94050603305215],[4.845182055142008,47.96125251907535],[4.811007449975246,47.95932655708529],[4.785061370779013,47.968869095555945],[4.794634345104126,47.983197869158744],[4.789083695644797,48.00782938255744],[4.749300809603172,48.00425102648959],[4.719943437560306,48.00889645519276],[4.704238250439468,48.0202323762063],[4.711006682460102,48.04991853541924],[4.688818526238874,48.073127919250304],[4.708492447514134,48.10012538889342],[4.730610406781701,48.11820899817677],[4.7632776797863725,48.11550181600475],[4.8193072949588815,48.10319242346332],[4.835619390228278,48.10855609279288],[4.829291938175258,48.129608375504965],[4.850099917169891,48.14175885538576],[4.837947597948636,48.168959717850704],[4.862104268789182,48.19962383107111],[4.844090578611303,48.24161361141823],[4.857678156974527,48.26856300069992],[4.842390138796092,48.28357098511807],[4.850845034125924,48.296245729889414],[4.814217580453079,48.323010826658724],[4.8414713515268755,48.339464111308324],[4.754719796035579,48.36668089354523],[4.76018751621395,48.38761245982979],[4.700747648353684,48.39575121376588],[4.672923053694571,48.44493692940629],[4.635723724779378,48.456919205602716],[4.6493513522062,48.47085769541501],[4.670183207291811,48.53188730232318]]]}},{"type":"Feature","properties":{"code":"53","nom":"Mayenne"},"geometry":{"type":"Polygon","coordinates":[[[-1.0701645143702043,48.50849381419032],[-1.0605549892053183,48.51534444794686],[-1.003998750116345,48.489170559999316],[-0.9722539090536432,48.49459678797466],[-0.9563792193607108,48.5166180795957],[-0.9223589824244613,48.512387467627654],[-0.895759002734999,48.49483509679017],[-0.8603629154348681,48.50145849652254],[-0.7975558085305263,48.465278693659805],[-0.7778740724524535,48.46541168200867],[-0.7796468261489741,48.44602717779943],[-0.7572811397545338,48.436551469912764],[-0.7151034623418729,48.448949122074],[-0.7358573623603453,48.46112222178988],[-0.730343478460553,48.472706578375146],[-0.7020679300858332,48.467206812159105],[-0.6662397250359153,48.48588955148741],[-0.6510738694884249,48.44394876336686],[-0.5986229162657322,48.47101955265918],[-0.5502899127948604,48.47423143238625],[-0.5304357344769987,48.495166069981224],[-0.5050654278707298,48.50579601256293],[-0.4781981375781819,48.501570405632215],[-0.44380935670202487,48.51374721178168],[-0.3676233888648988,48.492944315128234],[-0.33820693066737895,48.50050101655408],[-0.3202385045732452,48.522920009526636],[-0.2715497531161014,48.50745217404008],[-0.2629746987558156,48.52359724467027],[-0.24146030977322894,48.53711490462154],[-0.26180278773892185,48.54789343136948],[-0.23435383691646136,48.56233718214002],[-0.20693829348513745,48.562944759163955],[-0.16938322355767327,48.53697934057344],[-0.14460396356167668,48.52775250488166],[-0.1663420949957147,48.51558833305454],[-0.14362687075469976,48.45472711281225],[-0.10641204070316028,48.44752336948581],[-0.051896256193192464,48.4532597698412],[-0.05735713318959158,48.42850475869075],[-0.05453120471342586,48.382003457815514],[-0.07781568991642306,48.369011884149366],[-0.11216445619965741,48.37424593844257],[-0.13797809431803487,48.36135559567944],[-0.1322639799404977,48.34367891800192],[-0.15624187430084163,48.33878308965111],[-0.15462051452709383,48.31399248085133],[-0.13808698398432823,48.2934339795153],[-0.162366087633251,48.26001034242559],[-0.16095933457080433,48.23880560928454],[-0.14518119273289676,48.224233621433555],[-0.14683706738655639,48.205008919837425],[-0.1989536608764294,48.17827619579444],[-0.24992127138834272,48.157106805241526],[-0.25380835722539496,48.13652925202679],[-0.2164164207043083,48.11373479657783],[-0.23852128063613662,48.08512943952702],[-0.22496575471956115,48.0740005169816],[-0.2309424436035576,48.058985357486335],[-0.27144577462211034,48.06524304546605],[-0.31721069812097374,48.04509335726533],[-0.3399323890629896,48.01160216696548],[-0.3160042679648186,48.00526279935535],[-0.2826331784456301,47.958191807392794],[-0.2953214951501512,47.944001512102375],[-0.33832856883634976,47.93101420361583],[-0.37509534291502034,47.93272853592671],[-0.39622906190687696,47.92596685050878],[-0.40710509590818,47.91084268048501],[-0.40516479150867374,47.89292797578798],[-0.37698156137550093,47.887202712966676],[-0.3743813069594822,47.85830770196427],[-0.40938712543111205,47.858367062871636],[-0.4478589178811479,47.832216379452724],[-0.43408017720781095,47.80905444470248],[-0.3882005825686289,47.80531865639091],[-0.3754332123417834,47.76723904317632],[-0.3817032700427246,47.76056283993387],[-0.38561432621561664,47.769116081601474],[-0.42831835229803605,47.76761186364019],[-0.4545880132966191,47.75647912746232],[-0.46447480825707566,47.76859230202414],[-0.5096576702100792,47.786039414506206],[-0.5328644845775566,47.750826614212684],[-0.5847783552138252,47.7583563948255],[-0.6108182423666896,47.73568882741341],[-0.6537866615388507,47.73338137800601],[-0.6714156583122058,47.741118751584196],[-0.7103297199047672,47.74460337209696],[-0.7417076584328766,47.73810748626689],[-0.7593093892972002,47.75375329055893],[-0.7838699174942475,47.75058272701156],[-0.816067662956568,47.77122618643005],[-0.8399853237495013,47.768146096038514],[-0.8392941203736607,47.75227330317501],[-0.8812984869415317,47.763548188692084],[-0.9251020877476097,47.78771562691841],[-0.9602944572916631,47.7963079545433],[-0.955206706607692,47.76711117947228],[-0.9784592276088574,47.76203334334952],[-1.0204536348384041,47.77298948127482],[-1.0676842898971974,47.77297059421489],[-1.1226318940891669,47.78417913959446],[-1.152946550291737,47.778006298929476],[-1.1931389674383266,47.78697417474339],[-1.1986209884138974,47.795087631101424],[-1.2382517343256678,47.80999146297073],[-1.2160077396105768,47.83115457607098],[-1.2139598200974668,47.84431487401968],[-1.1892286738461781,47.8675257247478],[-1.1966267612194066,47.88926967278471],[-1.176229425978116,47.89739680946678],[-1.1595139860083212,47.939220868111676],[-1.1539806565642339,47.96582146885006],[-1.1260769059410864,47.97331126695682],[-1.1026711686637318,47.98906278289821],[-1.0709701077191276,47.98180281363006],[-1.0212610284765602,47.99494016247969],[-1.018202579829028,48.012309356573546],[-1.0346655165784813,48.03361464779431],[-1.023283345569893,48.06891120315209],[-1.04960608939875,48.08980493060165],[-1.0602909002161003,48.150112461248],[-1.0796054903163383,48.18347699576321],[-1.0736642370047438,48.20075616092018],[-1.1015118599620337,48.26179752391566],[-1.0820973324543777,48.298390519589205],[-1.0450195299623026,48.327727830000974],[-1.0646345421184056,48.36828025341763],[-1.0539346752839132,48.383988802654805],[-1.0771281225801501,48.41169597169672],[-1.0830222073820854,48.43355484623164],[-1.06581502082362,48.4511898364817],[-1.0757201292558587,48.499394433638884],[-1.0701645143702043,48.50849381419032]]]}},{"type":"Feature","properties":{"code":"54","nom":"Meurthe-et-Moselle"},"geometry":{"type":"Polygon","coordinates":[[[5.470910130592771,49.49720502129504],[5.541175427366362,49.51526468551874],[5.556054418170868,49.529249012712015],[5.593452750302351,49.52190879652461],[5.615929213702141,49.52712694494857],[5.636796547934622,49.54504576700591],[5.663216639729165,49.5527322793671],[5.701263034650679,49.53951786025749],[5.7325201904510275,49.544464906619325],[5.774412837219823,49.56298255279729],[5.793930405166045,49.551240203734956],[5.8369571912669995,49.54247191409379],[5.836233336445646,49.51985372493001],[5.869093663016168,49.49878274863684],[5.893401083719673,49.496909750110916],[5.9028920872339725,49.48379495708393],[5.938573949545653,49.47481323186841],[5.942282468750819,49.43034622332949],[5.91204332139632,49.40747659912329],[5.929562016978401,49.40189069409503],[5.9327717047585935,49.37015147282544],[5.956123967212049,49.36159497798842],[5.962613221125637,49.344866959890794],[5.94400804744167,49.334644506896005],[5.985220799804532,49.30517081937582],[6.006390696711231,49.3079648171488],[6.000492336268631,49.27537547287367],[6.006667263528377,49.26028809283966],[6.0286095479587445,49.24841255130629],[6.029385386695151,49.23047199221416],[5.987627297222747,49.20961691713355],[5.982834325573433,49.18651522282689],[6.002250831363206,49.185007006720355],[6.0261499402444025,49.16511893599002],[5.981384937221558,49.14445423565313],[6.00491999554859,49.113988280244584],[5.997395942366339,49.10784182738146],[5.931603285178869,49.10910433832356],[5.924683336615274,49.09212399499875],[5.9532001062961815,49.05400525300155],[6.045110478908419,49.013520358557074],[6.043435324319259,48.977477915970994],[6.081322571612109,48.96304750061741],[6.116912179457586,48.967832850981594],[6.132207146051102,48.93472094774055],[6.16233199123861,48.94287521453305],[6.177120700704927,48.934924104920626],[6.222641164054098,48.93850513094841],[6.245534632278756,48.92378375934002],[6.271977767337417,48.9331355970772],[6.288337094198781,48.9164057732219],[6.327264769799276,48.90519552048261],[6.298269555306107,48.88072376373154],[6.311714980584929,48.863826545661276],[6.2888587554276025,48.84323273382886],[6.338947107825573,48.834058199828384],[6.330651430081595,48.82330786866148],[6.370600538901966,48.78462319426055],[6.394874246018456,48.77476240981232],[6.433515038771951,48.78904238593331],[6.453603381539952,48.765894004837314],[6.489616200477496,48.765575862224765],[6.511039646542062,48.74880543901709],[6.5401903328498525,48.75385918265721],[6.564255135947671,48.74995572268137],[6.594835612692378,48.72922173177475],[6.598965570952483,48.71569079778236],[6.6236441629626235,48.713682866112556],[6.638020827883166,48.70287255743568],[6.658407329856351,48.70804728628271],[6.68791954042715,48.683627810294645],[6.733850339573668,48.663755791166636],[6.757341859177665,48.66339528935242],[6.782490229155465,48.642725006759726],[6.810500233885349,48.64743317270349],[6.836628311600907,48.643091017748844],[6.8440535368717015,48.62597500455583],[6.86360548586589,48.62031667084879],[6.905122950842201,48.61984409056823],[6.930006989091913,48.6355511656451],[6.960798228747959,48.60828605857016],[6.982896473118807,48.61187146059442],[6.994503728351811,48.59596380824709],[7.034244738955548,48.58041837913675],[7.05703294231895,48.55111677598128],[7.079359770973246,48.53641761270014],[7.064487678486664,48.52339791207404],[7.080630193411291,48.51267454477156],[7.123165369028565,48.513592265556596],[7.094019735640854,48.512952288683174],[7.050540315367024,48.49487862493578],[6.9829860045628855,48.47905957978556],[6.894133940205172,48.419480410764045],[6.866316381673087,48.43184823377053],[6.828255495843522,48.41660943907006],[6.815166528707746,48.398846200565345],[6.768836777292687,48.39954530354836],[6.760669183398023,48.411666746640414],[6.6994983396482075,48.41308754075586],[6.648289899981963,48.433884724429255],[6.62369925487009,48.473102199556955],[6.584971476704244,48.46050916362013],[6.568134528831446,48.438701194783874],[6.583870758203037,48.417225395440674],[6.5337102147419674,48.4313569295525],[6.500755073004984,48.41423379500427],[6.450365847505534,48.41505383549833],[6.422399441358526,48.40728279397748],[6.3313164158672315,48.404817172837355],[6.305674808715067,48.41318887901744],[6.3012588451180624,48.43051921403982],[6.270297573655838,48.42610067601965],[6.260443354875095,48.40640078999615],[6.23209682220264,48.400225955022414],[6.178419125638964,48.397598877997915],[6.147083853210351,48.404242546398436],[6.152354370824704,48.38097163461962],[6.116723785728533,48.35403844099854],[6.097642409054446,48.37159231795909],[6.066019115933426,48.359278767448906],[6.053418454701744,48.365636733016395],[6.025234465713196,48.356969332010294],[6.004066285882898,48.36147870334314],[5.960066474604184,48.35072931908477],[5.944654250679005,48.37581815056828],[5.954936403333502,48.387329103706854],[5.935989530326643,48.40287986588223],[5.879136424841787,48.403869307586056],[5.859177083813666,48.41623563816792],[5.8989549292934935,48.44671533650002],[5.886926216153374,48.45386839126565],[5.903569430927025,48.48024393097157],[5.8881463197842825,48.49400616317709],[5.856069666360071,48.506844385585524],[5.8141526013422045,48.49819514538156],[5.787024028409427,48.48291106954139],[5.765154701602298,48.49649260851312],[5.761049602880216,48.521683894153604],[5.776263522421036,48.54107814064725],[5.71608982178375,48.561424169817386],[5.718661477131132,48.59033867223855],[5.7647290820585555,48.60790861161145],[5.772143533804788,48.6202830387491],[5.7445806082888415,48.653070921811086],[5.744957392577322,48.67137758077308],[5.7646010210683505,48.701073717982744],[5.75271389850188,48.714164509499184],[5.719037232595988,48.73290914785586],[5.714036349479591,48.744533308856504],[5.741889978939901,48.75279715005143],[5.740251235774411,48.77265140486108],[5.767728814139585,48.79014237286009],[5.781194766587596,48.83501432221366],[5.765548217904568,48.87307300517377],[5.7910610910637805,48.88661747785826],[5.765854111109667,48.89809074303494],[5.747161790828688,48.91525787263704],[5.779494546763762,48.925543676493376],[5.800245290300757,48.94674605759089],[5.817089167952623,48.94245503424679],[5.847269852543282,48.95178377098051],[5.847464234333094,48.96231608120681],[5.80326928510364,48.98585252935934],[5.815223115374213,48.99679278215558],[5.821881378508286,49.022693614160396],[5.85417290109245,49.04241757672373],[5.808379157586719,49.075815388035736],[5.821401407633705,49.08761132685174],[5.817853206320084,49.11104150017413],[5.783813515045618,49.11260817951947],[5.771295494951546,49.10609592152142],[5.746940032204187,49.12460282697201],[5.7598104959514655,49.1500556297571],[5.744850073758657,49.156560167159334],[5.765544232834611,49.198088628043735],[5.725126551060128,49.19564550252695],[5.719044394768754,49.215986946421715],[5.7405557083585155,49.23011722139386],[5.720933295684269,49.24770674117828],[5.7307018275006305,49.269793739617505],[5.760519022687266,49.28011599684701],[5.768385347743778,49.30323265211939],[5.731786006583374,49.311343191085655],[5.721511174836554,49.331722881180944],[5.738361460568846,49.35203800497206],[5.703787894109554,49.38822577419103],[5.6873570419508095,49.39388035166439],[5.692251573142445,49.415032283683246],[5.634565984546508,49.43743606551583],[5.605732699304691,49.420038245637656],[5.570360828663015,49.42337579247067],[5.529099312496953,49.40737462726648],[5.501152367426069,49.40854921219478],[5.49401344811939,49.39033314948081],[5.465505385541393,49.39543214203441],[5.473184918539263,49.410751894615125],[5.494194442210637,49.40716409539809],[5.5082075510446815,49.42126281023766],[5.479078499230624,49.42581983768407],[5.484917984168407,49.447407925985885],[5.464077098251315,49.48166228909141],[5.470910130592771,49.49720502129504]]]}},{"type":"Feature","properties":{"code":"55","nom":"Meuse"},"geometry":{"type":"Polygon","coordinates":[[[4.950989232683009,49.23686584630137],[4.964355608998914,49.24744898908259],[5.0490438324721545,49.285310734141504],[5.029829036850663,49.31126357145343],[5.026436999727152,49.33591387470532],[5.053405249590282,49.35696721044802],[5.060208646165214,49.3715170366231],[5.089930289451002,49.370323496215384],[5.10414955392406,49.38977780781045],[5.088196804414101,49.40639195324937],[5.105323165099615,49.42524686929281],[5.083514142411665,49.48411961123408],[5.062396105126222,49.49915347170529],[5.079628538782785,49.50986338174908],[5.100584675318172,49.53581688248469],[5.0894348019213345,49.54153840662955],[5.118278729173794,49.59307211738766],[5.144850262012005,49.589890809096836],[5.162975033383016,49.56353425622026],[5.2130512805303555,49.573482704275165],[5.232756898423872,49.56948078917659],[5.262709976999561,49.54181962580043],[5.311770447172107,49.55928969326421],[5.339875065404366,49.59248374512851],[5.379377254594306,49.59433240963621],[5.393536658328508,49.61708773850276],[5.430990436352139,49.592779697501115],[5.441967127749439,49.55082330374587],[5.465066186620626,49.53886525112502],[5.447572873980034,49.517370291127484],[5.470910130592771,49.49720502129504],[5.464077098251315,49.48166228909141],[5.484917984168407,49.447407925985885],[5.479078499230624,49.42581983768407],[5.5082075510446815,49.42126281023766],[5.494194442210637,49.40716409539809],[5.473184918539263,49.410751894615125],[5.465505385541393,49.39543214203441],[5.49401344811939,49.39033314948081],[5.501152367426069,49.40854921219478],[5.529099312496953,49.40737462726648],[5.570360828663015,49.42337579247067],[5.605732699304691,49.420038245637656],[5.634565984546508,49.43743606551583],[5.692251573142445,49.415032283683246],[5.6873570419508095,49.39388035166439],[5.703787894109554,49.38822577419103],[5.738361460568846,49.35203800497206],[5.721511174836554,49.331722881180944],[5.731786006583374,49.311343191085655],[5.768385347743778,49.30323265211939],[5.760519022687266,49.28011599684701],[5.7307018275006305,49.269793739617505],[5.720933295684269,49.24770674117828],[5.7405557083585155,49.23011722139386],[5.719044394768754,49.215986946421715],[5.725126551060128,49.19564550252695],[5.765544232834611,49.198088628043735],[5.744850073758657,49.156560167159334],[5.7598104959514655,49.1500556297571],[5.746940032204187,49.12460282697201],[5.771295494951546,49.10609592152142],[5.783813515045618,49.11260817951947],[5.817853206320084,49.11104150017413],[5.821401407633705,49.08761132685174],[5.808379157586719,49.075815388035736],[5.85417290109245,49.04241757672373],[5.821881378508286,49.022693614160396],[5.815223115374213,48.99679278215558],[5.80326928510364,48.98585252935934],[5.847464234333094,48.96231608120681],[5.847269852543282,48.95178377098051],[5.817089167952623,48.94245503424679],[5.800245290300757,48.94674605759089],[5.779494546763762,48.925543676493376],[5.747161790828688,48.91525787263704],[5.765854111109667,48.89809074303494],[5.7910610910637805,48.88661747785826],[5.765548217904568,48.87307300517377],[5.781194766587596,48.83501432221366],[5.767728814139585,48.79014237286009],[5.740251235774411,48.77265140486108],[5.741889978939901,48.75279715005143],[5.714036349479591,48.744533308856504],[5.719037232595988,48.73290914785586],[5.75271389850188,48.714164509499184],[5.7646010210683505,48.701073717982744],[5.744957392577322,48.67137758077308],[5.7445806082888415,48.653070921811086],[5.772143533804788,48.6202830387491],[5.7647290820585555,48.60790861161145],[5.718661477131132,48.59033867223855],[5.71608982178375,48.561424169817386],[5.776263522421036,48.54107814064725],[5.761049602880216,48.521683894153604],[5.765154701602298,48.49649260851312],[5.7385787703210624,48.466071385805314],[5.713228409793979,48.46034355947541],[5.67902361096049,48.47139115386205],[5.6151325162349,48.44043873717153],[5.564650216197492,48.441090759508775],[5.520280149216775,48.43239263092878],[5.510986594146936,48.41821515231162],[5.470061704426128,48.42092884036511],[5.445157350390678,48.425081250152175],[5.408498570986399,48.445794580180355],[5.406054924803939,48.46539304073884],[5.349469998299744,48.48198867902053],[5.327278259522607,48.50479938800887],[5.305623464696029,48.51591327057272],[5.264870353729535,48.51920792199762],[5.208425883036941,48.53861075457746],[5.173113022339201,48.55631460308862],[5.144873587885955,48.562874491019556],[5.117905583758205,48.58495445930086],[5.070374138899134,48.59610309669313],[5.049692721915686,48.631265806018796],[5.032284450963603,48.61329817233609],[5.0141448684428935,48.610214170115775],[4.99466786336989,48.62182551829475],[5.00616236089035,48.63348264533262],[4.992811815436962,48.65827053404921],[5.008333278861154,48.67023772723031],[4.988427677798425,48.684418562233176],[5.011787133446862,48.70669113644506],[5.009219993538869,48.74139150464051],[4.990124563499123,48.74183736486811],[4.947881817618987,48.771602644481156],[4.934571757746961,48.790360787111126],[4.889557040484959,48.798206203700566],[4.888760929797642,48.81720971453769],[4.93570201866688,48.840631475686905],[4.924676889741789,48.86463057973145],[4.924696402833776,48.89135651199283],[4.915798542054488,48.89979310962273],[4.9362093920054075,48.92214239512387],[4.986405609443761,48.93190826599592],[5.030128675561755,48.95690245547182],[5.037904334159841,48.9730160560533],[5.004646480636104,48.98364213966209],[5.032675426761192,48.99373965141204],[5.036321445219877,49.02433254954083],[5.0076814026818575,49.03495195077163],[4.96844159954904,49.02290133721377],[5.005744190171552,49.05987214490083],[4.99213130434257,49.114899861463385],[4.974408367068746,49.13340447110328],[4.953397966379194,49.17195155260111],[4.9397619983736725,49.18506820457861],[4.993377429884994,49.20962536427259],[4.970761881963812,49.23605865097721],[4.950989232683009,49.23686584630137]]]}},{"type":"Feature","properties":{"code":"56","nom":"Morbihan"},"geometry":{"type":"MultiPolygon","coordinates":[[[[-3.4217944600697368,47.61999952861919],[-3.4406738530114698,47.62744679435384],[-3.461909001466569,47.62034681911687],[-3.507636790362259,47.64059795161403],[-3.49694135188665,47.65381152152095],[-3.4294813948989478,47.64229749186373],[-3.4217944600697368,47.61999952861919]]],[[[-3.1940520278217033,47.365886589187845],[-3.1558608908337975,47.36108442084754],[-3.1396408742776,47.32984432149179],[-3.093118374110732,47.31513470942471],[-3.0582391297313816,47.31171761648738],[-3.075226717105766,47.28765950170699],[-3.0952043253326664,47.28316064947407],[-3.1601157231427477,47.29225940386197],[-3.1676397818540765,47.30159326598069],[-3.1961744739708213,47.293731303533484],[-3.2210154756876954,47.29481986735795],[-3.249090302439361,47.31611992695789],[-3.23967936511255,47.32311099309081],[-3.260498308082758,47.35272839079793],[-3.260984257345955,47.37200040038536],[-3.2196122622040786,47.37940035282299],[-3.1940520278217033,47.365886589187845]]],[[[-3.523004293499609,47.84914685714251],[-3.5117214211485104,47.83199375246112],[-3.488375735328993,47.82369125414433],[-3.4584776087007003,47.83672369691625],[-3.449172314379866,47.861897916786695],[-3.4040114963344528,47.86615562756545],[-3.406618446285296,47.917155590887866],[-3.3870295747062062,47.925240278144464],[-3.4015047820862296,47.94296944095624],[-3.3922406780637284,47.95650358632056],[-3.4128264844188565,47.9741964735994],[-3.4627039996577236,47.948470485246176],[-3.4813997640454386,47.95187230610157],[-3.497303664400367,47.97663709189755],[-3.5156118733539357,47.97536899639446],[-3.5552758457516087,47.993098470462],[-3.5813379803683882,47.98707045002737],[-3.640231533075075,47.98524271311537],[-3.662606521516704,48.02008121333488],[-3.675286774640338,48.059296687637904],[-3.69816707482359,48.06231160032721],[-3.7032714693453843,48.08734402006448],[-3.725890623875097,48.09496610205945],[-3.73401071349441,48.11285300326305],[-3.717299501973206,48.12152104588753],[-3.7155113160954,48.14222278424499],[-3.69467505545132,48.15091429371495],[-3.6518557265570566,48.156583426737576],[-3.6283881260752544,48.1687248221492],[-3.564838973733329,48.18574694305737],[-3.5226593775760193,48.17866367131642],[-3.479531508235686,48.18604551951424],[-3.421483221253355,48.171908070532616],[-3.4365241396101114,48.15548652160798],[-3.412343177084257,48.14703755651635],[-3.375090054291556,48.16304435591315],[-3.344702681056185,48.16988498065198],[-3.3161758750965893,48.1545827022414],[-3.299596147833247,48.15481185209133],[-3.272244339627829,48.14001476484374],[-3.252339548077637,48.14912522090896],[-3.2153961448986896,48.148219713915],[-3.197060119674698,48.16274313777778],[-3.1552540693335707,48.15849094352833],[-3.13949669814907,48.16369070727257],[-3.1303749671924512,48.19836233856125],[-3.0406075793447904,48.20331232171781],[-3.0139527993300925,48.18705096969819],[-3.011766723688266,48.172146259772674],[-2.987721150165838,48.15963608311985],[-2.939688841727517,48.17157869268649],[-2.902695082695001,48.162745095709155],[-2.850803362250115,48.14117007726401],[-2.809828548228586,48.146257335704156],[-2.781951132488677,48.12057973083874],[-2.7579911570321793,48.11080992160437],[-2.702496597157526,48.11801355272737],[-2.6683740921478765,48.1327428357553],[-2.6531526316222527,48.118092931008704],[-2.6561723624005746,48.08428809143894],[-2.6733315926174024,48.06327971694363],[-2.6708865594355458,48.0502796096436],[-2.628212989216798,48.03379948794944],[-2.5808040837522404,48.06711154950066],[-2.5484346321898643,48.07671678652329],[-2.5493015028073205,48.09906568300373],[-2.516390296656647,48.12795387925489],[-2.5336627078715,48.156856696914886],[-2.488996903351025,48.15527484508064],[-2.457460857137994,48.163558679343076],[-2.4492428069717214,48.17301268121088],[-2.4070872062503708,48.167846923022466],[-2.399892263143436,48.154593831126384],[-2.375704866327887,48.141440597184854],[-2.371983930719517,48.12276022571531],[-2.321067331808052,48.123313308346624],[-2.307724031505891,48.136767145944454],[-2.287278430400511,48.133745563458476],[-2.255541810894401,48.10943651832076],[-2.255362117704863,48.065686457906594],[-2.2332446439270166,48.07562787634504],[-2.1873980178837424,48.08098581530162],[-2.1703797438923407,48.06358155989515],[-2.193720023024239,48.05137966801874],[-2.2418711140864542,48.05284164383506],[-2.2795950136703538,48.02636073132026],[-2.282925404888046,47.99091881499263],[-2.2328964298568574,47.998867256915695],[-2.2048365524509523,47.99406221955531],[-2.174134646718617,47.97976235737829],[-2.143950368919052,47.983469165776214],[-2.1112032705184025,47.959278246467555],[-2.098673563613805,47.93553710123405],[-2.079088544973962,47.91952249839454],[-2.0847410993122524,47.90544356892739],[-2.104913226347623,47.90237571011746],[-2.1162985684590643,47.88095628988424],[-2.0963111903663836,47.862554271425815],[-2.0912481690997526,47.8434473982296],[-2.05159236139944,47.858773023325405],[-2.0516011501156974,47.84056453938214],[-2.035760594626103,47.83230046155979],[-2.0495260703928677,47.816917397929046],[-2.07046358794415,47.81140390317735],[-2.072263910083875,47.79043840708027],[-2.1281864076334727,47.76137577244934],[-2.0847208937394774,47.76271449098266],[-2.05870429699438,47.73825600134232],[-2.108708446187951,47.736577355949336],[-2.131472084919135,47.72224026215694],[-2.1193410051181774,47.71063202277528],[-2.1226631940444274,47.68266972251208],[-2.104362517130758,47.67679662818726],[-2.1143465125517733,47.64948078140733],[-2.097035597340287,47.63135984401428],[-2.084994306680996,47.62123305096733],[-2.0869285812433267,47.60277534815358],[-2.10372254987444,47.58943141752024],[-2.096505468974894,47.57236562280809],[-2.0985539306805943,47.53395835736954],[-2.1560219978896007,47.52202803044017],[-2.1541846873077226,47.496364126798106],[-2.1832952625867295,47.49169698467854],[-2.1908096601747804,47.51205628181908],[-2.244282758246302,47.49360064884759],[-2.2613604986657707,47.51360628741794],[-2.2991284429653516,47.50047998605304],[-2.3131355987939677,47.48590211028132],[-2.31286829291468,47.46446874947645],[-2.354869937092447,47.454890712840786],[-2.370968184053226,47.46338717496278],[-2.3999436811786463,47.45598156061156],[-2.4230264761460525,47.477112579344045],[-2.453433891770773,47.46207445240776],[-2.45848916517333,47.44812172071826],[-2.4794720164550967,47.44310980823914],[-2.498735357450224,47.45724235463569],[-2.489565024970293,47.47431520811904],[-2.5015179310929967,47.489586634131676],[-2.4412239148217303,47.49623958282475],[-2.466145152823908,47.51170094995204],[-2.5177254508541034,47.52638405379225],[-2.543943614544709,47.52304464159969],[-2.5528199043026465,47.51257795028038],[-2.6035175490392004,47.51629291634741],[-2.603686239678167,47.53097620577883],[-2.652315813187561,47.53948128320896],[-2.6518523877085074,47.52918871697427],[-2.681267629896647,47.49582645624765],[-2.7155074792326994,47.50555679146207],[-2.783910628164775,47.49416982507097],[-2.7953631847353706,47.48606302718516],[-2.8494662625405485,47.498716770371836],[-2.8475718355405935,47.512071687742385],[-2.8752313484549616,47.534363529261185],[-2.9132300200024543,47.543009316861514],[-2.9093071370148396,47.55995295111369],[-2.882650360709671,47.56273792316479],[-2.8621207995589244,47.54108127622838],[-2.8188916250932614,47.547311960718446],[-2.8053190952421017,47.55465057729475],[-2.762369364633524,47.53644978740993],[-2.7342064067723255,47.55206430843042],[-2.7154316604959736,47.57654253087959],[-2.714432950008992,47.59298967346035],[-2.757592183654573,47.61287735101191],[-2.7545302536260285,47.635943017790716],[-2.7951916631184384,47.619515983940175],[-2.8312692184373036,47.613980283771895],[-2.851150732135118,47.619022264840936],[-2.8883074806182694,47.60372031432131],[-2.8941178097199294,47.58191685891699],[-2.9370470028114317,47.59651736500671],[-2.950659153900295,47.579303860754656],[-3.0046859134608477,47.56646553748797],[-3.026468461710979,47.58394599905037],[-3.094879923920414,47.564686311749014],[-3.1232589863704034,47.5695081568697],[-3.1332300779049587,47.532435621621886],[-3.1169009752940933,47.4961604922533],[-3.09449650710579,47.482412765246636],[-3.129391708495516,47.4738244656134],[-3.1517748821158404,47.50387332474793],[-3.152063868227419,47.52789301771813],[-3.1345805586210473,47.54882366707632],[-3.139749279889078,47.57960047643262],[-3.1583771335933584,47.6069849085308],[-3.1937321982478797,47.62194072617485],[-3.2097530809913435,47.640690040350975],[-3.2081288735823428,47.66342980157541],[-3.190504238501219,47.68254092926842],[-3.166595512762787,47.6804302446036],[-3.128059188762987,47.70555367694903],[-3.1259616002794033,47.72345749155855],[-3.159418178564092,47.737388379799775],[-3.1763421131463927,47.734689167234386],[-3.1737051439382005,47.701956980943464],[-3.217549801386117,47.66730699988139],[-3.214971438983497,47.64522440607226],[-3.270895013000413,47.6788711919624],[-3.28786392948088,47.700955682089656],[-3.3409140108798394,47.70870473596058],[-3.34887310198566,47.728643297493896],[-3.387107819813834,47.70188799129091],[-3.4304371204407182,47.70321133479036],[-3.452760568692728,47.69534163728435],[-3.4983535994006227,47.72943310383713],[-3.520959375326517,47.75766895361749],[-3.5299269866083183,47.78246448849144],[-3.5173821429083914,47.80503760359084],[-3.5359178691698356,47.81643884429237],[-3.5382904863091595,47.836020899790604],[-3.523004293499609,47.84914685714251]]]]}},{"type":"Feature","properties":{"code":"57","nom":"Moselle"},"geometry":{"type":"Polygon","coordinates":[[[5.893401083719673,49.496909750110916],[5.939944946897957,49.50096978911359],[5.971783320923806,49.4913163055914],[5.982536594108972,49.45105527746582],[6.02765177650771,49.455538917030424],[6.055623323914133,49.46535978168454],[6.076705098128764,49.463656672860225],[6.123474712997803,49.473441852078615],[6.155249287805073,49.50381182382041],[6.256413026994873,49.5100225584692],[6.279098229910086,49.50335719786734],[6.296571041016304,49.480106944913075],[6.312489363480976,49.48032031550801],[6.364391072331403,49.459485597794696],[6.407623710243866,49.4675154675881],[6.419090928661235,49.474937866427084],[6.470082245543733,49.462763723134074],[6.554360572853942,49.41838313208105],[6.5405283477242735,49.401145041619664],[6.563269082557648,49.38828526012536],[6.587074296882195,49.3849358288203],[6.568452040389599,49.3449154814342],[6.5955807025304996,49.33027144782366],[6.588884741951244,49.32209317831749],[6.6175524843963345,49.302169283821854],[6.638579265784432,49.29553478914614],[6.660330281989145,49.26096781243674],[6.684616608971706,49.24231882936001],[6.694810016062328,49.21590718897018],[6.71965859480421,49.22137943216265],[6.731498100833765,49.2060909576377],[6.711364818806887,49.188541683234874],[6.738512367681464,49.16366113912631],[6.7845550558709675,49.168090266711616],[6.834537718950126,49.151466712468384],[6.8609420718719845,49.17871523308854],[6.851537824818373,49.200484084387014],[6.835378369933188,49.21132385245782],[6.857449193294861,49.222275027981475],[6.885215505575565,49.21104948546778],[6.9354255357579655,49.22215593921376],[6.959285196153518,49.20300203966244],[6.974631643711455,49.20981472133559],[6.998806412798309,49.19427844167972],[7.034324960729169,49.189681536322034],[7.0276480006522135,49.17008240822472],[7.046147533263103,49.13856517309118],[7.054297461807657,49.1126326923314],[7.102777636286391,49.140499445767595],[7.156729211133253,49.121305964534294],[7.183938532639857,49.130733985517935],[7.206632231887248,49.123477362718766],[7.245302859127929,49.129807084465035],[7.282600803455493,49.11693169088899],[7.298652796709717,49.117457118012105],[7.329841252153916,49.144944493025186],[7.36284676727469,49.14521917131234],[7.366092677702596,49.172465701358625],[7.4450608117676325,49.18430555508701],[7.4552291504089965,49.16632509495078],[7.493995166397878,49.16963770649743],[7.492159555313797,49.14186210733454],[7.515445437889962,49.12116845523475],[7.528977470244165,49.097207912439856],[7.569010373147195,49.07978656309812],[7.599982064041664,49.08333244993025],[7.631070828249015,49.07018534790654],[7.635285449703197,49.0541613551771],[7.6400276339065405,49.049114242922506],[7.609553546221074,49.02123201245433],[7.591218725544888,48.993724868247604],[7.57839213753989,48.95740241810784],[7.533247825039657,48.93350273583194],[7.50187360937539,48.94425222519554],[7.479572330825655,48.96139105276517],[7.451630239981024,48.967962755037526],[7.392311568753424,48.952706941018526],[7.358876660684313,48.95760287154302],[7.326851980608823,48.943372742020955],[7.293949845247019,48.97157404948427],[7.236031367305892,48.987818615118876],[7.209311457091751,48.9800881370531],[7.174240270723143,49.006365681338195],[7.130505931552783,49.00459350678602],[7.119477346819226,49.03721652969957],[7.108081132396537,49.04341471828652],[7.103885148469087,49.074161754697926],[7.068107134587352,49.066879969038716],[7.078659891943001,49.05036062768427],[7.054911912536333,49.03061918771655],[7.05300726402484,49.00729189414574],[7.038359726746952,48.99687346466287],[7.032219488521415,48.95604910228417],[6.98921640979739,48.95992878867804],[6.978894125394516,48.93334137925148],[6.955547179403453,48.922319717315936],[6.964601688658047,48.90452526765522],[6.988916052470446,48.8911922591983],[7.044405156028646,48.87353491651631],[7.050249140492324,48.85934342449812],[7.081165552464466,48.864100481733125],[7.086623738193806,48.847740597072104],[7.051334597348638,48.84628529036997],[7.054514540544794,48.813704386223854],[7.079303305840072,48.81404016744667],[7.088166864000689,48.79249269644048],[7.1231658021967155,48.80450097964112],[7.146671555297553,48.82130284961471],[7.149408408912651,48.84470403837187],[7.195876686739622,48.840397988184655],[7.196675525429877,48.828301758643974],[7.228655644882326,48.828038818777635],[7.262026914660001,48.797761488092036],[7.291233271693293,48.79399531609868],[7.3064497001602975,48.7691099850618],[7.286884538061931,48.73134414106466],[7.266625221422177,48.714209030699415],[7.260168326105747,48.69429915361379],[7.242261522633183,48.69210964676438],[7.2645955424124935,48.662703775725404],[7.30435493964854,48.6602012988693],[7.270398382732597,48.63054438708614],[7.278427796440234,48.625202388791344],[7.256388448234081,48.60150853250187],[7.256281654444217,48.588675507652],[7.2183172603088295,48.55264406598888],[7.1924855682726525,48.54879290260453],[7.167909935894842,48.527596443549314],[7.147094880277466,48.52694681230707],[7.114376678081027,48.537389878992194],[7.079359770973246,48.53641761270014],[7.05703294231895,48.55111677598128],[7.034244738955548,48.58041837913675],[6.994503728351811,48.59596380824709],[6.982896473118807,48.61187146059442],[6.960798228747959,48.60828605857016],[6.930006989091913,48.6355511656451],[6.905122950842201,48.61984409056823],[6.86360548586589,48.62031667084879],[6.8440535368717015,48.62597500455583],[6.836628311600907,48.643091017748844],[6.810500233885349,48.64743317270349],[6.782490229155465,48.642725006759726],[6.757341859177665,48.66339528935242],[6.733850339573668,48.663755791166636],[6.68791954042715,48.683627810294645],[6.658407329856351,48.70804728628271],[6.638020827883166,48.70287255743568],[6.6236441629626235,48.713682866112556],[6.598965570952483,48.71569079778236],[6.594835612692378,48.72922173177475],[6.564255135947671,48.74995572268137],[6.5401903328498525,48.75385918265721],[6.511039646542062,48.74880543901709],[6.489616200477496,48.765575862224765],[6.453603381539952,48.765894004837314],[6.433515038771951,48.78904238593331],[6.394874246018456,48.77476240981232],[6.370600538901966,48.78462319426055],[6.330651430081595,48.82330786866148],[6.338947107825573,48.834058199828384],[6.2888587554276025,48.84323273382886],[6.311714980584929,48.863826545661276],[6.298269555306107,48.88072376373154],[6.327264769799276,48.90519552048261],[6.288337094198781,48.9164057732219],[6.271977767337417,48.9331355970772],[6.245534632278756,48.92378375934002],[6.222641164054098,48.93850513094841],[6.177120700704927,48.934924104920626],[6.16233199123861,48.94287521453305],[6.132207146051102,48.93472094774055],[6.116912179457586,48.967832850981594],[6.081322571612109,48.96304750061741],[6.043435324319259,48.977477915970994],[6.045110478908419,49.013520358557074],[5.9532001062961815,49.05400525300155],[5.924683336615274,49.09212399499875],[5.931603285178869,49.10910433832356],[5.997395942366339,49.10784182738146],[6.00491999554859,49.113988280244584],[5.981384937221558,49.14445423565313],[6.0261499402444025,49.16511893599002],[6.002250831363206,49.185007006720355],[5.982834325573433,49.18651522282689],[5.987627297222747,49.20961691713355],[6.029385386695151,49.23047199221416],[6.0286095479587445,49.24841255130629],[6.006667263528377,49.26028809283966],[6.000492336268631,49.27537547287367],[6.006390696711231,49.3079648171488],[5.985220799804532,49.30517081937582],[5.94400804744167,49.334644506896005],[5.962613221125637,49.344866959890794],[5.956123967212049,49.36159497798842],[5.9327717047585935,49.37015147282544],[5.929562016978401,49.40189069409503],[5.91204332139632,49.40747659912329],[5.942282468750819,49.43034622332949],[5.938573949545653,49.47481323186841],[5.9028920872339725,49.48379495708393],[5.893401083719673,49.496909750110916]]]}},{"type":"Feature","properties":{"code":"58","nom":"Nièvre"},"geometry":{"type":"Polygon","coordinates":[[[2.8746252064056805,47.52042311253978],[2.8489038940037736,47.53754044480101],[2.8574899628231805,47.552844658956644],[2.890770179974213,47.55309660602271],[2.914297452553034,47.56597018271849],[2.95865823105343,47.55738006412381],[2.9765380120036067,47.56942879709582],[3.0187759740569513,47.55731386824091],[3.059199650745983,47.56884905584853],[3.080558427544962,47.5854885999859],[3.102009918822544,47.58795615956075],[3.1350763394879597,47.5419077972082],[3.165190757880271,47.51750199807388],[3.2046491761957805,47.522966343570126],[3.2354902376938353,47.4891790840854],[3.2721566613710795,47.49154765493751],[3.2852515362929866,47.50393862662616],[3.3395269332726487,47.47816523272086],[3.3807002450190415,47.48729175533955],[3.3972880002653882,47.508867495938276],[3.437164175942187,47.50799559642577],[3.488276701493949,47.493830911376975],[3.492366537968952,47.56012889108053],[3.50460694021663,47.557934222629186],[3.5135049928892266,47.527668013741454],[3.553140570878716,47.50232679103883],[3.5806168100615214,47.49786323631363],[3.580113356556516,47.46490071648911],[3.6789914842274665,47.445533677873506],[3.7147823454353084,47.406834666623176],[3.74055092250182,47.39650073819435],[3.774605414302544,47.40619956994621],[3.785647440559844,47.39054224193822],[3.818472205441228,47.380187941025326],[3.8217875906686545,47.402796919032404],[3.8443762508505244,47.41082738551116],[3.851506603080638,47.43558613394464],[3.878310953801514,47.42929226716236],[3.8933965172489198,47.410290156628015],[3.8635369268343536,47.395841532600606],[3.8718702934595615,47.36693490948858],[3.8867653218201808,47.3645805378824],[3.9087922026053734,47.38205569491613],[3.944243142987652,47.38021568332925],[3.9653529425108722,47.3652327054121],[3.973097819719344,47.332712674420605],[3.999278507688071,47.312773725416655],[4.028760221806572,47.31557728480351],[4.046432164286821,47.339943756300286],[4.106085850126875,47.339255985490894],[4.1249016818373665,47.33586115686488],[4.130399481098536,47.32021421171321],[4.114111422721765,47.30795616873572],[4.115801786333514,47.27973253282323],[4.135479914723283,47.23739632412277],[4.178052482394732,47.25029686466267],[4.218051703421399,47.22051351486304],[4.230668433773607,47.19895113888856],[4.21254075976185,47.18181888845327],[4.209834279044644,47.15541168354448],[4.1819015999311935,47.15050500507014],[4.137377150535575,47.14271256994814],[4.115067396116834,47.14616206884513],[4.1159670699158095,47.12333757652634],[4.093453790716921,47.11837533659616],[4.06142733788571,47.121041664100176],[4.038726355028209,47.08001003428516],[4.068333453149657,47.060849772300685],[4.0565135025792305,47.03590917660347],[4.054940156290852,47.0126839142093],[4.0314701513696285,46.99832730189447],[3.9951563121844047,46.9853110258271],[4.014415061270238,46.97247440888245],[4.039401951235417,46.98511001230653],[4.055716129773101,46.956751483000446],[4.037221978317054,46.91815560684184],[4.047930985015345,46.899770705295666],[4.063541781254885,46.898637142134945],[4.093851364443379,46.8747343332292],[4.10088702370378,46.859107279954316],[4.056234450174584,46.843272376735854],[4.062709832615211,46.78936469128212],[4.033374685377483,46.787597067958394],[3.9632215617966824,46.76602786916393],[3.9268461357095314,46.73932209846788],[3.886217784502878,46.72736946397975],[3.8446585970830824,46.720902226508414],[3.8260957715927075,46.70391953563021],[3.797329518692337,46.70150263714515],[3.783666045566592,46.736048122663426],[3.73619002089105,46.75247120098576],[3.6764513769021243,46.738863704610445],[3.638852795875816,46.7414291297393],[3.629423683496518,46.74945902193754],[3.575688644059658,46.74951576942387],[3.598004570548422,46.72398257750036],[3.5773110866449174,46.71485003618856],[3.550392218815862,46.715864672081594],[3.5601217846433015,46.68944384651715],[3.546479370174174,46.67829016254972],[3.523959952566555,46.685994912475735],[3.4885699471242644,46.6601824726314],[3.45529917195652,46.65239553162601],[3.4473359853067485,46.66355627140273],[3.453772658174005,46.68414192059341],[3.432977086126445,46.69334363262723],[3.43414613166678,46.711906018109566],[3.3877607382601562,46.71481835659156],[3.366446289777872,46.69126127383442],[3.3467088070518343,46.68441634541089],[3.3139717258866157,46.688751593416065],[3.3009216002863893,46.7163033886406],[3.2697920192933188,46.71674092868996],[3.2155498733945853,46.68289184476865],[3.197261486410674,46.679926344970944],[3.1631563644760856,46.69354021702288],[3.129775813721409,46.72720423640006],[3.0839363013486563,46.73762859045693],[3.049065356287102,46.75807894189366],[3.0320681893946824,46.794911188525944],[3.059347134977098,46.82726033600817],[3.069533804251037,46.85306859289044],[3.0680947893123323,46.877676731330354],[3.0502941730720203,46.9106303658982],[3.0793297925031697,46.955118753700084],[3.0628630913516144,46.98581276267424],[3.0757508386893258,47.019144570799824],[3.0627479524794685,47.04527994600743],[3.0232152406674615,47.06261687352466],[3.0313750673889857,47.09247842625923],[3.0280852399597813,47.129067685143],[3.0092825607816684,47.17991916254789],[2.9816846477683376,47.22199695723395],[2.9834041014118906,47.25976318037284],[2.9378686076548557,47.287718487007425],[2.9077684884182546,47.31098769398195],[2.8767969741076427,47.321752773704915],[2.8734906167112504,47.34839595881793],[2.9194707204649397,47.407274676600125],[2.931175112801269,47.441669509538606],[2.9026727758043678,47.4787904760825],[2.8884546532335578,47.5094282811585],[2.8746252064056805,47.52042311253978]]]}},{"type":"Feature","properties":{"code":"59","nom":"Nord"},"geometry":{"type":"MultiPolygon","coordinates":[[[[3.0403984136982025,50.159705108437066],[3.063005335119136,50.17367767246187],[3.0939135240338187,50.1622262487789],[3.0681434935957395,50.14734495422104],[3.0727880608848768,50.131186438720206],[3.037036047993321,50.130313345175814],[3.0272922183841873,50.118551266105456],[2.9993155954143598,50.11885065997644],[3.0038853511528694,50.15024647820991],[3.0403984136982025,50.159705108437066]]],[[[2.067712027611001,51.00650515466528],[2.1101030884192196,51.00515436424168],[2.1387263723924743,51.02047731288083],[2.1902457546664613,51.01804063448275],[2.1918237851448867,51.034715807218134],[2.218563107404832,51.03222167243631],[2.2590195633030064,51.043490583642196],[2.342194490550121,51.057309558240824],[2.395233281299764,51.05033008301106],[2.4247542826080695,51.055626117413155],[2.5463252972819905,51.088402305103116],[2.5628959666132043,51.064605626153075],[2.575982419777286,51.01375274755887],[2.5739940374755257,51.00352108038122],[2.6080265106495104,50.98718243218274],[2.6326872836805335,50.94600519935866],[2.5900130400649437,50.919096163778526],[2.607535290732441,50.9124066086538],[2.610326300169626,50.862061552621626],[2.634982733121708,50.81275641876223],[2.7181914035396804,50.81320560793264],[2.737511840411906,50.782670872072046],[2.781947131330458,50.751092598326686],[2.7867446611456996,50.73381921547943],[2.813275390169948,50.716947630173586],[2.8483804350303905,50.72291764499729],[2.870172980563469,50.70291406808004],[2.8983800599236966,50.69423611297018],[2.922327234684258,50.70280503897035],[2.9374114543505443,50.74209770629575],[2.969662775707332,50.74961097888233],[3.0220450489487614,50.77210693218003],[3.0613770323899683,50.78050085123832],[3.088705984283759,50.77336931450737],[3.1109249331515394,50.794122278216896],[3.1519976780893755,50.78234329668403],[3.1991342816652897,50.734730939175776],[3.211782829092417,50.71325538898358],[3.2446834848058272,50.71304246580907],[3.2583851392745764,50.70064949194268],[3.2624232273169933,50.6784852826563],[3.2410965359392057,50.65778991575674],[3.25520436601742,50.62258275479467],[3.270292523712289,50.610812110449736],[3.2817266737308675,50.57732844552126],[3.275957418697949,50.55853840025285],[3.286531399925948,50.52757580555707],[3.362673754976159,50.50309643957861],[3.3762218373048696,50.49108182460425],[3.432248715257614,50.507118771607686],[3.4739635628750074,50.533561751146436],[3.5194110029872943,50.522868831996384],[3.4963210235985827,50.498683290226374],[3.5223176214061334,50.49496788323126],[3.5683447329862488,50.50097669533296],[3.5853371177327213,50.49053885448199],[3.607087548067213,50.497283044825515],[3.6436495322531623,50.463211807396284],[3.664218477773235,50.45317465879256],[3.673733173288203,50.38972521710218],[3.658270970690328,50.37134117960119],[3.673675908769281,50.3349233228203],[3.710430924740463,50.30316614070561],[3.731606234421014,50.31235332867399],[3.7362206016065613,50.3432570480394],[3.7474038155627727,50.35092914840201],[3.8527555820958135,50.35159288086556],[3.889799951126813,50.32998024472696],[3.9090033110400197,50.328466474363545],[3.967898522087576,50.35036640688851],[3.993908424048428,50.3486153355103],[4.027387066832294,50.357490365275616],[4.037614330208127,50.34294913095139],[4.12197186382358,50.298311640610294],[4.124352666164769,50.27361398697191],[4.207538662540225,50.27297040073831],[4.221850100147642,50.25695260304661],[4.189455991301053,50.23687571936165],[4.160120194753328,50.202535967141905],[4.149388632981125,50.174787171955124],[4.154073029606527,50.161253710023075],[4.126926892460069,50.13501086614893],[4.197038470830976,50.13530868448463],[4.197497822706036,50.109176465683625],[4.227538806961173,50.079679063351016],[4.217832037790911,50.06080510279823],[4.173905462387534,50.045603929706495],[4.162223866832849,50.04898484693673],[4.136379263762434,50.0204647847058],[4.157702243163169,49.988249823321674],[4.140895251736092,49.97875959899442],[4.08712850474961,49.9691875854119],[4.056699209471129,49.98542604488944],[4.01304088648856,49.98566024631078],[3.9794498952640214,50.00299190781123],[3.9947330894398947,50.02553192166869],[3.9895472401156926,50.0413469883853],[3.903385572183311,50.01801137888116],[3.8820101104438387,50.03303286775057],[3.8356719382516733,50.048312733420666],[3.815827444952555,50.03904215991495],[3.797523254135232,50.048396124718515],[3.7463798889650586,50.05360423497288],[3.715184685025503,50.06927463596353],[3.6657493008457873,50.05473310262326],[3.6623093500340085,50.03911432468407],[3.6136399192005855,50.025418579177284],[3.6006637298781827,50.039925849470826],[3.5671883147756422,50.053261540953365],[3.542755355797365,50.05391998941126],[3.5286139046189744,50.03818286664185],[3.507141600307539,50.03577661902003],[3.490663196296732,50.0188947701039],[3.4282376399201713,50.022065913063614],[3.3989075840823038,50.03475745860893],[3.3529820989914247,50.03586832624208],[3.3371140096429532,50.017096007517154],[3.2801740988851327,50.015182550806884],[3.2306551064640994,50.03198300751153],[3.2026122838195157,50.01743710744522],[3.1729557922769542,50.011311964972776],[3.117562382696325,50.027670727516394],[3.090253620620082,50.05374055513492],[3.094758364918514,50.08315987378872],[3.1141238720183764,50.092160389605915],[3.1048462443791918,50.115285460750734],[3.0918531294760667,50.12063041191277],[3.128954376035887,50.16556204959065],[3.1561320895920617,50.183715151473976],[3.1314047305598587,50.19940491824935],[3.1427922279498945,50.219237231259655],[3.1788851239271336,50.219073327099096],[3.188353526948621,50.22867621857968],[3.1556853741465,50.243187559380864],[3.133679451303655,50.26623580402242],[3.0515044113968517,50.276650211776854],[3.018560069810309,50.26439442090914],[3.0152741338861255,50.283780191722634],[3.0843056602069536,50.31119078351624],[3.004772238368158,50.36678462460666],[2.990408003554761,50.39527899657189],[3.0251728351795903,50.40757565859167],[3.076383262967528,50.44060786930254],[3.0543582082042056,50.455089924005314],[3.037672306035308,50.4416400980408],[3.016772027301739,50.44834132930235],[3.0157717239835207,50.48645538436221],[2.9647097377674005,50.512778020799246],[2.8989518584324676,50.5015578156606],[2.8798761281832572,50.51589325872625],[2.881364535884128,50.535434775320184],[2.8259824668620874,50.52538845142136],[2.801938478218003,50.53483062913716],[2.8134467388705726,50.54934391547588],[2.80816309470569,50.57916943876986],[2.7890757995406865,50.583060514887364],[2.8065346151718447,50.606764517797096],[2.8424416096298035,50.62905410400955],[2.8697378084597434,50.631095996029686],[2.8404494526472543,50.656566351394346],[2.809187984818708,50.669372896442674],[2.7690409100193936,50.66367813929786],[2.757400535457718,50.61823745589094],[2.725641525704916,50.61411481623499],[2.713850503520111,50.63129225354632],[2.6844644994994438,50.632719762619324],[2.630516060197486,50.617951505356416],[2.5866206729970513,50.63809536205738],[2.564653031146168,50.624522730303156],[2.5370449897762186,50.63045370101787],[2.533625965601234,50.64308581112802],[2.495948921017839,50.631244941936494],[2.4503937034166032,50.65384652293581],[2.428985110726485,50.65701656077829],[2.40779242678447,50.67276560279946],[2.3831045994174644,50.671828851607664],[2.363524646595893,50.684643637888016],[2.3829874868893204,50.69628206936786],[2.3417485781495326,50.72837526546449],[2.34089102647672,50.74090632543495],[2.4114775397506802,50.76673424707295],[2.375989607627449,50.78404912635709],[2.3428811569437658,50.7810883826341],[2.252496270869472,50.788115718263434],[2.213001675000002,50.81619844972972],[2.2018976811147395,50.8508405908696],[2.1541252595915212,50.92600143483312],[2.1353365874298347,50.96425774404664],[2.097600537080802,50.998427200370195],[2.067712027611001,51.00650515466528]]]]}},{"type":"Feature","properties":{"code":"60","nom":"Oise"},"geometry":{"type":"Polygon","coordinates":[[[1.7838370588623413,49.75830750106765],[1.8089798932395025,49.754332476868704],[1.836736935686628,49.74011542093402],[1.838108169073818,49.708425628485685],[1.8938643249004963,49.69898823076106],[1.9332098221662726,49.719629963489474],[1.988919892649775,49.709402970462676],[2.0267681801791118,49.711310876188165],[2.05989780108139,49.6948752492932],[2.103494780498011,49.694736883916796],[2.1214097069260887,49.68807409174484],[2.156484137758264,49.70211563032466],[2.21756318128915,49.70246959323254],[2.2850923978754705,49.689388245191964],[2.3157256235726433,49.689753026308125],[2.337642942746636,49.66900004753446],[2.3708606973518425,49.65635328949203],[2.409702695719323,49.66099609376744],[2.4456566302700073,49.65297898416902],[2.4781226406322063,49.620790233933015],[2.506120221148308,49.63500671034503],[2.526732085722268,49.62940041323432],[2.571493337841171,49.59708062701416],[2.5970251802580453,49.61168115170793],[2.62379591221486,49.61023030743844],[2.6299442784590084,49.58032399470266],[2.649628562594336,49.5717641083625],[2.670723151725744,49.58141197178741],[2.671248956542555,49.59858674592385],[2.687556334287926,49.62475309433038],[2.7395572131560577,49.626924487224116],[2.7709877504026585,49.61435313605804],[2.7980938007575653,49.61811251953584],[2.7897685778094523,49.638092566661996],[2.8007055089354633,49.661447402253124],[2.843350258918428,49.65852651008911],[2.857260670232296,49.68366758301244],[2.915712813038834,49.70267238896688],[2.9495143470656977,49.69065965176808],[2.989594629116647,49.70802042057901],[3.026158602863713,49.680298029261905],[3.0629504716788527,49.71256910166192],[3.1184031553047866,49.705968560150744],[3.115636640843051,49.66498825414465],[3.09777622468101,49.65668309123162],[3.1127661529868123,49.63132972837916],[3.093575310755229,49.622548596683885],[3.1220112456372937,49.60374206640511],[3.139814891208892,49.57623313724928],[3.126982208375892,49.573038994477],[3.1314803354793224,49.54337765179183],[3.121165955043159,49.520974573583764],[3.096325086537241,49.51789625444081],[3.1212810029381983,49.493670908120365],[3.1070854783285102,49.46823138703083],[3.1605832452848968,49.451589762665364],[3.1626441754771344,49.440639681268124],[3.131884455784113,49.43177892295364],[3.1005059556280803,49.439314058331185],[3.0925346575940007,49.37534154439133],[3.076780341252717,49.371262738908456],[3.0747246045970944,49.34897187029861],[3.042914962956999,49.333571302660516],[3.001513216421808,49.34001503161223],[2.964603145483289,49.32192389525919],[2.981004000749905,49.29790832703466],[3.0351669019132688,49.2871713469825],[3.025849635470415,49.25992627182155],[3.0397940574425517,49.22840404055804],[3.023604722971875,49.21655041441553],[3.0027869375627287,49.23569244874083],[2.958587991995842,49.226138012652044],[2.970646337718828,49.21429263146397],[2.967751163640478,49.19164549413419],[3.00241402574711,49.187810905489094],[3.0004940244510117,49.21363093492948],[3.0499603800932262,49.20875690532957],[3.057604302772935,49.19731791616205],[3.1027108891029056,49.19726093786907],[3.116850461379955,49.18929161278119],[3.1213530433372445,49.1615694736916],[3.1396578896700365,49.15257695363476],[3.0943242330142073,49.14204789992474],[3.0924779533731277,49.12879682562634],[3.071884293834167,49.117554218816146],[3.0483639955943445,49.086321770811566],[3.0085155429257675,49.09151015780461],[2.974612129302612,49.07483790651457],[2.9015078805206906,49.08537404257291],[2.8949540105299616,49.077060509386286],[2.8560893422319023,49.07003394285967],[2.845152480122472,49.0846582975852],[2.7918669791571764,49.090224385649144],[2.7870683167938073,49.075272380356054],[2.753551034147009,49.06074104171223],[2.7067286108537023,49.06571610231719],[2.673154178752123,49.090859401094306],[2.633272965218076,49.10837621896302],[2.5905242793946224,49.079654846732424],[2.5581713639343153,49.09838623642425],[2.4899309091229616,49.10636117791936],[2.5032579551258722,49.11758406300134],[2.471584849664169,49.13543134509872],[2.4131026213629148,49.152351151856486],[2.3912888696248515,49.14934773205012],[2.3462570508145517,49.161815824563625],[2.3109290446865427,49.18640655833579],[2.2864129770481765,49.15992057659305],[2.252488213818398,49.15288152246086],[2.218650036331584,49.180682600571025],[2.1819500283812623,49.17367773782481],[2.1327389034606554,49.191378260554046],[2.0968812642737786,49.18975715797898],[2.0749104023995684,49.20868708172066],[2.0006083248213287,49.175708039448175],[1.973760882151743,49.18378113635129],[1.9607171449401366,49.173518197205695],[1.9314802344723212,49.17417045483985],[1.8852389528169067,49.16263786454188],[1.877040859056052,49.17144524902654],[1.845548847714221,49.169897638882595],[1.7954686863275515,49.18525912523885],[1.755165127607803,49.17454501384096],[1.7421373979981678,49.18015527802457],[1.7341091564710822,49.221278789282294],[1.7043642065965865,49.232201775163404],[1.7104793339744566,49.26446416218004],[1.7345063044967537,49.26899820204799],[1.7643521273092135,49.2630859414422],[1.7895325987859003,49.247868037421206],[1.8026808722972285,49.271950623613535],[1.7757705439300602,49.29951534986682],[1.7679448109268296,49.31982583692622],[1.7741379719748898,49.33469565160132],[1.759340781875861,49.368238985112555],[1.7203156024953805,49.39482842844473],[1.7139375433100608,49.409224988863485],[1.7229968419974309,49.43391580233039],[1.7474339115753832,49.45944834208184],[1.775862453037976,49.47132557760213],[1.7741127542848931,49.48629204874629],[1.7902240900460897,49.50346919449449],[1.7718644061411502,49.51284827349518],[1.7508109914810421,49.4953034048916],[1.7192326604453187,49.50822302010686],[1.7478873461630975,49.537734307389876],[1.7271846205611596,49.54162647589022],[1.7298338150528105,49.56129313430964],[1.7147813730167585,49.576405140938526],[1.7057508157515966,49.60621127470416],[1.7216075786347382,49.62199032398025],[1.7088335612864556,49.64638148474686],[1.7252046142437358,49.67263435960493],[1.7521846819353237,49.680957188725905],[1.7339504969080488,49.69920938045457],[1.7045143422610263,49.68092631423977],[1.6895758821118119,49.694785646260954],[1.7154681056064667,49.70860435289633],[1.7196883349196141,49.730467625863746],[1.7454557068129848,49.73856265789178],[1.7416263242274626,49.751633772466256],[1.7838370588623413,49.75830750106765]]]}},{"type":"Feature","properties":{"code":"61","nom":"Orne"},"geometry":{"type":"Polygon","coordinates":[[[-0.8409353560137922,48.75222016383323],[-0.8192734301255277,48.7541311066678],[-0.7806266616236817,48.78665142650693],[-0.7125565216024937,48.80069002566648],[-0.6821715230909893,48.821834119269546],[-0.7054998116130325,48.83677879901897],[-0.6935979640277244,48.8472307255334],[-0.6264394642029217,48.8268065097143],[-0.5445223814299559,48.8478900838751],[-0.4940452996821073,48.84857463029627],[-0.46875379913660753,48.86921416486376],[-0.431252227536603,48.87431946705079],[-0.4089756657265101,48.87089665763008],[-0.38621249067401003,48.8452588814631],[-0.3462445710154039,48.821999140746314],[-0.3267045002943942,48.840277412458356],[-0.3285204584539417,48.857599313600346],[-0.29452074618238994,48.85168192113505],[-0.26217897261037365,48.85359465583731],[-0.17671993891467938,48.83423079521249],[-0.1463430882060753,48.83444909949476],[-0.0850638956816069,48.84465033807136],[-0.0590064530019254,48.853491798472966],[-0.030666077085217337,48.8738778222776],[0.008758124525063051,48.8910599383045],[0.05639799250068904,48.902464038657314],[0.07094503667266873,48.932121250285164],[0.09488679748726127,48.93579979818696],[0.12760760912750246,48.95221907078784],[0.1564748700538276,48.924787583562484],[0.18746286897648523,48.940627353263515],[0.24227175031800538,48.94434881189317],[0.24466232022740259,48.95878245595905],[0.27250168047082235,48.964655839870495],[0.28264019709882576,48.94899613116388],[0.3105016483200191,48.9525668734449],[0.3332314772821841,48.942781544583966],[0.3581085399804696,48.95050361041376],[0.37731004626458825,48.972554866896424],[0.40609491524831554,48.96346413266829],[0.412814532889088,48.950626367694355],[0.3907837746929919,48.9271332888758],[0.38618934896504153,48.91041450585282],[0.42156714219561403,48.89864779537123],[0.4200659412941513,48.88818710783798],[0.45358528537402837,48.88019513771439],[0.4761125006440536,48.88686266076319],[0.5021397353658976,48.878150204150515],[0.5525030083730612,48.87553783157171],[0.5780409793892106,48.89364694598877],[0.6109659813863897,48.853218358881485],[0.6078685100835315,48.832489316673694],[0.6687110370739024,48.80802140346215],[0.6889623683560373,48.79460354988005],[0.7319447587721393,48.78545800743581],[0.7584300486684715,48.767971967774606],[0.7508055582409985,48.75949683157833],[0.774959043114129,48.73752726458568],[0.7433928921084365,48.71690523836887],[0.7660502318369231,48.69679825478523],[0.7640759546715993,48.67527365639454],[0.7822053215915061,48.66652415160697],[0.8148191028635925,48.67016796018795],[0.8268154990669214,48.63060614219509],[0.8177592533729132,48.616321964340834],[0.8465847869380818,48.60477987546661],[0.8495690718886973,48.584317085863454],[0.8676826582446395,48.57348477486485],[0.8912620563004201,48.57217735609871],[0.9387576535104647,48.55055845317247],[0.9226089134985012,48.5377152127879],[0.9667159729358187,48.52408891339411],[0.9539997024327551,48.50383926047164],[0.956288496333069,48.48228110680156],[0.9357072927920254,48.475553713886015],[0.9584142860496184,48.442595257597894],[0.9439900556805834,48.41543779690512],[0.9486303005350746,48.40254075139077],[0.9090291135378351,48.37025942165492],[0.8837069426865347,48.35671469741493],[0.8187477629538905,48.3492990187552],[0.7854319060188925,48.34042724028456],[0.7688672771787132,48.32194393371593],[0.7958184564245077,48.28648186022423],[0.7875964742272762,48.26131463776064],[0.8302416950484665,48.21430027818372],[0.797655838494225,48.19445221754921],[0.764084678712686,48.181597068873735],[0.7236370295054257,48.198143278755104],[0.6954713879467597,48.236330986094266],[0.6754723126802372,48.254743451079044],[0.6531564634145168,48.26370008686643],[0.6236114391567086,48.24531365157172],[0.5791940330516644,48.24436715365327],[0.5359730618565085,48.24984731423508],[0.5303066115723511,48.265500468342935],[0.49456203378441577,48.28681219277962],[0.48757228180388706,48.307800269630285],[0.4313327796769827,48.30663773892564],[0.4062188750511576,48.31462381799055],[0.3826045470591668,48.33382739375671],[0.3831416441494548,48.35506581259146],[0.3717304119271855,48.41045271670545],[0.38155707814654405,48.42516246095979],[0.35577910790038714,48.4582196404425],[0.30023976976312095,48.480570774759265],[0.21796784681891437,48.4738014493765],[0.18981014616858835,48.46189487699406],[0.17216701037378906,48.46478849710128],[0.1513148609685129,48.43722944549019],[0.11624508246972709,48.43555379652284],[0.09917026625350714,48.41035346558878],[0.0686800642491165,48.406668571805646],[0.06252414284954447,48.38302768487248],[0.020988775959532427,48.38019902542899],[0.0033707584170527497,48.39598744941706],[-0.04462899093295152,48.379755379925435],[-0.05453120471342586,48.382003457815514],[-0.05735713318959158,48.42850475869075],[-0.051896256193192464,48.4532597698412],[-0.10641204070316028,48.44752336948581],[-0.14362687075469976,48.45472711281225],[-0.1663420949957147,48.51558833305454],[-0.14460396356167668,48.52775250488166],[-0.16938322355767327,48.53697934057344],[-0.20693829348513745,48.562944759163955],[-0.23435383691646136,48.56233718214002],[-0.26180278773892185,48.54789343136948],[-0.24146030977322894,48.53711490462154],[-0.2629746987558156,48.52359724467027],[-0.2715497531161014,48.50745217404008],[-0.3202385045732452,48.522920009526636],[-0.33820693066737895,48.50050101655408],[-0.3676233888648988,48.492944315128234],[-0.44380935670202487,48.51374721178168],[-0.4781981375781819,48.501570405632215],[-0.5050654278707298,48.50579601256293],[-0.5304357344769987,48.495166069981224],[-0.5502899127948604,48.47423143238625],[-0.5986229162657322,48.47101955265918],[-0.6510738694884249,48.44394876336686],[-0.6662397250359153,48.48588955148741],[-0.7020679300858332,48.467206812159105],[-0.730343478460553,48.472706578375146],[-0.7358573623603453,48.46112222178988],[-0.7151034623418729,48.448949122074],[-0.7572811397545338,48.436551469912764],[-0.7796468261489741,48.44602717779943],[-0.7778740724524535,48.46541168200867],[-0.7975558085305263,48.465278693659805],[-0.8603629154348681,48.50145849652254],[-0.847670683669462,48.52112645892402],[-0.8057094829569462,48.54987498304548],[-0.7741715461672727,48.56267832832823],[-0.768359672906354,48.59032984724143],[-0.7517442676401291,48.60131936977811],[-0.7524222705829918,48.62213618876707],[-0.7733632741625079,48.65747680031274],[-0.7354985764702292,48.68396472383358],[-0.7917739207703051,48.70515869262072],[-0.817893287414865,48.73117743116182],[-0.8492246178903684,48.73075569433634],[-0.8409353560137922,48.75222016383323]]]}},{"type":"Feature","properties":{"code":"62","nom":"Pas-de-Calais"},"geometry":{"type":"Polygon","coordinates":[[[2.067712027611001,51.00650515466528],[2.097600537080802,50.998427200370195],[2.1353365874298347,50.96425774404664],[2.1541252595915212,50.92600143483312],[2.2018976811147395,50.8508405908696],[2.213001675000002,50.81619844972972],[2.252496270869472,50.788115718263434],[2.3428811569437658,50.7810883826341],[2.375989607627449,50.78404912635709],[2.4114775397506802,50.76673424707295],[2.34089102647672,50.74090632543495],[2.3417485781495326,50.72837526546449],[2.3829874868893204,50.69628206936786],[2.363524646595893,50.684643637888016],[2.3831045994174644,50.671828851607664],[2.40779242678447,50.67276560279946],[2.428985110726485,50.65701656077829],[2.4503937034166032,50.65384652293581],[2.495948921017839,50.631244941936494],[2.533625965601234,50.64308581112802],[2.5370449897762186,50.63045370101787],[2.564653031146168,50.624522730303156],[2.5866206729970513,50.63809536205738],[2.630516060197486,50.617951505356416],[2.6844644994994438,50.632719762619324],[2.713850503520111,50.63129225354632],[2.725641525704916,50.61411481623499],[2.757400535457718,50.61823745589094],[2.7690409100193936,50.66367813929786],[2.809187984818708,50.669372896442674],[2.8404494526472543,50.656566351394346],[2.8697378084597434,50.631095996029686],[2.8424416096298035,50.62905410400955],[2.8065346151718447,50.606764517797096],[2.7890757995406865,50.583060514887364],[2.80816309470569,50.57916943876986],[2.8134467388705726,50.54934391547588],[2.801938478218003,50.53483062913716],[2.8259824668620874,50.52538845142136],[2.881364535884128,50.535434775320184],[2.8798761281832572,50.51589325872625],[2.8989518584324676,50.5015578156606],[2.9647097377674005,50.512778020799246],[3.0157717239835207,50.48645538436221],[3.016772027301739,50.44834132930235],[3.037672306035308,50.4416400980408],[3.0543582082042056,50.455089924005314],[3.076383262967528,50.44060786930254],[3.0251728351795903,50.40757565859167],[2.990408003554761,50.39527899657189],[3.004772238368158,50.36678462460666],[3.0843056602069536,50.31119078351624],[3.0152741338861255,50.283780191722634],[3.018560069810309,50.26439442090914],[3.0515044113968517,50.276650211776854],[3.133679451303655,50.26623580402242],[3.1556853741465,50.243187559380864],[3.188353526948621,50.22867621857968],[3.1788851239271336,50.219073327099096],[3.1427922279498945,50.219237231259655],[3.1314047305598587,50.19940491824935],[3.1561320895920617,50.183715151473976],[3.128954376035887,50.16556204959065],[3.0918531294760667,50.12063041191277],[3.1048462443791918,50.115285460750734],[3.1141238720183764,50.092160389605915],[3.094758364918514,50.08315987378872],[3.090253620620082,50.05374055513492],[3.074492199997738,50.04529954091121],[3.014439323479967,50.059152788811005],[2.9787858100327975,50.04636219278302],[2.9444810700691098,50.05347379150127],[2.917155076234358,50.035710799347],[2.87653264314694,50.04217932424792],[2.857843650412817,50.07739311900277],[2.807546851114983,50.062415585560984],[2.7889640682343506,50.045311213953525],[2.763122932751498,50.03863557102141],[2.742546612593098,50.04823137136034],[2.781835790362261,50.09110348945762],[2.7633488151068777,50.10996516360832],[2.729579928321446,50.125953038257606],[2.6918325946042887,50.09172778717194],[2.633413606035314,50.100835661500284],[2.620114035740686,50.1111233231505],[2.5760198137336725,50.11341281005766],[2.579246199237998,50.128556557952706],[2.557055359846941,50.14204829791205],[2.53247243497901,50.11502396682772],[2.514949343300702,50.140811614698116],[2.481495194281265,50.13816938510139],[2.4501350913608073,50.12440021874914],[2.4296578345647766,50.0881849283962],[2.4145079258525888,50.10064240686793],[2.375459692531332,50.109251478562726],[2.3923866280005646,50.14534070022987],[2.3897770566865675,50.155484821444404],[2.4148458534849215,50.17310955154985],[2.4511824235732345,50.17870118824561],[2.4956903275727766,50.19456202411803],[2.4852044166964613,50.20779089755312],[2.4524037722545233,50.22617450808976],[2.4054762905102116,50.234029470791484],[2.3814020747034625,50.22558671136131],[2.370204907638782,50.20977035832257],[2.3404952021137726,50.2293253960828],[2.3012047633367585,50.212864087760096],[2.269796498169412,50.22880955959933],[2.2458060345105704,50.211701863441725],[2.2173374639794026,50.21748679591506],[2.17414784189994,50.20889796150714],[2.1602439796705144,50.195073090929476],[2.122580060921799,50.21070523924823],[2.0857138282832497,50.20100753303517],[2.0561495866960637,50.25515840313268],[2.026446120500165,50.269546075893764],[2.0032288628275974,50.27038408348767],[1.9364041762807813,50.30146908295568],[1.9587947410604334,50.31226469090631],[1.9381301712408916,50.33010048991117],[1.9180007470953697,50.31177877534881],[1.8759231954314028,50.32174642503478],[1.8725624158329885,50.332203345380606],[1.8313070764668689,50.345521376961486],[1.8051005697505793,50.35956479028979],[1.7787842601942672,50.361866180722075],[1.739453874214164,50.35457494026503],[1.6707155098465678,50.33101039989745],[1.6415439209955993,50.35215320244089],[1.6252340548486761,50.37183439351513],[1.5794678479116167,50.37921781617639],[1.555658414115049,50.39768062437081],[1.5699664459670746,50.444481375243384],[1.5774237782704903,50.51653279341479],[1.5854134517805314,50.537352456779296],[1.6192903917994448,50.53527496629917],[1.581273860269884,50.56277234419219],[1.5766093094233622,50.57222508465235],[1.5754702574635382,50.64376921433218],[1.5607115203796038,50.69967640419991],[1.5940631007212405,50.73490631352115],[1.6044002891055364,50.76283351023702],[1.6054977030902289,50.79303342273639],[1.577946150441329,50.85333565117015],[1.5835458071046016,50.87182012003101],[1.6421019989787113,50.87886833813072],[1.6673428270137456,50.89226662456871],[1.692541394498637,50.91537531133391],[1.7288531641107558,50.93789161557745],[1.7807165493326218,50.95487029863247],[1.8323650766395754,50.963096204871015],[1.8711615477136776,50.97493483409628],[1.8896911321764678,50.97231089361649],[1.915776261224723,50.9840846407249],[2.0454058015250167,50.998317962768176],[2.067712027611001,51.00650515466528]],[[3.0403984136982025,50.159705108437066],[3.0038853511528694,50.15024647820991],[2.9993155954143598,50.11885065997644],[3.0272922183841873,50.118551266105456],[3.037036047993321,50.130313345175814],[3.0727880608848768,50.131186438720206],[3.0681434935957395,50.14734495422104],[3.0939135240338187,50.1622262487789],[3.063005335119136,50.17367767246187],[3.0403984136982025,50.159705108437066]]]}},{"type":"Feature","properties":{"code":"63","nom":"Puy-de-Dôme"},"geometry":{"type":"Polygon","coordinates":[[[2.5653790586982073,46.143032182829025],[2.6406912317167386,46.118477661719005],[2.6552891559950393,46.12604206490928],[2.675536737103756,46.155809042125064],[2.6774585186785225,46.1727617979065],[2.715881178634498,46.17955498592873],[2.7305652928970168,46.19609671226358],[2.720917952533929,46.21130971383818],[2.732404782173034,46.22305265922885],[2.786781773175518,46.19864733659311],[2.810275114252155,46.196212623621854],[2.8229846867516923,46.21982582951188],[2.8186225286604203,46.23256980947683],[2.838238654032007,46.25133842004792],[2.89131100728084,46.253562623561876],[2.9371457775851466,46.24291746827498],[2.936482510275278,46.221710765741776],[2.9133683342305123,46.21076365100903],[2.920103043246808,46.19098495139527],[2.911139505619457,46.17743500340432],[2.942765231308341,46.168549525458715],[2.971756635840471,46.1217801298987],[2.9937709582935033,46.123728525772805],[3.0164792061121424,46.102448954980474],[3.0480765097735856,46.10031481550088],[3.0906232146771364,46.11452555946364],[3.099793609402441,46.09490520389922],[3.1280978125696843,46.07140098569798],[3.166531859715606,46.065677976513406],[3.1831200731258975,46.074513260697124],[3.2145108831873523,46.07494451930903],[3.233650605398404,46.06355148384772],[3.2810346944765536,46.065929354622334],[3.332766798825711,46.05497440619716],[3.36764567175092,46.05430839581729],[3.3829420706213997,46.06480264969235],[3.419029561174583,46.07429245580498],[3.433106873763625,46.06115526638401],[3.4535928570638426,46.063794720194835],[3.4678828897234224,46.02374515995011],[3.4813683084812777,46.01371105761674],[3.5346371071845772,46.02237834647508],[3.5413270581913245,46.01519652019095],[3.601439901652659,46.015082558028055],[3.6413068945873417,45.96461484273165],[3.6767635131618666,45.95805976115134],[3.6940178008729885,45.930732356412385],[3.7234546463589506,45.92186686966796],[3.7543707578917007,45.88603083611283],[3.7315424899852925,45.87016039642116],[3.72534244009261,45.82707398650144],[3.7116170222098575,45.79955113302971],[3.6906934795455935,45.79217071537155],[3.7310653997028584,45.77483343230172],[3.727105164096888,45.75553371264516],[3.7586724976385866,45.74600532878878],[3.7827600945783164,45.706694635321],[3.776946294898936,45.6908405345388],[3.823453198078696,45.63241694241682],[3.86173367803394,45.62272878464922],[3.8846825953282202,45.60275694217335],[3.903596234209209,45.599022466324875],[3.935548097136248,45.57675205994888],[3.954348408158434,45.555962683335494],[3.9459486995868804,45.54447980125801],[3.964839538556207,45.503218682032596],[3.9844000736338567,45.49411557572152],[3.966604497321932,45.472189147410184],[3.972751884382159,45.46143771943691],[3.9601432570462634,45.44344571733884],[3.899187761612733,45.410307649293415],[3.8892315945582094,45.39452005881283],[3.897408424881887,45.3570837817156],[3.869748727932898,45.355825177974914],[3.837685746380872,45.365713933149365],[3.8352859719724157,45.37605158297855],[3.804943044201567,45.392104461166284],[3.7856753429070356,45.37076437810785],[3.7899965323666374,45.35387675419062],[3.7722554467335283,45.34919188352554],[3.705828237197212,45.3607062251683],[3.679853380401792,45.38418941501764],[3.6631634778409548,45.36157929015898],[3.6186259166992305,45.33771043696724],[3.5903478302934047,45.35722324299155],[3.5880474177320365,45.375226810928446],[3.5630771718254137,45.39491340017769],[3.5209066851487667,45.40241117172981],[3.501320580432494,45.42757868705258],[3.4797803281462016,45.42109945505887],[3.4636110218729947,45.40187938765357],[3.37740750048678,45.40195065808154],[3.355951003761219,45.42270452498479],[3.324323216190769,45.40643003851577],[3.30631987673738,45.41954639101777],[3.290691872112179,45.401821892426035],[3.220912377077928,45.37892046186799],[3.1680632240379363,45.352259807508],[3.1034981328800555,45.35437310008832],[3.081709261400673,45.33620210714899],[3.060267266954517,45.33058792846881],[3.058569686824016,45.30656505249262],[3.021790178296388,45.29536780296733],[3.0183045953290004,45.2870664026082],[2.967346132390612,45.307097870959936],[2.9495692996597285,45.30885613298761],[2.931754110661835,45.33059235323827],[2.9207131825210073,45.36542334907543],[2.8863031117541533,45.382961505858326],[2.8677277513750035,45.376079673109146],[2.851739807542808,45.392294826301445],[2.8012313498513737,45.39285594883326],[2.7635223964556954,45.38562409648569],[2.742824191956514,45.393286416958404],[2.714857227145231,45.38155782083131],[2.6871186111491756,45.40629147061533],[2.6764584284787265,45.43907413938682],[2.663390372512316,45.43416415509558],[2.6396930053973264,45.44570657455579],[2.590384711197607,45.45005773186534],[2.5437058143512723,45.47758527668323],[2.508408697113082,45.47849879874483],[2.516808004227086,45.52382961392976],[2.516332317304299,45.55342661392312],[2.490928563504916,45.5603922863538],[2.4639202998517407,45.594746716951256],[2.4784319627002147,45.60790817567205],[2.483386743242332,45.639304413699904],[2.517544011548676,45.639591069896426],[2.5249409687054394,45.65723626708714],[2.5125929116065997,45.6697634761611],[2.526510829142244,45.68539249032416],[2.5210064489111423,45.70681016156742],[2.4921255582417543,45.73767009540705],[2.454731087219177,45.76088170513876],[2.435460687234864,45.76697343160803],[2.427406116463833,45.79428142437904],[2.3880204308712214,45.82737590512424],[2.4013447212803922,45.83757813269279],[2.4265480371985815,45.83477320365116],[2.4706202631864147,45.87233257398153],[2.4922254101808226,45.86402992467918],[2.5279244706403525,45.8992324603817],[2.55163679096888,45.94126557576326],[2.5696347302085196,45.95881426721691],[2.61078659720824,45.971228075938264],[2.5944189201416936,45.98944187163358],[2.6025111446423104,46.033460147639815],[2.57170126140345,46.04837735959016],[2.5521924042632187,46.08251218540567],[2.5505225579409916,46.11895797457819],[2.5653790586982073,46.143032182829025]]]}},{"type":"Feature","properties":{"code":"64","nom":"Pyrénées-Atlantiques"},"geometry":{"type":"Polygon","coordinates":[[[-0.24283655874306692,43.58497620901365],[-0.21060677583663345,43.59323717586582],[-0.20474047168197715,43.583595044006366],[-0.17292754407472402,43.59364235835892],[-0.1604496417177948,43.58057113664128],[-0.12160423721761877,43.58624235445866],[-0.09678297320877491,43.582405897631695],[-0.0889353115702106,43.55720120791489],[-0.06439614081942817,43.54514708135416],[-0.040131786150039817,43.512605402100824],[-0.04931853949113948,43.49246722068145],[-0.03395773428648386,43.4748821154567],[-0.06575363832737609,43.46348011949314],[-0.06960017201868417,43.43296649967561],[-0.04274822802160633,43.410433038551396],[-0.03370932429921264,43.43246529630011],[-0.01653409524496999,43.44394693211105],[0.009655310320461439,43.422201547264585],[-0.003925534377874021,43.3934664638352],[-0.005254456755174934,43.37375854928626],[0.029503346533208717,43.34615364492955],[0.010318158747631801,43.32531563972634],[-0.024871748469064887,43.32949512965254],[-0.046122416801734574,43.300855792904],[-0.04438748267104296,43.285276684905334],[-0.017007531250723754,43.270453175934975],[-0.04586866874069626,43.23214073673146],[-0.07252865439013752,43.22439059831667],[-0.06787400013058484,43.17711979316513],[-0.1177014616836111,43.1803266630819],[-0.12625382600229515,43.157664646038775],[-0.14613235140227143,43.128235959977104],[-0.1708703509900363,43.11342325510858],[-0.19098404402245078,43.11120001485184],[-0.18776412338244444,43.08332759879084],[-0.1991458409823786,43.064411115641306],[-0.20042576352682828,43.042716040400485],[-0.22443426834756924,43.033763083786916],[-0.2599408711456362,43.038273850395626],[-0.2648355668439734,43.009960256978964],[-0.2872360879456974,43.00592033944367],[-0.29228087888317733,42.991102936760555],[-0.28159092548449843,42.93356279018235],[-0.32717226195000754,42.91649889360632],[-0.30706856228167917,42.86996632786312],[-0.3134428634980887,42.84937505970757],[-0.32147747742734595,42.837156313582035],[-0.34754008403707837,42.8359138333211],[-0.3679794649305534,42.81384420795455],[-0.3925972910093655,42.79955853388815],[-0.40923534884558577,42.80775176126848],[-0.4443073733042952,42.79644188968569],[-0.509645724461578,42.825392555785875],[-0.5248214033720447,42.81169922814938],[-0.5228809859764464,42.799053820578806],[-0.5438135992737796,42.79316107597114],[-0.5512049085825593,42.77751593074885],[-0.570596979524969,42.782910869511355],[-0.56886355590546,42.806821287959146],[-0.5927365436827333,42.80323323591071],[-0.6036291574211501,42.83261701820438],[-0.6488576242634109,42.85520307403128],[-0.6786504294307736,42.88435162671404],[-0.6989906898468694,42.87965527922473],[-0.7252987547541817,42.891321607770166],[-0.7349914574877744,42.91217714898651],[-0.7250694205419334,42.92302821420027],[-0.751639105301494,42.966938899771456],[-0.7878117200655661,42.964220133379236],[-0.8100187374291915,42.95143307665448],[-0.8650339469969248,42.950782024634954],[-0.8997253347034583,42.961944671110295],[-0.9464504061324416,42.95406127408886],[-1.0005051395543532,42.97795014220868],[-1.0064443208237912,42.988993997889715],[-1.0830603615120118,43.00168071076038],[-1.1130329544941873,43.02237691659177],[-1.1334470820212093,43.01037270050248],[-1.1668982697369847,43.03557738093639],[-1.1807234359906535,43.03252804425024],[-1.2286741205591398,43.055160334686654],[-1.2471934082929712,43.042415611440845],[-1.2642856059829322,43.044567445791834],[-1.2835261465024137,43.06128566378849],[-1.308546707643754,43.06868136866409],[-1.2986667955038385,43.093279481535944],[-1.2802211653973743,43.1182176727211],[-1.3220188073653838,43.112341489609655],[-1.3461709053432147,43.091146616577],[-1.3409221159462987,43.08017084901461],[-1.3547480564678596,43.02846729741783],[-1.441215102138327,43.04630623466782],[-1.471735353863028,43.08109307328759],[-1.4708729299201966,43.09171395485682],[-1.415487839708494,43.12745746864605],[-1.416022603215192,43.1497408035206],[-1.4034369386574947,43.15976006228705],[-1.4020241459530187,43.17787126578672],[-1.3844898703699202,43.19125222875264],[-1.3826552191243804,43.25302936103839],[-1.4132056044596777,43.273416064289286],[-1.4388514488237716,43.2665172949958],[-1.4954242196638288,43.28272765553131],[-1.5053245319871684,43.29278486875202],[-1.5647156489015603,43.28791168353549],[-1.5581480152327398,43.276925958606746],[-1.577703455461285,43.25064368535375],[-1.6086713312434922,43.251911493906945],[-1.6303674039621392,43.28444921654921],[-1.6225991787656453,43.30062353105162],[-1.6671377641602614,43.31445979762466],[-1.694148056872775,43.31228000342086],[-1.7297463174854624,43.295677171644435],[-1.7577102787128112,43.344006413921115],[-1.7871316386117875,43.35136807471246],[-1.7889705724558977,43.3740616062586],[-1.7620152282748711,43.37589213130254],[-1.6391097857903005,43.40836090393235],[-1.6014509805064314,43.433291711283985],[-1.5629953964271497,43.484727946611734],[-1.5480683309573409,43.49597169694441],[-1.5248665484221002,43.52970134669009],[-1.5014142682685339,43.526946780448405],[-1.4765954372767023,43.539347276261424],[-1.4641103174097,43.51978418733692],[-1.4311182651313608,43.51461371523744],[-1.4153887215828598,43.49717030109977],[-1.3679078186199811,43.49490465671754],[-1.3274966286590806,43.50492395449724],[-1.2888696900073222,43.49872862084951],[-1.2173167238027949,43.53073810827331],[-1.1956162981323255,43.546095049204695],[-1.1708199655376668,43.5456098839176],[-1.1315682094233597,43.51069576475205],[-1.1639945144136432,43.50839178467792],[-1.1625744604180746,43.49153545937573],[-1.1195951980376606,43.50151151366748],[-1.109247829938908,43.51412989565137],[-1.073598211038545,43.51939437447959],[-1.0265078502683154,43.503370175677496],[-0.9933935609538049,43.505388046842114],[-0.98987372975074,43.53346243559243],[-0.9758267609662757,43.53928445138307],[-0.9509135778063627,43.53212326134325],[-0.8966906468904682,43.55048921576566],[-0.8556394802658646,43.541912093762534],[-0.8426740269835161,43.55356012044782],[-0.7817805196343679,43.564167159066834],[-0.7682806920100282,43.57948154907272],[-0.7180970591845858,43.54064303476207],[-0.7009707203498448,43.56096357592762],[-0.670807186170969,43.5667169721834],[-0.6008401126869658,43.538204154807815],[-0.5670718315523744,43.558215555933955],[-0.5571744316529481,43.542797175106195],[-0.5105948945954394,43.563209686236384],[-0.5076560922832347,43.56923087293328],[-0.44992960469658516,43.595703984518344],[-0.43347042112212875,43.580338984734894],[-0.4634382109634287,43.566589232141745],[-0.45203767058593636,43.550435492790825],[-0.4060419475368964,43.568225638621044],[-0.35359679862890814,43.561780875085],[-0.33595845896027376,43.55085163558024],[-0.30369046804673383,43.560276850255974],[-0.2763965148657968,43.584761045574],[-0.24283655874306692,43.58497620901365]],[[-0.10332953356469002,43.35858355910215],[-0.09014219532070926,43.35886208428034],[-0.08727094997091522,43.33384409231069],[-0.11552121102299735,43.33237650784547],[-0.11030601684007735,43.31299058296239],[-0.07504166669941048,43.30713969252607],[-0.06249932084582573,43.346711256254366],[-0.08317321572204538,43.37135001696728],[-0.10332953356469002,43.35858355910215]],[[-0.10307533206661205,43.2428172034933],[-0.07983617553877999,43.26236925486353],[-0.09617852463729769,43.28547921988103],[-0.09202865057224784,43.300470229904995],[-0.11185509693098625,43.31039821912341],[-0.1373518115949468,43.28574075772358],[-0.1406176398389843,43.27194385552744],[-0.12194467153732959,43.24335344245164],[-0.10307533206661205,43.2428172034933]]]}},{"type":"Feature","properties":{"code":"65","nom":"Hautes-Pyrénées"},"geometry":{"type":"MultiPolygon","coordinates":[[[[-0.10307533206661205,43.2428172034933],[-0.12194467153732959,43.24335344245164],[-0.1406176398389843,43.27194385552744],[-0.1373518115949468,43.28574075772358],[-0.11185509693098625,43.31039821912341],[-0.09202865057224784,43.300470229904995],[-0.09617852463729769,43.28547921988103],[-0.07983617553877999,43.26236925486353],[-0.10307533206661205,43.2428172034933]]],[[[-0.10332953356469002,43.35858355910215],[-0.08317321572204538,43.37135001696728],[-0.06249932084582573,43.346711256254366],[-0.07504166669941048,43.30713969252607],[-0.11030601684007735,43.31299058296239],[-0.11552121102299735,43.33237650784547],[-0.08727094997091522,43.33384409231069],[-0.09014219532070926,43.35886208428034],[-0.10332953356469002,43.35858355910215]]],[[[-0.09678297320877491,43.582405897631695],[-0.0772195291003595,43.59016567666762],[-0.07397188111422878,43.60631260105189],[-0.015780894995830737,43.60465738319822],[-0.006638780883364193,43.59430394426513],[-0.0019248187812945813,43.56554046143869],[0.015782134897742738,43.543393230182545],[0.029579566383845242,43.544897297852316],[0.056081443916198466,43.5188072498529],[0.08058083535969605,43.523863090805406],[0.08975008845749399,43.51017249617227],[0.11212423457670333,43.51736991981858],[0.1304678194460616,43.49489917669358],[0.1350017858108604,43.46572396335525],[0.14930802677520033,43.465363039807976],[0.16599704732355133,43.44273636926645],[0.1374594398551805,43.43399175225508],[0.1538629917033123,43.39932405975342],[0.17380494234693045,43.40277225485803],[0.18203121400006392,43.37118267445077],[0.2317041924912655,43.36771211454836],[0.27840649370482956,43.38622497108639],[0.30085675386203575,43.37175476096837],[0.32769435096802535,43.37095370345262],[0.32831696781083425,43.34849301742664],[0.33909513817586934,43.34345707398941],[0.3883410229269578,43.35621468006998],[0.3957284672697182,43.33360258395701],[0.4430328988271061,43.32792703588786],[0.44498008716314374,43.340735933546554],[0.49803381879209657,43.32618057240136],[0.5043244698794473,43.333508245170144],[0.5474473878405767,43.329319731373445],[0.6068109749570959,43.310885991585494],[0.6357239806030284,43.300074553718005],[0.6183078501522927,43.29035045829162],[0.5511319943370407,43.236236596459726],[0.5738333078065921,43.22033420729316],[0.5518748957180641,43.20914713009289],[0.5173856740584795,43.212372971316064],[0.515732011440808,43.189611401008044],[0.4878146424725309,43.16525164014629],[0.4700411050323527,43.15730371100298],[0.4419985587106282,43.13127313187027],[0.46394373544501977,43.117816246348056],[0.5322696523895433,43.093864488407256],[0.533134473195984,43.08279812294234],[0.5573359728300217,43.066396922958404],[0.5652571210979821,43.04118358284234],[0.5379303286735891,43.041641647509145],[0.5341218546281855,43.01498318247417],[0.5412081928415171,43.001720551955394],[0.5673867928980146,43.02086035561931],[0.5918253760443509,43.022372936614325],[0.6080473328079602,43.034009064146474],[0.6274179241908862,43.00010287323426],[0.6116327283329046,42.98841659996602],[0.6188348311181961,42.972417013199525],[0.645536953415737,42.96206456656776],[0.6419907184981635,42.95287272899541],[0.6060586556910943,42.93436290905924],[0.5865354938150936,42.899764469600925],[0.5759351469518764,42.870825923039746],[0.5598104479575664,42.86131086278569],[0.5324055542379432,42.863293191606644],[0.4773565901163487,42.87824375089618],[0.45645030119577185,42.81819976680441],[0.4631381823278041,42.79013609203236],[0.45587668333542497,42.769893094701686],[0.46339485659012236,42.75961776986063],[0.4550942250736491,42.728060641999555],[0.4845912327562892,42.70987563691782],[0.47774954032737066,42.69999034279792],[0.4356455710506602,42.69037183158463],[0.40211897973801236,42.69648986021392],[0.39263011986752094,42.71311750189731],[0.3596287954835796,42.72339183232152],[0.3262254490865479,42.70523591329384],[0.320802303741389,42.683131711219026],[0.29282224858132516,42.67492458180092],[0.2657494410548165,42.69585404878972],[0.2601414748532607,42.715502851551555],[0.22668497017769476,42.71735823262267],[0.2059924149934227,42.729298724675765],[0.17574306986977128,42.73677329861877],[0.1604176644184873,42.72442882623834],[0.1365670029696411,42.72232698158292],[0.11125032280716181,42.71021137331376],[0.09042040053997723,42.717132811761196],[0.0459533905361909,42.696777408747096],[0.024585610304963493,42.70245653014717],[-0.010637584646291413,42.684385085093155],[-0.05980922099813103,42.69342720546847],[-0.06884483739406957,42.7179035165553],[-0.10244023343942496,42.72158700465701],[-0.15972871920981477,42.79739905213244],[-0.1784879363541327,42.785361494949754],[-0.23844023717848478,42.808170502420666],[-0.27668498267988956,42.835474417476526],[-0.3134428634980887,42.84937505970757],[-0.30706856228167917,42.86996632786312],[-0.32717226195000754,42.91649889360632],[-0.28159092548449843,42.93356279018235],[-0.29228087888317733,42.991102936760555],[-0.2872360879456974,43.00592033944367],[-0.2648355668439734,43.009960256978964],[-0.2599408711456362,43.038273850395626],[-0.22443426834756924,43.033763083786916],[-0.20042576352682828,43.042716040400485],[-0.1991458409823786,43.064411115641306],[-0.18776412338244444,43.08332759879084],[-0.19098404402245078,43.11120001485184],[-0.1708703509900363,43.11342325510858],[-0.14613235140227143,43.128235959977104],[-0.12625382600229515,43.157664646038775],[-0.1177014616836111,43.1803266630819],[-0.06787400013058484,43.17711979316513],[-0.07252865439013752,43.22439059831667],[-0.04586866874069626,43.23214073673146],[-0.017007531250723754,43.270453175934975],[-0.04438748267104296,43.285276684905334],[-0.046122416801734574,43.300855792904],[-0.024871748469064887,43.32949512965254],[0.010318158747631801,43.32531563972634],[0.029503346533208717,43.34615364492955],[-0.005254456755174934,43.37375854928626],[-0.003925534377874021,43.3934664638352],[0.009655310320461439,43.422201547264585],[-0.01653409524496999,43.44394693211105],[-0.03370932429921264,43.43246529630011],[-0.04274822802160633,43.410433038551396],[-0.06960017201868417,43.43296649967561],[-0.06575363832737609,43.46348011949314],[-0.03395773428648386,43.4748821154567],[-0.04931853949113948,43.49246722068145],[-0.040131786150039817,43.512605402100824],[-0.06439614081942817,43.54514708135416],[-0.0889353115702106,43.55720120791489],[-0.09678297320877491,43.582405897631695]]]]}},{"type":"Feature","properties":{"code":"66","nom":"Pyrénées-Orientales"},"geometry":{"type":"Polygon","coordinates":[[[2.166053682054993,42.66391836976526],[2.176204944795001,42.65250633141794],[2.246516821037239,42.681202948030595],[2.255205048620104,42.69745713836985],[2.297058357278089,42.70099502933411],[2.3220061203917695,42.7077915762024],[2.3573542563069108,42.730614151700564],[2.352474899591023,42.76247835717117],[2.3429452475243857,42.77535071033062],[2.343922918928302,42.8012178810544],[2.3335924644994988,42.80438237482061],[2.3271160459779234,42.83744277583184],[2.382167466090285,42.848465968894374],[2.4524747607108766,42.83693276356475],[2.501496510152125,42.85114590958063],[2.5303296696211732,42.84330870449564],[2.551517478135935,42.84669055878725],[2.5979979640054287,42.83710010473599],[2.665129702318414,42.836638227667535],[2.680460074219605,42.83066919623472],[2.7392695852260918,42.83704183830966],[2.754406508896001,42.85193277009744],[2.762151578941423,42.87367587089044],[2.789053819259419,42.895988728811574],[2.8163773260069473,42.899968720008566],[2.834726633088116,42.91226461376727],[2.8652738803519484,42.91834143726101],[2.8804319367618048,42.90142601782671],[2.9068743640845423,42.89581380072565],[2.9176652105086776,42.88490560680479],[2.976233697434438,42.870285782323506],[3.043510805290506,42.8381501142638],[3.039269430432411,42.799791836114],[3.03866210585288,42.73115943015552],[3.0354222951214984,42.678248196502366],[3.037082831998312,42.62608415053007],[3.0451908300933015,42.59457922768011],[3.0496064216977565,42.55014015956973],[3.0571198441096596,42.5372092844744],[3.0868940108835354,42.524055488048134],[3.1056245890262795,42.525593780023925],[3.138121628181151,42.51489518727693],[3.1229727483854868,42.50504339919354],[3.1331116175574936,42.48125477575951],[3.1530067352162088,42.477776284883916],[3.15732898680088,42.459432454750015],[3.1741805499682005,42.435585934319825],[3.120829508201149,42.43800580748714],[3.085437328583658,42.42550988123317],[3.0490406236305536,42.45554617467689],[3.0407621096853417,42.47314100863664],[3.0125781244014846,42.46652317375274],[2.988889553374083,42.4738313841575],[2.9689921541918216,42.46579130273507],[2.9470269070718653,42.481801093577864],[2.924481044394249,42.458389170964374],[2.863516909035993,42.463685965835424],[2.8414109625242325,42.45852270899326],[2.814839563839402,42.43879437507126],[2.799242281304166,42.41856867596309],[2.771995685896969,42.412356726628104],[2.7532002138160787,42.42535725427018],[2.7163026018456495,42.420861005709845],[2.6737509151182475,42.40452391803864],[2.6556410417562404,42.38843162789706],[2.6717654689105332,42.34117820769783],[2.611297522207988,42.346807721180475],[2.5778245531567956,42.357933234601866],[2.5545994607392077,42.353892840228475],[2.540046438348588,42.33376082281662],[2.5003079444422434,42.342911142856316],[2.4829628754848416,42.33964655377135],[2.4675348643249904,42.35892180847505],[2.4334621567522774,42.37709101786132],[2.435482130866189,42.38887656698712],[2.3491816579437708,42.40674798977397],[2.3069539494770965,42.42879201328318],[2.2923910299124817,42.422979357750634],[2.2567190982902723,42.43844036451443],[2.2466766500833426,42.429497661909714],[2.201063478390105,42.41629324758647],[2.1563417567377465,42.42342744508062],[2.128866046268498,42.4124914459525],[2.1151215213189642,42.38204970639233],[2.08954757389964,42.37371732752677],[2.0835981014554434,42.36270013981574],[2.02349649688789,42.35522663210627],[1.9859066164117019,42.36204816679774],[1.9605413830047367,42.39193435465887],[1.9582842085598802,42.42404869009333],[1.9417298315540916,42.42966577271863],[1.9353121382830816,42.45358596021788],[1.9166429808948604,42.44630507104221],[1.8854520225275206,42.44929175065031],[1.8814289746097121,42.459713683305495],[1.8498223891207548,42.46731551034911],[1.8433623972460949,42.477143601221265],[1.8030674804478923,42.48955493039855],[1.7632574952590807,42.48684429750053],[1.7312197831734901,42.49274331055303],[1.7262968840513657,42.51739946334924],[1.735934655538207,42.55051896327486],[1.7548048574820891,42.56487435248866],[1.7861250110638969,42.57362343207788],[1.8010033491172206,42.57239786027001],[1.8347684364358996,42.58353364671248],[1.8744850028357225,42.58140598425563],[1.907286118231748,42.60862947926328],[1.9361188221910517,42.60541384031619],[1.9521234354600119,42.61830326460022],[1.9722426969695992,42.61714092425327],[1.9969224698605978,42.66006561399484],[2.0187920574337195,42.6534170353211],[2.0470193906647904,42.66358965489304],[2.1114664198303457,42.666032470916626],[2.127356949655341,42.672313305937074],[2.166053682054993,42.66391836976526]],[[1.9600558256458676,42.4704521123199],[1.9598031610861055,42.4532613568093],[1.981341106824749,42.44752720529524],[2.0126921284863117,42.44834353508286],[1.9865324547331493,42.475759236261595],[1.9600558256458676,42.4704521123199]]]}},{"type":"Feature","properties":{"code":"67","nom":"Bas-Rhin"},"geometry":{"type":"Polygon","coordinates":[[[7.635285449703197,49.0541613551771],[7.674493719844778,49.045038223564895],[7.707321827434022,49.05405939239169],[7.732229514556395,49.044360193628584],[7.7694289796184846,49.04774245099701],[7.794587260656014,49.065791918907415],[7.868785609773862,49.03415707326486],[7.8916198759125775,49.04759725259064],[7.91670251003609,49.04096826102967],[7.934626827531663,49.05780915030637],[7.963045952864435,49.04293379198175],[7.980055713019351,49.02611958784408],[7.996711900374363,49.02835488426032],[8.04922031277792,49.01418078522583],[8.091376040143569,48.98925821691501],[8.139803411862454,48.9784496512654],[8.222736022927482,48.97597079725059],[8.232836216038969,48.96697753356419],[8.195800936945588,48.956207796670824],[8.139135858085103,48.892894767368645],[8.124578710186213,48.87069214791491],[8.096320563319823,48.810383710147846],[8.058939302273348,48.78881229521909],[8.029130925797226,48.78647637177024],[8.02282921871248,48.7683571613944],[8.00494993955973,48.75878082453401],[7.969723932850821,48.75544146180311],[7.9631400450945655,48.7213530972908],[7.890886576122132,48.663095896501474],[7.83981724689541,48.6413739851056],[7.828710432304629,48.61770955816417],[7.804169862129346,48.59233465434716],[7.800241352793423,48.57868703631089],[7.807039561191584,48.5211033498163],[7.794703889606317,48.50209025324464],[7.768199002101854,48.489657602973395],[7.764890504178269,48.456687573980204],[7.7359757519993035,48.40415792790444],[7.732004052005759,48.375403413096564],[7.7450285445207925,48.33566571677894],[7.733240771599047,48.31779594408542],[7.703153723776976,48.30881155728774],[7.667802806274936,48.223910814462734],[7.645993836509834,48.20894372463805],[7.628420489829124,48.18234169524649],[7.601153626284707,48.15837840879526],[7.597069643598031,48.13314665478638],[7.577312855212316,48.12036852180279],[7.519368638022094,48.12611186663136],[7.5125346837248,48.15232225264574],[7.477457496315403,48.15656192531237],[7.4675859539752825,48.16899525405458],[7.476943375699939,48.20353668428324],[7.44466546317087,48.21741894982423],[7.408909688142275,48.224103980885616],[7.397985372184995,48.23250486975424],[7.3502585424914155,48.24763679309355],[7.324540354627305,48.245301227144324],[7.312654881787611,48.26854265756791],[7.275183721811301,48.30523478704946],[7.241733352395135,48.302429901416254],[7.198281537029947,48.31046786102034],[7.184818696745765,48.33615437512855],[7.120494270164923,48.33334864685793],[7.0785233740914295,48.35107311533077],[7.108026244714085,48.376989845150604],[7.095873788299803,48.4270217723305],[7.11688383670396,48.484885014570324],[7.097693072924202,48.48762107861984],[7.123165369028565,48.513592265556596],[7.080630193411291,48.51267454477156],[7.064487678486664,48.52339791207404],[7.079359770973246,48.53641761270014],[7.114376678081027,48.537389878992194],[7.147094880277466,48.52694681230707],[7.167909935894842,48.527596443549314],[7.1924855682726525,48.54879290260453],[7.2183172603088295,48.55264406598888],[7.256281654444217,48.588675507652],[7.256388448234081,48.60150853250187],[7.278427796440234,48.625202388791344],[7.270398382732597,48.63054438708614],[7.30435493964854,48.6602012988693],[7.2645955424124935,48.662703775725404],[7.242261522633183,48.69210964676438],[7.260168326105747,48.69429915361379],[7.266625221422177,48.714209030699415],[7.286884538061931,48.73134414106466],[7.3064497001602975,48.7691099850618],[7.291233271693293,48.79399531609868],[7.262026914660001,48.797761488092036],[7.228655644882326,48.828038818777635],[7.196675525429877,48.828301758643974],[7.195876686739622,48.840397988184655],[7.149408408912651,48.84470403837187],[7.146671555297553,48.82130284961471],[7.1231658021967155,48.80450097964112],[7.088166864000689,48.79249269644048],[7.079303305840072,48.81404016744667],[7.054514540544794,48.813704386223854],[7.051334597348638,48.84628529036997],[7.086623738193806,48.847740597072104],[7.081165552464466,48.864100481733125],[7.050249140492324,48.85934342449812],[7.044405156028646,48.87353491651631],[6.988916052470446,48.8911922591983],[6.964601688658047,48.90452526765522],[6.955547179403453,48.922319717315936],[6.978894125394516,48.93334137925148],[6.98921640979739,48.95992878867804],[7.032219488521415,48.95604910228417],[7.038359726746952,48.99687346466287],[7.05300726402484,49.00729189414574],[7.054911912536333,49.03061918771655],[7.078659891943001,49.05036062768427],[7.068107134587352,49.066879969038716],[7.103885148469087,49.074161754697926],[7.108081132396537,49.04341471828652],[7.119477346819226,49.03721652969957],[7.130505931552783,49.00459350678602],[7.174240270723143,49.006365681338195],[7.209311457091751,48.9800881370531],[7.236031367305892,48.987818615118876],[7.293949845247019,48.97157404948427],[7.326851980608823,48.943372742020955],[7.358876660684313,48.95760287154302],[7.392311568753424,48.952706941018526],[7.451630239981024,48.967962755037526],[7.479572330825655,48.96139105276517],[7.50187360937539,48.94425222519554],[7.533247825039657,48.93350273583194],[7.57839213753989,48.95740241810784],[7.591218725544888,48.993724868247604],[7.609553546221074,49.02123201245433],[7.6400276339065405,49.049114242922506],[7.635285449703197,49.0541613551771]]]}},{"type":"Feature","properties":{"code":"68","nom":"Haut-Rhin"},"geometry":{"type":"Polygon","coordinates":[[[7.198281537029947,48.31046786102034],[7.241733352395135,48.302429901416254],[7.275183721811301,48.30523478704946],[7.312654881787611,48.26854265756791],[7.324540354627305,48.245301227144324],[7.3502585424914155,48.24763679309355],[7.397985372184995,48.23250486975424],[7.408909688142275,48.224103980885616],[7.44466546317087,48.21741894982423],[7.476943375699939,48.20353668428324],[7.4675859539752825,48.16899525405458],[7.477457496315403,48.15656192531237],[7.5125346837248,48.15232225264574],[7.519368638022094,48.12611186663136],[7.577312855212316,48.12036852180279],[7.579959302676986,48.1060241628568],[7.569229918944941,48.08140103227969],[7.571623278915894,48.03037963253785],[7.605442849614272,48.00375666733687],[7.622090012011825,47.972273158282675],[7.583289971638735,47.93111867339603],[7.583517659704031,47.90164054665845],[7.556704620769357,47.87994110574265],[7.563546061062802,47.85213451656705],[7.531259755609871,47.786758092739966],[7.5322376356790635,47.768103948729824],[7.548078387714247,47.73958664484275],[7.543471717716171,47.7219511962019],[7.513752001020271,47.70281805790175],[7.522345790100707,47.662321489849276],[7.566467478798788,47.63289794133456],[7.592166196122287,47.595364230897054],[7.5847059048213925,47.57726432341283],[7.506109699820528,47.5443371916087],[7.5252484411100795,47.5198644991559],[7.507326934833388,47.5152130072166],[7.506753671499357,47.49563386052678],[7.486855374527259,47.48173332111362],[7.434560148747173,47.497929056791456],[7.422690550181342,47.484388198189606],[7.4501432999503265,47.47529024914208],[7.420293972815237,47.44542252005264],[7.380947797110134,47.431864331193985],[7.337556330611329,47.44091115313276],[7.281541911285926,47.43421552862775],[7.2462970616937685,47.4222020998741],[7.232812984772371,47.43881243982562],[7.206682632158959,47.43482071398383],[7.170823146393291,47.444351795572196],[7.18658232857427,47.491228297146144],[7.158949175727589,47.49075866687029],[7.130345969302944,47.50302658239207],[7.135819374783416,47.53646303183533],[7.106219108143236,47.55138203283421],[7.086270201422721,47.592562199657216],[7.064719544691056,47.60105755104757],[7.025415883306456,47.59267760605909],[7.004983231421509,47.61938273174142],[7.018871382727326,47.65067487496959],[7.046314752908177,47.67150171047833],[7.026487154962489,47.70099973832609],[7.0374240128839105,47.72163936009252],[7.011758808530528,47.741727719619604],[6.971172049261423,47.75268332188395],[6.940432511420332,47.77156566113129],[6.924003092082664,47.77046856849051],[6.862439977221479,47.786366479297826],[6.848453009671943,47.80186631777955],[6.846179818400714,47.822945196999186],[6.897600863366078,47.8375646687869],[6.920047718110646,47.85028746971086],[6.900213335139267,47.891191372710956],[6.927825935367718,47.90821058120768],[6.920755573390488,47.942921686407516],[6.943356419805964,47.99795794686154],[6.961410552710714,48.000261282588426],[7.001883743858899,48.0223990958155],[7.029803015827174,48.07190490436478],[7.047595780380201,48.08006166786818],[7.084162370831343,48.12921286268667],[7.058017510455936,48.13770265802238],[7.085332018879333,48.18087313160711],[7.117505784718491,48.207992451661525],[7.147824517541642,48.263892801246804],[7.159489565642163,48.268753563588],[7.172440378133587,48.29748024360684],[7.198281537029947,48.31046786102034]]]}},{"type":"Feature","properties":{"code":"69","nom":"Rhône"},"geometry":{"type":"Polygon","coordinates":[[[4.388079599211451,46.21978851671503],[4.392045244906183,46.26302385998399],[4.405813600867752,46.29606050757099],[4.458369104418381,46.29697584037131],[4.488464517812633,46.28799447923909],[4.504000511619177,46.26712967638222],[4.537259095086993,46.269909752755986],[4.557791734390365,46.294551693366884],[4.58651066847238,46.26869366799675],[4.618564521857389,46.26479290298609],[4.617019082985369,46.28062156129126],[4.6546541224676705,46.30348939899555],[4.688792316232356,46.30134017113633],[4.707543694868305,46.2846591310526],[4.679555470888074,46.25866738898982],[4.735773074768783,46.234243689563726],[4.720630389105726,46.22239538927804],[4.735252824806332,46.210851459521535],[4.7208781171109155,46.19392061792661],[4.730529789085251,46.1783721277199],[4.757472202390895,46.17225721411849],[4.780213475718984,46.176677022719375],[4.802383406855843,46.15689004179432],[4.7974461577782055,46.14070125939972],[4.74842216438804,46.092116678231136],[4.76168298760261,46.068835281873454],[4.739924532383598,46.044545739209596],[4.74583632453276,46.03479022524953],[4.754510768697905,45.972272809968736],[4.729096921230878,45.94909221230217],[4.737325990745241,45.938166671490364],[4.771751698096339,45.939227157903346],[4.7885556818887975,45.92396575312498],[4.805862172264801,45.921565090394125],[4.805177333218323,45.89632861459743],[4.8480352687938995,45.91297548186924],[4.88069852397936,45.897169382005984],[4.88382693945437,45.879994069300665],[4.909016569606379,45.87410386475139],[4.9012173780094885,45.86033670744545],[4.916119464335568,45.84545668995466],[4.918340642420571,45.80702873296715],[4.963083585101699,45.81097052424602],[5.013451311336389,45.80505705540713],[5.044790298055403,45.8117360670572],[5.101067478338776,45.81337808264365],[5.089312645190639,45.784275022180616],[5.059330594890989,45.79197852353507],[5.068368951685849,45.765473881827624],[5.093091174921406,45.766089791057205],[5.094526879742294,45.739453359509234],[5.126011929215237,45.73790916787724],[5.159431081299061,45.7088530167123],[5.131061214476138,45.7077086126494],[5.1081318769103605,45.68802493937274],[5.059543480830934,45.66509793238911],[5.058062092364437,45.65324362294234],[5.035148740524161,45.63720294798379],[5.038083762231331,45.61507172104689],[5.0047455923475,45.62311113752578],[4.997963145407583,45.60341491364353],[4.9719731415095545,45.61268302966118],[4.927527809638902,45.605706962994894],[4.901457719834113,45.606267804658444],[4.864457684448963,45.59360146128447],[4.85277784466551,45.57887851405256],[4.828114865183135,45.58789311790868],[4.808696981728118,45.5723005698916],[4.840117013694024,45.543291913290595],[4.864438371893341,45.5373424891419],[4.868481734036511,45.5234402120416],[4.8412638959614664,45.50060628572331],[4.782279555986659,45.47220452723034],[4.775917949204341,45.45421052340817],[4.756935570818616,45.45570734978024],[4.739409870606086,45.48659464798714],[4.721827573373719,45.49439543048306],[4.700228209366997,45.478251319676815],[4.661754663860458,45.486753449800155],[4.6505036163787885,45.52825095564595],[4.684974417954742,45.55444421417092],[4.672311111048541,45.5702781100426],[4.636946590180618,45.54563402439237],[4.625186588148891,45.5690598812714],[4.582929001860563,45.57473357946033],[4.568607549526933,45.583472510511605],[4.521074741734986,45.57279549516226],[4.501195680541532,45.585509531030695],[4.44944567617998,45.607317262662356],[4.440485898400948,45.62348155684874],[4.410284239143385,45.632050806327356],[4.391675108287153,45.6629035906777],[4.365920195904948,45.67115339597],[4.3738410092708815,45.7118281564325],[4.397995092909568,45.751428954900874],[4.373503657509452,45.74949633164302],[4.3493620257561165,45.77130357540371],[4.375871288793124,45.782079121045285],[4.376223580241809,45.82463846230085],[4.396210392438567,45.860049159409144],[4.357305400190197,45.867818212138175],[4.342152967764877,45.87717650941675],[4.32322164118184,45.90393193479993],[4.34541858135298,45.915369145765204],[4.34518756578921,45.928106708428984],[4.293912264205216,45.95339953385285],[4.298100713331312,45.96566297835176],[4.249195496150678,45.9953837193519],[4.300566276670547,45.99131120846098],[4.312509748657016,46.00559232184622],[4.262156206087431,46.0353981231568],[4.254288650960761,46.05273202617171],[4.285739765481103,46.05353257676386],[4.309660723089374,46.079736904576485],[4.306153355734185,46.10204949110961],[4.321566636697419,46.1292227390098],[4.361588426954295,46.13845862089166],[4.380275754005176,46.150004219111246],[4.410785750373344,46.13662430946693],[4.438590902796802,46.16787882969539],[4.395991931108271,46.18913351748368],[4.422612723182659,46.2025561207876],[4.388079599211451,46.21978851671503]]]}},{"type":"Feature","properties":{"code":"70","nom":"Haute-Saône"},"geometry":{"type":"Polygon","coordinates":[[[5.884726375202079,47.926047148569474],[5.900112413513003,47.94475092005572],[5.918042584312377,47.94735978283618],[5.918281347414071,47.9655809864854],[5.9367444429976315,47.978872441043904],[5.95951518224341,47.96583761413322],[5.937717530374109,47.95093996886656],[5.9537128429228625,47.93703033418094],[5.9707779241858585,47.95720515925631],[5.994585023938386,47.957843619961515],[6.023512782425089,47.97819459549159],[6.0411805356860935,48.004423104387435],[6.131397185816461,48.024084417358715],[6.156025724419171,48.00640454629518],[6.1523863211856415,47.99509120117254],[6.167984818891344,47.95235039236555],[6.193308012990422,47.953186926635745],[6.208333130052072,47.93959154159432],[6.237987058178878,47.93284210198345],[6.27733365541217,47.95380917897212],[6.324502244506514,47.94927719089294],[6.366159798724643,47.96194440724777],[6.43172063760481,47.94381556163065],[6.455958900669549,47.90676595953145],[6.476305388045899,47.89135525473161],[6.5421528235861155,47.90261056529581],[6.563418085973325,47.931389307581],[6.6073149335019385,47.943147742357816],[6.641076475620301,47.91580834582307],[6.643740194905068,47.90503177099352],[6.703673452230481,47.88141530820336],[6.737768277119198,47.8615661276394],[6.784821909572192,47.84962275516846],[6.792206691054161,47.830065844691816],[6.823538854548165,47.81305372458858],[6.811469860026116,47.796038470605524],[6.785629179422312,47.78207231453601],[6.757638483670512,47.747877966474704],[6.756625698295901,47.72444662113829],[6.772570902276831,47.71163343375122],[6.781911060840567,47.687677725049234],[6.776099673752326,47.668572918052455],[6.80103447418288,47.636044219886536],[6.780404771904786,47.62526070544475],[6.804959146951254,47.582108256125515],[6.80700533167707,47.562801384972],[6.797499350037713,47.5495126825397],[6.767404952407747,47.538017268556935],[6.738845896180387,47.55702322452207],[6.715410264318535,47.55291548061491],[6.670176179849052,47.55789898345777],[6.646719240296149,47.53526063805599],[6.6108754443878,47.530375696762064],[6.581373134078281,47.5439823802077],[6.568287888950471,47.53296730090853],[6.583644236898135,47.50998705821796],[6.573512260277363,47.495493621813196],[6.55356252302069,47.49279726215029],[6.534536369742796,47.50605436714645],[6.5183760537344355,47.49650598459375],[6.495895471628419,47.50568894568784],[6.475912751751343,47.49653791477729],[6.463493609157821,47.51211727914121],[6.4176533951113335,47.52107576002842],[6.3343537374171,47.50596607053227],[6.280184223466656,47.44396949481327],[6.2635413933118995,47.446113357872484],[6.256322884311814,47.42460267369418],[6.227146778558152,47.421361759224745],[6.20045182507361,47.4291448308537],[6.159315835079816,47.38763809750605],[6.118643218077476,47.39516918586829],[6.080045800270596,47.35403647497674],[6.038905360008941,47.345543807863976],[6.031152213443059,47.337818639776025],[5.979565477765114,47.32599225383308],[5.965726777821383,47.33714799401978],[5.926973317778065,47.344842696907314],[5.908850384555448,47.33130809335063],[5.860063369485741,47.31441371512956],[5.84401524176912,47.30002560772319],[5.783911882300601,47.29062859459643],[5.772794289154126,47.27839174115347],[5.732304584331136,47.2635708244963],[5.698725742766405,47.264996774959506],[5.67598472782394,47.27574753150103],[5.641087079328796,47.255902139031384],[5.602110210787404,47.26053058449396],[5.574464664810694,47.25405893079992],[5.572097032797981,47.2684421265039],[5.531653812708307,47.28437396080552],[5.518538729512594,47.30418661945213],[5.4722397259852755,47.31697205065742],[5.4927946655161906,47.33207816699496],[5.487995511763959,47.36201125941915],[5.496952532848246,47.390117858136],[5.477377417366495,47.39529212690571],[5.451397515008267,47.38406251344994],[5.432338107070534,47.438347264883],[5.406499562267299,47.4618228232386],[5.376587470082713,47.46467984209965],[5.399215772340755,47.49901418953457],[5.447063511552309,47.496253655345264],[5.471680911081918,47.527461847421854],[5.486403857432212,47.526968551040035],[5.497062180458679,47.55418172115122],[5.477547427463133,47.60872207289565],[5.425594945399527,47.63207432012174],[5.39980448309253,47.597153502136244],[5.374078595885573,47.60454165278582],[5.37317594209649,47.61838294374159],[5.405745536478159,47.646866141018315],[5.406342872021028,47.673400744473895],[5.4460337898832885,47.67077575883233],[5.482567919490752,47.684602874896335],[5.529778304397354,47.67282923798152],[5.567204936430051,47.70523436852804],[5.585005103022503,47.69979015765272],[5.596682241448045,47.67168603172257],[5.6534056633858105,47.67738242296545],[5.690079801415203,47.684838574927916],[5.684123936651815,47.711966155758596],[5.693342993991239,47.737537821735295],[5.709442412269412,47.745127245662815],[5.705093217659827,47.76911094285444],[5.679969716046147,47.769967881716525],[5.681940162654595,47.806412809419605],[5.699885101970957,47.82390335263593],[5.732629873750381,47.81759710089163],[5.746056257349712,47.82359612703334],[5.744128331452809,47.84867639845901],[5.76119123886598,47.85933449216956],[5.805624457872526,47.847311152266364],[5.851317308296247,47.905988473584586],[5.869970150074121,47.900706913078324],[5.890864473987194,47.910829841401245],[5.884726375202079,47.926047148569474]]]}},{"type":"Feature","properties":{"code":"71","nom":"Saône-et-Loire"},"geometry":{"type":"Polygon","coordinates":[[[4.1159670699158095,47.12333757652634],[4.153771215900621,47.11455697541982],[4.171903802407782,47.11744504627446],[4.187112897689929,47.133641259369064],[4.1819015999311935,47.15050500507014],[4.209834279044644,47.15541168354448],[4.235126114423698,47.14567232864916],[4.254511023751104,47.117244891665926],[4.2732057577392935,47.10846860042988],[4.349384584855175,47.09695260404792],[4.344250468382807,47.07243028540817],[4.401611638839053,47.08266237195949],[4.406283415170733,47.049999892555],[4.42831764695131,47.03978832160757],[4.453754603542757,47.04180317977088],[4.488156368101142,47.032053991768684],[4.5067016541013825,47.01322725598124],[4.554809047275526,47.02005452316086],[4.573661325177989,46.97338633863404],[4.589560484494725,46.9557070191566],[4.623230215613321,46.94082023678555],[4.650119701990474,46.94126696425738],[4.6790861065904545,46.93024007090235],[4.66452477880559,46.914160146408875],[4.685479824630714,46.90086027628975],[4.715721115401545,46.90691597166802],[4.728129651701318,46.91937462593793],[4.780547505930617,46.91818028344327],[4.7884658140953436,46.931872716902944],[4.893911988532932,46.951172459049864],[4.896071329118784,46.96624020620316],[4.927494382962588,46.96753853170502],[4.994466553308194,46.959149599506034],[5.0034065361874065,46.972143943970465],[5.049303736126251,46.98158693341567],[5.0762583071667144,46.95939003098176],[5.100252102348397,46.95598327083581],[5.1243390082418205,46.963720125840524],[5.166234471151257,46.963868398378764],[5.181859259011498,46.97482345386571],[5.222006075229213,46.988855497295],[5.255236339191406,46.97988809464049],[5.260170972283091,46.94558220686418],[5.274765609317477,46.93484664855668],[5.308497060036723,46.93735552157344],[5.306862019346935,46.92461572569682],[5.328705057646148,46.8902268196612],[5.3633777404924405,46.88326000729678],[5.390761534745653,46.89436876615946],[5.403416904275394,46.88995270444294],[5.401826175213913,46.868321923377145],[5.418370968481785,46.86028266347864],[5.4592864241149215,46.855244785634916],[5.462804105486921,46.84077447546622],[5.4488892034635485,46.82627111311263],[5.409821779763356,46.83254621337176],[5.3285860378953895,46.8129521008927],[5.3329251666131325,46.796100557884984],[5.352854015210384,46.793190147243955],[5.390414912053985,46.76783202725685],[5.366370235232235,46.75127756992356],[5.361096638423232,46.73098281339333],[5.393640625030492,46.728633357928615],[5.407751223773992,46.69588136597287],[5.395359314315539,46.68505154004584],[5.422089954439316,46.673031501871684],[5.415503039920619,46.654982421219465],[5.441107903009741,46.637540014709465],[5.417107587832548,46.61545539475532],[5.405690744011141,46.58167055755078],[5.369638182241569,46.58033249938761],[5.359203918767164,46.52256069453744],[5.384819294338149,46.51562428945251],[5.40775059526701,46.50005419367624],[5.415741925117894,46.47313865941284],[5.373305922688233,46.460100694018294],[5.3233509593207256,46.462505958303325],[5.310560613770375,46.446766420719875],[5.25581668314639,46.451923595866475],[5.215064143095116,46.46835927312158],[5.201145471995378,46.50821850614692],[5.172664602566099,46.513447365613864],[5.137248163610305,46.509322673438184],[5.107377093416356,46.49191576160186],[5.056433075236103,46.48392614751307],[5.027777929725955,46.49358075779722],[5.004307716480809,46.51041518184386],[4.935598865656449,46.514228992728945],[4.915557341962093,46.48894113481689],[4.915786922554027,46.465410523692164],[4.891817622919295,46.43991436571944],[4.8882077017045455,46.40298160185766],[4.851457022538043,46.35626925172072],[4.852756157390729,46.328199775494426],[4.831827095028622,46.29688694217226],[4.825956808265179,46.27478753204555],[4.810994882268941,46.25992151697563],[4.807756868341096,46.23696871115128],[4.7945808953124605,46.21831635025701],[4.780213475718984,46.176677022719375],[4.757472202390895,46.17225721411849],[4.730529789085251,46.1783721277199],[4.7208781171109155,46.19392061792661],[4.735252824806332,46.210851459521535],[4.720630389105726,46.22239538927804],[4.735773074768783,46.234243689563726],[4.679555470888074,46.25866738898982],[4.707543694868305,46.2846591310526],[4.688792316232356,46.30134017113633],[4.6546541224676705,46.30348939899555],[4.617019082985369,46.28062156129126],[4.618564521857389,46.26479290298609],[4.58651066847238,46.26869366799675],[4.557791734390365,46.294551693366884],[4.537259095086993,46.269909752755986],[4.504000511619177,46.26712967638222],[4.488464517812633,46.28799447923909],[4.458369104418381,46.29697584037131],[4.405813600867752,46.29606050757099],[4.392045244906183,46.26302385998399],[4.388079599211451,46.21978851671503],[4.362151387631787,46.195596184477786],[4.3157404325049695,46.17203342079279],[4.292313251311721,46.17248235017095],[4.2818305705425415,46.156597324529926],[4.257119428326002,46.157287705187656],[4.257372590726873,46.18473517832983],[4.224689888463,46.177995310819746],[4.207908679923857,46.194835796707316],[4.18453492610967,46.188021124528625],[4.188443814996147,46.17512895597164],[4.133393277727922,46.17732129820146],[4.104090700200876,46.19839492284894],[4.051958867651804,46.181688397585496],[4.0304983004444725,46.169772418692666],[3.9817875015959623,46.176336440402444],[3.972545422490283,46.20271202778806],[3.9135641774619283,46.20692040053432],[3.8901323277345172,46.21449064143864],[3.9094002908986636,46.25772625699907],[3.8995333931893303,46.27590543921817],[3.913568325901341,46.29667714620525],[3.947724671420121,46.303449323036666],[3.9501794500141676,46.32060215408413],[3.9866257932147806,46.3191937873956],[3.991608290169238,46.36963488772235],[3.9772154801510964,46.399224593839804],[3.996095243061049,46.42738316091883],[3.988140931065446,46.43545798547263],[3.9980416518372484,46.46546757106011],[3.957937642803863,46.48975562185932],[3.9189689867502246,46.49606391967711],[3.8904705648097098,46.48125092995184],[3.861780077410741,46.492069790934515],[3.864628432284858,46.509716167248044],[3.839759641886244,46.51756472437794],[3.8340059039329697,46.53113227681354],[3.8017563441985818,46.51989955458826],[3.767456276915371,46.53900905290684],[3.741846977514427,46.539511127662195],[3.731542528360726,46.54958181729057],[3.743101843011838,46.56549988100001],[3.732377738592808,46.60491072152218],[3.7138789586356697,46.613996147529015],[3.712149662452129,46.6336280503392],[3.6969523102437005,46.66058216583623],[3.6689793976266167,46.67350816429054],[3.651395777587073,46.70281985671478],[3.6379005417614154,46.707208771712054],[3.629423683496518,46.74945902193754],[3.638852795875816,46.7414291297393],[3.6764513769021243,46.738863704610445],[3.73619002089105,46.75247120098576],[3.783666045566592,46.736048122663426],[3.797329518692337,46.70150263714515],[3.8260957715927075,46.70391953563021],[3.8446585970830824,46.720902226508414],[3.886217784502878,46.72736946397975],[3.9268461357095314,46.73932209846788],[3.9632215617966824,46.76602786916393],[4.033374685377483,46.787597067958394],[4.062709832615211,46.78936469128212],[4.056234450174584,46.843272376735854],[4.10088702370378,46.859107279954316],[4.093851364443379,46.8747343332292],[4.063541781254885,46.898637142134945],[4.047930985015345,46.899770705295666],[4.037221978317054,46.91815560684184],[4.055716129773101,46.956751483000446],[4.039401951235417,46.98511001230653],[4.014415061270238,46.97247440888245],[3.9951563121844047,46.9853110258271],[4.0314701513696285,46.99832730189447],[4.054940156290852,47.0126839142093],[4.0565135025792305,47.03590917660347],[4.068333453149657,47.060849772300685],[4.038726355028209,47.08001003428516],[4.06142733788571,47.121041664100176],[4.093453790716921,47.11837533659616],[4.1159670699158095,47.12333757652634]]]}},{"type":"Feature","properties":{"code":"72","nom":"Sarthe"},"geometry":{"type":"Polygon","coordinates":[[[-0.05453120471342586,48.382003457815514],[-0.04462899093295152,48.379755379925435],[0.0033707584170527497,48.39598744941706],[0.020988775959532427,48.38019902542899],[0.06252414284954447,48.38302768487248],[0.0686800642491165,48.406668571805646],[0.09917026625350714,48.41035346558878],[0.11624508246972709,48.43555379652284],[0.1513148609685129,48.43722944549019],[0.17216701037378906,48.46478849710128],[0.18981014616858835,48.46189487699406],[0.21796784681891437,48.4738014493765],[0.30023976976312095,48.480570774759265],[0.35577910790038714,48.4582196404425],[0.38155707814654405,48.42516246095979],[0.3717304119271855,48.41045271670545],[0.3831416441494548,48.35506581259146],[0.3826045470591668,48.33382739375671],[0.4062188750511576,48.31462381799055],[0.4313327796769827,48.30663773892564],[0.48757228180388706,48.307800269630285],[0.49456203378441577,48.28681219277962],[0.5303066115723511,48.265500468342935],[0.5359730618565085,48.24984731423508],[0.5791940330516644,48.24436715365327],[0.6236114391567086,48.24531365157172],[0.6531564634145168,48.26370008686643],[0.6754723126802372,48.254743451079044],[0.6954713879467597,48.236330986094266],[0.7236370295054257,48.198143278755104],[0.764084678712686,48.181597068873735],[0.797655838494225,48.19445221754921],[0.8367739335625146,48.166991974853865],[0.8619836907733601,48.16682130452495],[0.9116186783263119,48.14886135015183],[0.913802022562964,48.13512781830264],[0.8525696983122546,48.133605674559426],[0.8412172317044129,48.10306240932052],[0.8430226369432118,48.07264184794484],[0.8011883732648392,48.0715172542445],[0.7975514233427093,48.03724057968432],[0.8405346727531238,48.021049640847735],[0.8323705747596303,47.996592919852844],[0.8186564019800159,47.9892543363892],[0.8376537080820077,47.96869214349436],[0.8454683997304765,47.9413323536207],[0.8171444727137281,47.93447148791446],[0.8091382962389404,47.91066255080899],[0.7805065684044099,47.91037691407999],[0.7573343557395469,47.8911737517487],[0.7745788175007324,47.83968729513432],[0.7452461943264459,47.82624263074177],[0.7248506777855144,47.79889099623824],[0.6512736394121261,47.75525397111593],[0.6207093570907236,47.747478130583154],[0.6116040970811059,47.728130849502094],[0.5805178732790718,47.71232800971273],[0.6144311990931555,47.69421364605317],[0.6148109083098767,47.682749216116356],[0.5847693599955615,47.66857981952678],[0.5599236683507411,47.67081925112141],[0.5446201655241357,47.656594675363216],[0.5168171483414108,47.6548633763592],[0.49841790772099426,47.644762985249095],[0.45663070361835445,47.63882641156769],[0.449927725905683,47.619326961976206],[0.4239064036884163,47.61782807903746],[0.396250654091774,47.640846063055804],[0.36465541592168343,47.62601597769362],[0.39696475621012467,47.59398591871484],[0.4025770030261876,47.57851243241093],[0.37848363992659617,47.568525933307754],[0.3395858922127171,47.579470515833165],[0.32305499229698215,47.59299821090531],[0.27798986367452727,47.59737754800952],[0.2592506238809073,47.61225007215638],[0.2300017263531844,47.60839829191704],[0.1857971097487886,47.61573515835152],[0.18492077212499186,47.599519723895675],[0.13984161379263732,47.59111878052602],[0.11568518986526223,47.60572820554534],[0.05165930848592442,47.606515201700375],[0.01704033105751261,47.62110138156107],[-0.004507638464452976,47.64768842379034],[-0.05468293127308542,47.64842261886652],[-0.07177191841107244,47.658369330035505],[-0.1075909106103418,47.65528707795732],[-0.13610057418750457,47.634067825440376],[-0.15714474625449978,47.64556263174295],[-0.19315724780649848,47.6479165803738],[-0.19505682505367974,47.66137704033336],[-0.2201912638722686,47.68962152946947],[-0.20031003076883538,47.69468965521296],[-0.1823177464697087,47.712899554202],[-0.20237319489976208,47.7252424835264],[-0.23897070389904987,47.704236533845965],[-0.2867043357584838,47.7193267262097],[-0.3340636977656885,47.72116613990195],[-0.3749413527409204,47.739263349746885],[-0.3817032700427246,47.76056283993387],[-0.3754332123417834,47.76723904317632],[-0.3882005825686289,47.80531865639091],[-0.43408017720781095,47.80905444470248],[-0.4478589178811479,47.832216379452724],[-0.40938712543111205,47.858367062871636],[-0.3743813069594822,47.85830770196427],[-0.37698156137550093,47.887202712966676],[-0.40516479150867374,47.89292797578798],[-0.40710509590818,47.91084268048501],[-0.39622906190687696,47.92596685050878],[-0.37509534291502034,47.93272853592671],[-0.33832856883634976,47.93101420361583],[-0.2953214951501512,47.944001512102375],[-0.2826331784456301,47.958191807392794],[-0.3160042679648186,48.00526279935535],[-0.3399323890629896,48.01160216696548],[-0.31721069812097374,48.04509335726533],[-0.27144577462211034,48.06524304546605],[-0.2309424436035576,48.058985357486335],[-0.22496575471956115,48.0740005169816],[-0.23852128063613662,48.08512943952702],[-0.2164164207043083,48.11373479657783],[-0.25380835722539496,48.13652925202679],[-0.24992127138834272,48.157106805241526],[-0.1989536608764294,48.17827619579444],[-0.14683706738655639,48.205008919837425],[-0.14518119273289676,48.224233621433555],[-0.16095933457080433,48.23880560928454],[-0.162366087633251,48.26001034242559],[-0.13808698398432823,48.2934339795153],[-0.15462051452709383,48.31399248085133],[-0.15624187430084163,48.33878308965111],[-0.1322639799404977,48.34367891800192],[-0.13797809431803487,48.36135559567944],[-0.11216445619965741,48.37424593844257],[-0.07781568991642306,48.369011884149366],[-0.05453120471342586,48.382003457815514]]]}},{"type":"Feature","properties":{"code":"73","nom":"Savoie"},"geometry":{"type":"Polygon","coordinates":[[[6.802516663522652,45.77837197402193],[6.808418511070923,45.72515343860933],[6.847748586989986,45.68937749599125],[6.906506784191486,45.67456031820136],[6.902142336705646,45.663739451343055],[6.934608837460737,45.64709230917702],[6.966679928899032,45.65406247996058],[7.000690534148291,45.63990159437462],[6.98785713700158,45.62484030507284],[6.977853982998437,45.58988711838748],[6.995382953276822,45.57564160818661],[6.9915063165642675,45.531275223900984],[7.005311787943923,45.51709673862955],[7.000331708478394,45.504417196582274],[7.04452030151899,45.497242723763186],[7.045847872850837,45.478350392863504],[7.0997891354009095,45.46943936219543],[7.113516455211971,45.43419468733109],[7.152242832761182,45.42319920873864],[7.1842747748936695,45.407480631519924],[7.165149366142358,45.383396585908265],[7.161662218042757,45.36245350123881],[7.137734008933981,45.35080736839848],[7.134719719291083,45.33124412917526],[7.113617028522963,45.32868608867201],[7.121796569398171,45.296222432254126],[7.136428084679232,45.28079531076303],[7.137753498643515,45.25686099638962],[7.106506545205386,45.239259844510855],[7.067342157688226,45.21008321740584],[7.051179482821824,45.225331224056454],[7.019992318063418,45.21587387777123],[6.965752237821794,45.20795099681965],[6.954190330678925,45.17961083467822],[6.930266678221192,45.17096314110703],[6.895349577041668,45.16846478638608],[6.884108906250159,45.15674060434921],[6.89437780212641,45.13736971507668],[6.847887829330167,45.127201835901765],[6.812274904701698,45.14835683817089],[6.767947891773147,45.15974332272096],[6.738956139264719,45.13683144319859],[6.711286195179388,45.14475992733128],[6.680067352474279,45.14012497136189],[6.672462233861758,45.124412299122746],[6.6299873381374725,45.1093269281999],[6.615550094957373,45.12147775227429],[6.57653069592537,45.12309720037721],[6.55601396596344,45.104195104315984],[6.529708447474563,45.09856919735164],[6.510979894458294,45.10875068557236],[6.480384256020366,45.09079271505677],[6.486234598441578,45.05607309559144],[6.451799595532319,45.05172052616644],[6.438596097282185,45.06258355349038],[6.393914586674507,45.06181851097421],[6.364877554955543,45.07017079687575],[6.373529600716985,45.08414824428705],[6.362935515883446,45.10449356656247],[6.3312977067397425,45.11812379084807],[6.299216785815758,45.10855211143577],[6.260566197557925,45.12684791386632],[6.265373167502132,45.139612058658614],[6.248933790379999,45.14966269770901],[6.227710427654607,45.142718202360385],[6.189207693158913,45.163732283277994],[6.16131722681015,45.151009138334466],[6.143789597164076,45.15455037021851],[6.161919245441667,45.188407230805964],[6.159477588169717,45.202453059383735],[6.125696481423486,45.244270268835855],[6.140875621531491,45.261921460435985],[6.131944929909637,45.288287215984546],[6.160203556675586,45.31249020082116],[6.1844503207792245,45.31794850760671],[6.194758976954228,45.35224190534863],[6.177450938299202,45.39316148783122],[6.144660957447894,45.41359714609229],[6.13250773126349,45.43338472055341],[6.097443053810049,45.43210624582376],[6.090976636521003,45.444017712369956],[6.049753851710852,45.43791952965108],[6.008517618674313,45.45384805163827],[6.010911085643492,45.4732028948577],[5.991189721035916,45.47515424577151],[5.966169653050879,45.49230872138139],[5.915370443544101,45.47644734987887],[5.92551858695235,45.46607303539041],[5.9205757281996165,45.446107810736585],[5.901623412018766,45.41803604702067],[5.909619159426924,45.3904002917266],[5.891004502554541,45.39221582440636],[5.8797384015593375,45.406796712103805],[5.854272829475331,45.41656686156957],[5.820296539907869,45.421184335243574],[5.782081150720109,45.44065533936711],[5.740104011811925,45.43734623286918],[5.731970000928497,45.45281667211181],[5.73637233564262,45.47254042424704],[5.719054346580329,45.48422397831694],[5.71223316468065,45.505057950484435],[5.690155380407807,45.52805094541753],[5.671709636036369,45.53657315102359],[5.675167496407929,45.552447358553074],[5.623027366443004,45.60428439343032],[5.623748035268078,45.61326832676418],[5.659528303353562,45.638682809874865],[5.689187102194641,45.64850161239945],[5.687058475150925,45.66816731077608],[5.708336503736496,45.683064766572876],[5.704119379498135,45.710926329459184],[5.756676853365063,45.70873356110276],[5.783495254205752,45.74431423922736],[5.77937453777779,45.76217553185385],[5.786777683247082,45.80940611504179],[5.80366973107069,45.85558153164841],[5.8285402770414905,45.909296035615355],[5.831226413621035,45.93845957829322],[5.862101395990038,45.932402294861824],[5.869091534260767,45.886864468450106],[5.878940328529421,45.8597615070083],[5.873592999113487,45.842776979480114],[5.913222470309635,45.80414050655359],[5.962785346309549,45.81273546653543],[5.980956213671225,45.795577042949866],[5.973931864683397,45.77494633416943],[6.010784848574594,45.75008827465721],[6.042951856542115,45.73909560438109],[6.0527168183887685,45.748591125666145],[6.082884373383685,45.73997499672517],[6.127911958348486,45.75170259298121],[6.142900945398585,45.76151435802781],[6.178383991605425,45.74715464474954],[6.19554810502904,45.73233087617837],[6.189464060829947,45.70250157434257],[6.231653819459301,45.7027499445204],[6.239679907775353,45.685404763162595],[6.279888236747214,45.68431276833579],[6.3048306731057115,45.69329913872337],[6.328722589989684,45.693028041590736],[6.383851558657904,45.77805529558221],[6.424911859192457,45.80352244063008],[6.444801213660523,45.84550566374783],[6.470572561574056,45.8846919017355],[6.493715031750103,45.88999988497013],[6.514771172368506,45.90441808486001],[6.558675044419775,45.8930927712201],[6.572913173369461,45.87755381109516],[6.56843309482083,45.86317365422438],[6.539525002903797,45.86285738025596],[6.552237633503553,45.82687986970037],[6.577214777368843,45.81657207430024],[6.601732972495579,45.795419923318136],[6.661011726554582,45.799100632035966],[6.688825113135432,45.77134869370408],[6.686145373112389,45.755327050482464],[6.6987046073815275,45.743259542342656],[6.691927026555463,45.72680454299077],[6.711951361097394,45.72291924893507],[6.74001337439419,45.74561033697647],[6.755509936266976,45.76635254534395],[6.802516663522652,45.77837197402193]]]}},{"type":"Feature","properties":{"code":"74","nom":"Haute-Savoie"},"geometry":{"type":"Polygon","coordinates":[[[6.802516663522652,45.77837197402193],[6.755509936266976,45.76635254534395],[6.74001337439419,45.74561033697647],[6.711951361097394,45.72291924893507],[6.691927026555463,45.72680454299077],[6.6987046073815275,45.743259542342656],[6.686145373112389,45.755327050482464],[6.688825113135432,45.77134869370408],[6.661011726554582,45.799100632035966],[6.601732972495579,45.795419923318136],[6.577214777368843,45.81657207430024],[6.552237633503553,45.82687986970037],[6.539525002903797,45.86285738025596],[6.56843309482083,45.86317365422438],[6.572913173369461,45.87755381109516],[6.558675044419775,45.8930927712201],[6.514771172368506,45.90441808486001],[6.493715031750103,45.88999988497013],[6.470572561574056,45.8846919017355],[6.444801213660523,45.84550566374783],[6.424911859192457,45.80352244063008],[6.383851558657904,45.77805529558221],[6.328722589989684,45.693028041590736],[6.3048306731057115,45.69329913872337],[6.279888236747214,45.68431276833579],[6.239679907775353,45.685404763162595],[6.231653819459301,45.7027499445204],[6.189464060829947,45.70250157434257],[6.19554810502904,45.73233087617837],[6.178383991605425,45.74715464474954],[6.142900945398585,45.76151435802781],[6.127911958348486,45.75170259298121],[6.082884373383685,45.73997499672517],[6.0527168183887685,45.748591125666145],[6.042951856542115,45.73909560438109],[6.010784848574594,45.75008827465721],[5.973931864683397,45.77494633416943],[5.980956213671225,45.795577042949866],[5.962785346309549,45.81273546653543],[5.913222470309635,45.80414050655359],[5.873592999113487,45.842776979480114],[5.878940328529421,45.8597615070083],[5.869091534260767,45.886864468450106],[5.862101395990038,45.932402294861824],[5.831226413621035,45.93845957829322],[5.834025839734275,45.972026538215985],[5.809643351753076,45.98979960381866],[5.812398928975968,46.02398062317354],[5.806996561909532,46.043829800018194],[5.8114184967701625,46.07842009259869],[5.832300912634432,46.10599585856304],[5.855667958392184,46.08676688670444],[5.883180329915085,46.08491752032048],[5.8924200086063525,46.118482302607056],[5.922266804802187,46.13147760862653],[5.956063159932633,46.13208943594269],[5.985318105052286,46.14330892189844],[6.045529778815728,46.139907519306156],[6.052041801049772,46.151402672290395],[6.092465663697645,46.15175991441013],[6.126624627901115,46.14046081078615],[6.175072377878081,46.15814989960168],[6.185975362523726,46.178176058241256],[6.235977428314406,46.20654881404464],[6.277369983407964,46.21561016581553],[6.310110099309942,46.24370059763195],[6.307272725570715,46.255436556730494],[6.267633620497312,46.247839839653885],[6.237797813525851,46.2773342585167],[6.246790968617458,46.30206938671207],[6.277022020836744,46.34891543898281],[6.303735764913311,46.36625941824085],[6.3446765942166445,46.370013560347886],[6.356956142429217,46.35266345709143],[6.3900361566872315,46.34016563406088],[6.411592280204707,46.35839568319258],[6.468499886776638,46.37242442527263],[6.482856165126304,46.39192443764463],[6.513071711513262,46.40478840307281],[6.545175304790926,46.394727359364545],[6.588092394777118,46.402317999643515],[6.635060415534961,46.405770576746406],[6.722868985320351,46.40755389780494],[6.789802754759155,46.39291791721357],[6.806217638297463,46.38037206259825],[6.770617080369467,46.35489783286797],[6.784482072903341,46.33270290819052],[6.820345178565179,46.31437668901683],[6.829983705845801,46.300043050711345],[6.864509851829647,46.282990769883504],[6.853894399067287,46.253761843433864],[6.839925738114553,46.248239017516546],[6.80366083421475,46.20434524954354],[6.81194009872822,46.18337761562343],[6.792040848027208,46.16290288539592],[6.796535034034799,46.13861879772074],[6.814732162900611,46.129696461365214],[6.898381393099358,46.122562070394075],[6.883845122673671,46.09579681990079],[6.8914542235903005,46.08449157208838],[6.872633110865425,46.05204817296112],[6.888329552883717,46.043116914092494],[6.924513948824021,46.065193804450395],[6.951511564566567,46.04995609942393],[6.9846850080843375,46.00654353554806],[7.005830810542592,46.00054972582734],[7.022720712338816,45.98029457159881],[7.017978490745711,45.96034701964026],[7.03720423287911,45.95472134951176],[7.043890107046439,45.92361818207322],[7.020983385199974,45.916194082670756],[7.0031519124087716,45.89782921384603],[7.00536167353659,45.88435235390808],[6.991719912014907,45.86819987209143],[6.951037365261489,45.85954131063136],[6.939604939153821,45.8467321064224],[6.895100845805131,45.84259632779018],[6.8736072885923845,45.84549967424515],[6.818885778420616,45.83620281158613],[6.803991136344079,45.815853187486255],[6.812719976307191,45.808021694582315],[6.802516663522652,45.77837197402193]]]}},{"type":"Feature","properties":{"code":"75","nom":"Paris"},"geometry":{"type":"Polygon","coordinates":[[[2.416339717281352,48.84923827340741],[2.4622646327720443,48.84253748930953],[2.4626974524261254,48.81905707868419],[2.4384502049151475,48.818235158647155],[2.4006819201840903,48.82909612370583],[2.363949262797974,48.81631512383787],[2.3318953139887446,48.81701271305569],[2.2790573794463054,48.83248998498127],[2.2242245702250814,48.85351605360998],[2.2317363464837308,48.869069480870024],[2.258472586492028,48.88038999464371],[2.277487004862913,48.87797011937597],[2.319884458526643,48.90045886733916],[2.385151006972503,48.902007792208785],[2.4139437894422056,48.87082877761242],[2.416339717281352,48.84923827340741]]]}},{"type":"Feature","properties":{"code":"76","nom":"Seine-Maritime"},"geometry":{"type":"Polygon","coordinates":[[[1.3815511365583815,50.065766690242754],[1.4092601958562414,50.057074130391825],[1.4235954957723689,50.070850716019166],[1.459145908803628,50.062499063196654],[1.4521908437935025,50.04023194047863],[1.4933078848725079,50.01773775805818],[1.5165885660526253,50.011616580757526],[1.5269495769722599,49.99657729204429],[1.5738945679765357,49.973919004055446],[1.5940134659800094,49.94905060798451],[1.6784506742272387,49.91813416149145],[1.6932905136148655,49.895599170378354],[1.7102228122571477,49.889310195824926],[1.7373868163547241,49.808208553760934],[1.7579353611352482,49.78079816556512],[1.7838370588623413,49.75830750106765],[1.7416263242274626,49.751633772466256],[1.7454557068129848,49.73856265789178],[1.7196883349196141,49.730467625863746],[1.7154681056064667,49.70860435289633],[1.6895758821118119,49.694785646260954],[1.7045143422610263,49.68092631423977],[1.7339504969080488,49.69920938045457],[1.7521846819353237,49.680957188725905],[1.7252046142437358,49.67263435960493],[1.7088335612864556,49.64638148474686],[1.7216075786347382,49.62199032398025],[1.7057508157515966,49.60621127470416],[1.7147813730167585,49.576405140938526],[1.7298338150528105,49.56129313430964],[1.7271846205611596,49.54162647589022],[1.7478873461630975,49.537734307389876],[1.7192326604453187,49.50822302010686],[1.7508109914810421,49.4953034048916],[1.7718644061411502,49.51284827349518],[1.7902240900460897,49.50346919449449],[1.7741127542848931,49.48629204874629],[1.775862453037976,49.47132557760213],[1.7474339115753832,49.45944834208184],[1.7229968419974309,49.43391580233039],[1.7139375433100608,49.409224988863485],[1.6593030583878112,49.39898608539559],[1.6210669431541742,49.414378158641135],[1.6069566095899943,49.410854416858434],[1.576136831058076,49.43973886640559],[1.5283196177789204,49.44198980558868],[1.503549409663381,49.43807237615207],[1.4771860122081044,49.45132697219684],[1.378499108777362,49.45742638657252],[1.345233363898118,49.44805852414145],[1.3353971000652705,49.43371952908696],[1.3096318834456244,49.42873257275235],[1.3080682780467234,49.39535659061039],[1.2931900574437356,49.394994727671126],[1.2860248038650488,49.36318319072627],[1.2721366387570638,49.346289233389804],[1.1990286032008088,49.35080528187691],[1.1602558424773857,49.3419941567295],[1.1359587366778499,49.32511330683783],[1.133993537971445,49.30984205819146],[1.092924014464112,49.30997367751731],[1.0482359283696867,49.2966707056018],[1.0644211959188252,49.28193243229649],[1.0540696575756032,49.26810664758745],[1.0133166256832071,49.252262976528414],[0.959487909604523,49.28612972876709],[0.9366215857125476,49.321701430518324],[0.8924955592567678,49.303062511451586],[0.8915316720257209,49.31656133415404],[0.8622783261742117,49.32742242737676],[0.8662303093667536,49.34231160512299],[0.8875928951071438,49.34591517415329],[0.9214023473164947,49.33855254623689],[0.9181193706199334,49.385460584535736],[0.8853214512018548,49.38352473329317],[0.860851622884771,49.39535013278994],[0.8265612311602684,49.395044519606806],[0.8035289901620026,49.41664937662084],[0.7736557882409092,49.41808160502643],[0.6652914150341133,49.40200234791148],[0.6597835439594861,49.41617560182564],[0.6341203993784739,49.43446117824468],[0.606260846591224,49.428697933243775],[0.5790634674462867,49.43507202120442],[0.5249403531988139,49.47786858986832],[0.49007688558798895,49.48360764057147],[0.4315314440644818,49.45895529203515],[0.36879599400345847,49.44396615809678],[0.33898282435946164,49.440931306061266],[0.3393207094305681,49.449868831628415],[0.27314284372297987,49.453414579238974],[0.25680101789478893,49.44632740649414],[0.21769675248147502,49.45296251103499],[0.19246414594061223,49.45146267347711],[0.12124538314126981,49.46319090812617],[0.09027197399997772,49.48238083770633],[0.0869152117239871,49.50142956453898],[0.06955005489894274,49.50639804169097],[0.07493125272583377,49.53633203458849],[0.1067376725391497,49.58349804620551],[0.1358703018889327,49.61860240605246],[0.1545347165457159,49.648642302677665],[0.16422682078283132,49.6864622352224],[0.1916018630620729,49.70633817691035],[0.25070045477776937,49.72314244472515],[0.2832559477463974,49.736576618509304],[0.3204248903804176,49.741454635143654],[0.35491793407269084,49.75501019348861],[0.3653124690043182,49.7657533954537],[0.43342979790476643,49.788116116429364],[0.5227583029442804,49.82453411281469],[0.5729399803584807,49.84972067059468],[0.642036660341264,49.86418779498403],[0.7061281802579872,49.87233770484798],[0.717770959544887,49.86976975035244],[0.7909714215080401,49.875752899331296],[0.8325742104597927,49.889609850179305],[0.8746626207569893,49.894680673456534],[0.9297893305630467,49.90673400517858],[0.9631874837108031,49.91985755151356],[1.0200465393294824,49.91610987649026],[1.106143977580899,49.936747669981074],[1.205890918797349,49.97349908694593],[1.2464603482064156,49.99528129594621],[1.3324241305696787,50.047123771141564],[1.3815511365583815,50.065766690242754]]]}},{"type":"Feature","properties":{"code":"77","nom":"Seine-et-Marne"},"geometry":{"type":"Polygon","coordinates":[[[2.571660318442073,48.69201409164602],[2.5688040564289847,48.707222628077005],[2.585211502726328,48.727239448802735],[2.5854093346308815,48.74171196622536],[2.607003437584154,48.77439762384403],[2.5922804883088015,48.8074366758147],[2.592517689219438,48.82587446702569],[2.568103791053846,48.86594445401019],[2.5870340052947016,48.893952959629644],[2.592341722831452,48.925023616614034],[2.58930360616549,48.953762745338985],[2.5717986314833206,48.96867398285449],[2.580314053373102,48.99158952144207],[2.55306064485419,49.0098171174389],[2.547651942231624,49.02344674891678],[2.587858904546535,49.04990157898905],[2.572031573014404,49.06149045194861],[2.5905242793946224,49.079654846732424],[2.633272965218076,49.10837621896302],[2.673154178752123,49.090859401094306],[2.7067286108537023,49.06571610231719],[2.753551034147009,49.06074104171223],[2.7870683167938073,49.075272380356054],[2.7918669791571764,49.090224385649144],[2.845152480122472,49.0846582975852],[2.8560893422319023,49.07003394285967],[2.8949540105299616,49.077060509386286],[2.9015078805206906,49.08537404257291],[2.974612129302612,49.07483790651457],[3.0085155429257675,49.09151015780461],[3.0483639955943445,49.086321770811566],[3.071884293834167,49.117554218816146],[3.1039032023368676,49.10783847337312],[3.1361260876735515,49.10736575572267],[3.16523032905892,49.09965085798759],[3.1535840813505853,49.08328424779814],[3.1818268776645002,49.060865198640144],[3.1682883590774806,49.01667270236993],[3.229176905886298,48.98841784600257],[3.2518351589230496,48.97236625695047],[3.2678460373508416,48.938331129104206],[3.3047494707754015,48.94876427894454],[3.3130758740800688,48.9212163651494],[3.3302994547269797,48.908706088642376],[3.3663472431751384,48.922836905893014],[3.3828132392962247,48.88874725594759],[3.380474508825688,48.874761432854626],[3.404630766733507,48.86387236235099],[3.452232416190477,48.856291455303484],[3.4607105852412756,48.83944139457446],[3.4851874436586847,48.851908494372864],[3.484964362562067,48.82500976544345],[3.4321733352035433,48.81226134369876],[3.442913938608982,48.78618495446326],[3.409426927872636,48.78384005486431],[3.395834526122342,48.75925128896011],[3.4302049079731773,48.756874901226034],[3.4443842525897947,48.73668491350176],[3.4697275479340295,48.73786507384338],[3.4643028353269045,48.707377209765006],[3.4693877334848082,48.68643581459289],[3.4406134906014127,48.6636539025972],[3.460426313142606,48.65300999879329],[3.5174997752390147,48.64336703334491],[3.5190711976645597,48.633474580141225],[3.5556137492385345,48.62028467657408],[3.5038535314822115,48.6048091344709],[3.4975003134409723,48.58995747369995],[3.4655161591022283,48.57048567886506],[3.479607557239746,48.54471109171053],[3.4591902801865113,48.53074024476159],[3.4234423807070566,48.533562692399734],[3.4053980660358945,48.528012199625785],[3.4348599344666386,48.49751072268098],[3.388359827890943,48.480408300039215],[3.4064783284931712,48.4524502326185],[3.3919598867876517,48.424322153455364],[3.422082006455869,48.413341906536964],[3.4147915595010967,48.390273038820325],[3.3833187883415756,48.39970860491622],[3.367217075047188,48.39431654152582],[3.3651592673815314,48.37228068710627],[3.305153213312036,48.37287323488759],[3.282397556791885,48.37751802756359],[3.254382220567969,48.36502185965591],[3.232843707551971,48.37032930740775],[3.2018573040530143,48.36401635870226],[3.1398687617633554,48.37259875797597],[3.0988849903520745,48.35782222270563],[3.0495188960927044,48.36012035556557],[3.036760677253472,48.34009779475704],[3.041677936242915,48.329416667963116],[3.015901008416285,48.3079017396547],[3.043627253848888,48.27202235761227],[3.0051556578134635,48.20767000034546],[2.97446503722382,48.20555285255294],[2.970958045601008,48.194187673485665],[2.9347486048838207,48.17882262621194],[2.936314411640624,48.1633917441478],[2.868032820232008,48.156433549044586],[2.8208799789852854,48.12966447731962],[2.7978126665223124,48.14068615599144],[2.7989445730680167,48.16827665010273],[2.7414685556447598,48.15977844911796],[2.7551983055667155,48.145653478490786],[2.720460981753342,48.136910896310766],[2.7065470696044738,48.12481924580505],[2.6634205012712795,48.12220248073456],[2.6397338993017683,48.1388605931352],[2.602684217604197,48.13148889808521],[2.570562642830993,48.14081569138084],[2.537506945660482,48.14033979679666],[2.521518685158647,48.127300215727736],[2.4903153051303115,48.12660259180864],[2.460116447222927,48.13685254342551],[2.4832376593500602,48.164518230078265],[2.5063270278885916,48.15643757520199],[2.5093663344872534,48.18250926382449],[2.523126693688509,48.19489310648136],[2.5068882455094257,48.22598658432872],[2.4690901704508605,48.255272821570486],[2.452518016092004,48.25003251288878],[2.4237635277023717,48.260297326582666],[2.4210918870276967,48.298668261849855],[2.402664267131608,48.320719459421184],[2.4255796854392964,48.33725297618987],[2.4298322285044196,48.362015783117755],[2.46921772462766,48.37645004114287],[2.5216135704659886,48.404932172570405],[2.527461927309532,48.4157156753841],[2.50765489240467,48.429543907057045],[2.501886311020425,48.48476669856557],[2.51535674995086,48.50615222035927],[2.49952467433224,48.52523904800114],[2.5198364478476627,48.5625203315344],[2.5182770284128475,48.5832577878723],[2.543776514406961,48.60384977114558],[2.5258433805130944,48.61310782203827],[2.53361600680745,48.65733138882678],[2.544818846722052,48.671181815072785],[2.585373689362236,48.67939805001862],[2.571660318442073,48.69201409164602]]]}},{"type":"Feature","properties":{"code":"78","nom":"Yvelines"},"geometry":{"type":"Polygon","coordinates":[[[2.200591009269503,48.908679329890454],[2.168378401515456,48.8950779335488],[2.1528691414227357,48.87333985214219],[2.1458733412695294,48.83602003450691],[2.1515778037276103,48.81702039834037],[2.1766744128227886,48.81380509870073],[2.1829398770998654,48.7972269838604],[2.2026350450801604,48.798403323102875],[2.2265593271545225,48.77610203162176],[2.2027216574242257,48.771358218371454],[2.1820096609166937,48.757573640869396],[2.150675004182983,48.753712115449396],[2.1349798974354277,48.737139276053675],[2.097999010182745,48.73436502883337],[2.1103326928214208,48.714381141190366],[2.0820789629661083,48.68544592956703],[2.0456590375105823,48.687570739614664],[2.0178852678544255,48.64224227868909],[2.0602445240702307,48.6175941143781],[2.034508920154608,48.603498748150024],[2.035741451799255,48.58886342431221],[2.0172296562124665,48.56946047379915],[2.01757406029729,48.55759738742344],[1.9787832030076382,48.553654167165384],[1.9378872442847588,48.562931040710545],[1.9340684230182927,48.54810690246857],[1.9674261909808515,48.53307136184394],[1.9460308303104135,48.515862147920664],[1.933377950693106,48.482146422725215],[1.9149145708790403,48.473854949789406],[1.9221489648373706,48.457600286064135],[1.9064022701801788,48.44014576962788],[1.8716851573650342,48.43978475842447],[1.84486306037181,48.4493607065379],[1.8321369890615689,48.467581442678565],[1.8032057888939028,48.472565678495286],[1.7768442507697113,48.50931096191216],[1.775751488475668,48.52770729661422],[1.7872450519775867,48.55374456486673],[1.7653297161980415,48.56937104099974],[1.7092527874670105,48.57802434626235],[1.7019890546581085,48.58499862181419],[1.714895681919355,48.61439494545783],[1.6662188615195896,48.613706715891],[1.651574528306872,48.63812870428749],[1.603118482168126,48.66241796207503],[1.6117708691618606,48.68947111646258],[1.579545829918285,48.70181187348942],[1.6263993499269267,48.748094297484094],[1.5875947031508344,48.773602302755286],[1.5756742260519878,48.7905067944881],[1.5912030850964909,48.814869639400584],[1.5772685877162862,48.84436076548629],[1.581598875031263,48.85499897015231],[1.5462315883376268,48.87242890235984],[1.5595052783343866,48.88205164409549],[1.5385208308731109,48.90668492167043],[1.5386150005667363,48.92179645733065],[1.5073440226070087,48.927598989147334],[1.5015238197988665,48.94105360615515],[1.4974212515808907,48.97955944476306],[1.477085024550759,48.978790316157344],[1.4770779834042216,49.01679764336922],[1.4577625828067995,49.026291046220386],[1.4474328265726297,49.04518805211747],[1.4607983669865394,49.0627440580796],[1.4848834480593345,49.05154791492779],[1.5380423840651944,49.072342033316],[1.5570756944651978,49.06962240086733],[1.6017185942276444,49.08450261108525],[1.6087960706299218,49.07789415353795],[1.6455144472390726,49.08139804743355],[1.6736891270071164,49.07815117318431],[1.6937298328462178,49.056950122989164],[1.7234571618642331,49.04497657550691],[1.7596265233069017,49.06332287848212],[1.7942998843096216,49.058190360814926],[1.7965466896679247,49.072232197890884],[1.8300339442296272,49.0754853922552],[1.8653368480003796,49.05724562325274],[1.8513341928477542,49.03336315145782],[1.869115159435854,49.01823530435844],[1.8912257485830386,49.03927754626276],[1.9124689805854491,49.041836823035794],[1.9378021652564328,49.02177632637227],[1.9918815520004978,49.0210106286694],[2.02340791218018,48.99794435218925],[2.084914920835882,49.014678714910325],[2.127119946587909,49.009678482150534],[2.1207126230627655,48.99330122057494],[2.154931342389435,48.985723515837904],[2.175542212320485,48.97240487622723],[2.17723226175586,48.953657461253236],[2.20585834678071,48.94974074221645],[2.200591009269503,48.908679329890454]]]}},{"type":"Feature","properties":{"code":"79","nom":"Deux-Sèvres"},"geometry":{"type":"Polygon","coordinates":[[[-0.8919599503022404,46.975817849607864],[-0.8559224678754487,46.979084161484536],[-0.7875770887198819,47.00513718237798],[-0.7619520119905745,46.992139886795954],[-0.743365629187983,47.00070367813692],[-0.7156396951065868,46.985502313803366],[-0.6758343487736584,47.00172199082605],[-0.6438716820428597,46.99351589442817],[-0.61568293448452,46.99293402227639],[-0.5654683969778376,47.01942614381194],[-0.5555783931772565,47.04353316953107],[-0.5595318719263807,47.06188673077478],[-0.4953402437613724,47.082385217708435],[-0.46269733093798004,47.08192636562548],[-0.4642554478540593,47.06757786350008],[-0.42854910796633194,47.07271663479802],[-0.4007795061579299,47.07077103460959],[-0.3834553981375389,47.08769862856716],[-0.3579271504355597,47.09365187822681],[-0.3414640153397548,47.08733467869207],[-0.2879290635736671,47.10144071067538],[-0.2415379484520476,47.10572466544675],[-0.20250740252740007,47.09583787535414],[-0.1848398275184138,47.10833699690516],[-0.1521214820209298,47.10085428544302],[-0.178486598699701,47.0697670558895],[-0.1476585466148043,47.069854366674875],[-0.12838002979815127,47.05442990559355],[-0.10212095637964737,47.064797190818005],[-0.08113082448484565,47.01267677238524],[-0.06675773993609899,46.99387700352016],[-0.038153345460296736,46.98939008519809],[-0.044186809693518486,46.95837119466449],[-0.022215929347250134,46.938478291692846],[-0.009032410299882686,46.90747700605923],[-0.027263869318720418,46.87992322868147],[0.02561539858266648,46.85287480114874],[0.01660746491547145,46.83496346394018],[-0.007773096486773423,46.84747452695961],[-0.04568987388716529,46.83210506753766],[-0.020316336069380297,46.812653925006536],[-0.02232550667364259,46.78961529950765],[-0.014979708609133745,46.75637013577674],[0.005731121087621784,46.75454225312974],[0.03826535834799053,46.73158052408886],[0.0007042720140891931,46.71623331657764],[-0.006947998344661607,46.68290982229758],[-0.040426190194721524,46.66371702380725],[-0.03338532562574275,46.65364917507512],[-0.0653244004897615,46.63246151135352],[-0.026547974206768066,46.62886079422371],[0.0031057671136598976,46.61079878720693],[0.022854639746489266,46.614530685176334],[0.020058959008376207,46.58512799711242],[-0.008022109474557896,46.567543137522954],[0.007895566679664658,46.547974321223606],[-0.007157529433821307,46.52327699327565],[-0.03135125528751674,46.52498101941566],[-0.04230359002464692,46.470028260342126],[-0.01707071907246923,46.47527516260208],[-0.010457661947033809,46.44881280383021],[-0.017092824348942416,46.4113223945137],[0.00026572855997630953,46.392018635848565],[0.02069664723879619,46.38800352143432],[0.03421997901294537,46.37349679947992],[0.013846004253531347,46.35706042377505],[0.029657077300027247,46.349192346191],[0.03250915440256327,46.32782028737164],[0.07821800902702593,46.304933538922825],[0.09780469789926086,46.33079981164575],[0.13759784994026253,46.349395182700974],[0.17523938179388834,46.33181773874165],[0.16956912209813432,46.31018694492532],[0.15218685361085643,46.30314888540674],[0.17232027940044886,46.27860128086839],[0.15955968591576844,46.26656979483444],[0.12883677213786587,46.26723154899869],[0.14344160353379778,46.230114587841406],[0.11343152573440447,46.21220922906378],[0.1076952133925229,46.1861301320678],[0.13793977146169878,46.18084966362293],[0.1551113740904502,46.157168244596924],[0.1870636693943682,46.14851197384494],[0.22035458351339557,46.15799975349338],[0.21492180826491483,46.13884556432992],[0.19108384573574536,46.112280833588024],[0.1973535052161626,46.09555004152969],[0.17785565005004553,46.08330780134647],[0.13568666816811367,46.104047924067046],[0.09965289984710943,46.092923144255636],[0.07297225926176307,46.09389590958497],[0.01927278461702518,46.05284782935696],[-0.031995293425440136,46.05592180291526],[-0.02144724431586948,46.02887152321493],[-0.04551950280367589,46.02062123975871],[-0.041431040823060886,45.993479981490964],[-0.10293687953014707,45.969659985237946],[-0.13686284675087984,45.97896246180592],[-0.13816141787435107,45.99651797265895],[-0.16338440604219345,46.010154472823466],[-0.1614029897771452,46.034632694780214],[-0.18913173505260444,46.026141171108804],[-0.19462930058574468,46.044380369324465],[-0.2129646707291253,46.04409636271024],[-0.2730277009301873,46.05731156087075],[-0.28173430941987637,46.07975377766763],[-0.331053750782718,46.08255183868407],[-0.36273280893098575,46.07554208376435],[-0.3719662136104232,46.09346535716146],[-0.4014506800441788,46.08424772978497],[-0.42250549768348417,46.093907520969715],[-0.49096917294552705,46.10827096658701],[-0.5331548006606286,46.139721552287604],[-0.5469968076890201,46.14422952781575],[-0.6199574101252711,46.137752754570535],[-0.6284055467115421,46.16098350805028],[-0.6553901462423457,46.16995289669758],[-0.6848825769982527,46.2004519742498],[-0.690715475013079,46.2192025056982],[-0.751461997484196,46.24507022173624],[-0.7358896726556473,46.26687597846039],[-0.7498018188117581,46.28684613695955],[-0.7504755422947275,46.30425879436195],[-0.7219129656364313,46.30237450310386],[-0.7201500047099074,46.31489050090406],[-0.6973310699310054,46.3250900125706],[-0.6722725322460164,46.3162191658117],[-0.6482532698392601,46.317144430298924],[-0.6366035278644262,46.337591841879316],[-0.604945148704239,46.34715238390407],[-0.6032466407115049,46.36146637541298],[-0.5618089129416993,46.35974018410839],[-0.5378004980121098,46.38646546545568],[-0.5660555377589854,46.39308485800112],[-0.6101772466297536,46.41373600220488],[-0.6208833834377796,46.390455794535654],[-0.6406445679433723,46.41622924515597],[-0.6368414296493504,46.43230561509176],[-0.6187762241263333,46.43885619623182],[-0.6159660718681671,46.46157045085021],[-0.6250321267782425,46.49748332134845],[-0.6451962418895167,46.50856915270028],[-0.6245399718190973,46.529723883887414],[-0.6021285989587045,46.533280547788735],[-0.6067041276726987,46.562332081853285],[-0.6245653646005823,46.57739763355232],[-0.6119040829758216,46.5883080542103],[-0.6270238350693782,46.60565028049541],[-0.6141139330666167,46.62039039102903],[-0.6341929952870002,46.63738600695415],[-0.6375207590786917,46.662275660644845],[-0.6807382103871169,46.686802029507525],[-0.6561893352875896,46.700774642460914],[-0.6688837671234614,46.717234169266845],[-0.7001491562174191,46.735799391945754],[-0.7273121698337293,46.76763245445797],[-0.7088363450612226,46.82106096053443],[-0.7328576209101574,46.8215002648331],[-0.7816473761536221,46.842828501140936],[-0.8152783793677632,46.87936123351067],[-0.8321833934652019,46.88454160082127],[-0.8170418725493785,46.903983682599055],[-0.8291443983745105,46.93336473376701],[-0.8519389677391533,46.94650472324497],[-0.8729898783606566,46.94434766819017],[-0.8919599503022404,46.975817849607864]]]}},{"type":"Feature","properties":{"code":"80","nom":"Somme"},"geometry":{"type":"Polygon","coordinates":[[[1.3815511365583815,50.065766690242754],[1.4538812244610173,50.11032909893485],[1.4827841768786612,50.17236969475436],[1.5124381763701704,50.2017063700377],[1.5484320471199113,50.215221918674395],[1.5961991412319396,50.185500707511935],[1.6274102918028155,50.19000238393702],[1.6733457406347452,50.17468159487083],[1.6837994282613178,50.18302974967859],[1.6626698233214425,50.21359776854474],[1.6225022082629057,50.21514839669941],[1.5936030011622346,50.24428749653274],[1.592228280418861,50.25645840166426],[1.5493076277829827,50.260405655281644],[1.537947734772934,50.282668474589045],[1.5509358115042569,50.350323301735024],[1.5713354866487355,50.35845399700039],[1.612971621673763,50.36029378076435],[1.6415439209955993,50.35215320244089],[1.6707155098465678,50.33101039989745],[1.739453874214164,50.35457494026503],[1.7787842601942672,50.361866180722075],[1.8051005697505793,50.35956479028979],[1.8313070764668689,50.345521376961486],[1.8725624158329885,50.332203345380606],[1.8759231954314028,50.32174642503478],[1.9180007470953697,50.31177877534881],[1.9381301712408916,50.33010048991117],[1.9587947410604334,50.31226469090631],[1.9364041762807813,50.30146908295568],[2.0032288628275974,50.27038408348767],[2.026446120500165,50.269546075893764],[2.0561495866960637,50.25515840313268],[2.0857138282832497,50.20100753303517],[2.122580060921799,50.21070523924823],[2.1602439796705144,50.195073090929476],[2.17414784189994,50.20889796150714],[2.2173374639794026,50.21748679591506],[2.2458060345105704,50.211701863441725],[2.269796498169412,50.22880955959933],[2.3012047633367585,50.212864087760096],[2.3404952021137726,50.2293253960828],[2.370204907638782,50.20977035832257],[2.3814020747034625,50.22558671136131],[2.4054762905102116,50.234029470791484],[2.4524037722545233,50.22617450808976],[2.4852044166964613,50.20779089755312],[2.4956903275727766,50.19456202411803],[2.4511824235732345,50.17870118824561],[2.4148458534849215,50.17310955154985],[2.3897770566865675,50.155484821444404],[2.3923866280005646,50.14534070022987],[2.375459692531332,50.109251478562726],[2.4145079258525888,50.10064240686793],[2.4296578345647766,50.0881849283962],[2.4501350913608073,50.12440021874914],[2.481495194281265,50.13816938510139],[2.514949343300702,50.140811614698116],[2.53247243497901,50.11502396682772],[2.557055359846941,50.14204829791205],[2.579246199237998,50.128556557952706],[2.5760198137336725,50.11341281005766],[2.620114035740686,50.1111233231505],[2.633413606035314,50.100835661500284],[2.6918325946042887,50.09172778717194],[2.729579928321446,50.125953038257606],[2.7633488151068777,50.10996516360832],[2.781835790362261,50.09110348945762],[2.742546612593098,50.04823137136034],[2.763122932751498,50.03863557102141],[2.7889640682343506,50.045311213953525],[2.807546851114983,50.062415585560984],[2.857843650412817,50.07739311900277],[2.87653264314694,50.04217932424792],[2.917155076234358,50.035710799347],[2.9444810700691098,50.05347379150127],[2.9787858100327975,50.04636219278302],[3.014439323479967,50.059152788811005],[3.074492199997738,50.04529954091121],[3.090253620620082,50.05374055513492],[3.117562382696325,50.027670727516394],[3.1729557922769542,50.011311964972776],[3.1613946355055402,49.996049271243585],[3.1768373814163575,49.98520439643777],[3.1515239055114135,49.94267027284344],[3.117968662907868,49.91427637798353],[3.1200543249509205,49.88428837261846],[3.0835290437648006,49.86638777885566],[3.085506495983628,49.84381936000555],[3.0558889248241528,49.83168131148238],[3.078694114076548,49.82241521578422],[3.0859749674446215,49.792016685972655],[3.0627453563551175,49.78264211542407],[3.0937519856623417,49.75705197896964],[3.1184031553047866,49.705968560150744],[3.0629504716788527,49.71256910166192],[3.026158602863713,49.680298029261905],[2.989594629116647,49.70802042057901],[2.9495143470656977,49.69065965176808],[2.915712813038834,49.70267238896688],[2.857260670232296,49.68366758301244],[2.843350258918428,49.65852651008911],[2.8007055089354633,49.661447402253124],[2.7897685778094523,49.638092566661996],[2.7980938007575653,49.61811251953584],[2.7709877504026585,49.61435313605804],[2.7395572131560577,49.626924487224116],[2.687556334287926,49.62475309433038],[2.671248956542555,49.59858674592385],[2.670723151725744,49.58141197178741],[2.649628562594336,49.5717641083625],[2.6299442784590084,49.58032399470266],[2.62379591221486,49.61023030743844],[2.5970251802580453,49.61168115170793],[2.571493337841171,49.59708062701416],[2.526732085722268,49.62940041323432],[2.506120221148308,49.63500671034503],[2.4781226406322063,49.620790233933015],[2.4456566302700073,49.65297898416902],[2.409702695719323,49.66099609376744],[2.3708606973518425,49.65635328949203],[2.337642942746636,49.66900004753446],[2.3157256235726433,49.689753026308125],[2.2850923978754705,49.689388245191964],[2.21756318128915,49.70246959323254],[2.156484137758264,49.70211563032466],[2.1214097069260887,49.68807409174484],[2.103494780498011,49.694736883916796],[2.05989780108139,49.6948752492932],[2.0267681801791118,49.711310876188165],[1.988919892649775,49.709402970462676],[1.9332098221662726,49.719629963489474],[1.8938643249004963,49.69898823076106],[1.838108169073818,49.708425628485685],[1.836736935686628,49.74011542093402],[1.8089798932395025,49.754332476868704],[1.7838370588623413,49.75830750106765],[1.7579353611352482,49.78079816556512],[1.7373868163547241,49.808208553760934],[1.7102228122571477,49.889310195824926],[1.6932905136148655,49.895599170378354],[1.6784506742272387,49.91813416149145],[1.5940134659800094,49.94905060798451],[1.5738945679765357,49.973919004055446],[1.5269495769722599,49.99657729204429],[1.5165885660526253,50.011616580757526],[1.4933078848725079,50.01773775805818],[1.4521908437935025,50.04023194047863],[1.459145908803628,50.062499063196654],[1.4235954957723689,50.070850716019166],[1.4092601958562414,50.057074130391825],[1.3815511365583815,50.065766690242754]]]}},{"type":"Feature","properties":{"code":"81","nom":"Tarn"},"geometry":{"type":"Polygon","coordinates":[[[1.990170712650344,44.149452563484346],[2.029696407495935,44.15703749613199],[2.0273876177134555,44.16774670708074],[2.0593768473509186,44.17228332636406],[2.103007805822088,44.19236177915484],[2.1495172687755666,44.20027523558509],[2.1565521534572882,44.179860441662186],[2.1752849884595378,44.18101099006862],[2.191149664017209,44.16226251594439],[2.206941568452062,44.17128000270773],[2.2376135766415715,44.15862580829351],[2.2006096765756986,44.144878675424955],[2.2396498479355507,44.13445411470232],[2.2848803617727818,44.145334610005946],[2.2906506734219882,44.1246789196839],[2.3236392435181563,44.12468040684526],[2.3577385466562726,44.10155549627926],[2.400758251634245,44.083536917635314],[2.4102102719432614,44.05584863724648],[2.4600622206958023,44.05135361527231],[2.4634612069785837,44.034971712792114],[2.4827654912259214,44.02626238773467],[2.502131799597772,43.985509672089385],[2.5247925967526887,43.978086506867584],[2.520624718664867,43.962390454422454],[2.4993471763625212,43.950586257731224],[2.5377898856336207,43.93373704382359],[2.556301019312927,43.918667347684455],[2.5504866871867202,43.89654064032313],[2.576682228818769,43.881724244386106],[2.5653040807171466,43.86779348986836],[2.564162540693876,43.84133108872312],[2.5971439125173483,43.81904107424546],[2.62921204804682,43.78033346795367],[2.681730402635996,43.74351491586531],[2.7120947274866287,43.74265456414404],[2.7376382481956725,43.729149343592226],[2.781560489408381,43.73708398417332],[2.787648251453773,43.75205159727044],[2.813673557986314,43.76171872931414],[2.876569254236284,43.740391576832444],[2.9211070453325663,43.736113678075654],[2.924979718909465,43.70722262668568],[2.9354629666803715,43.69466778518887],[2.9190783288815148,43.68754825993107],[2.9197089782492416,43.662246071066406],[2.9073523053079366,43.65422802689393],[2.8159272603949876,43.64006590950408],[2.7948588118902697,43.62443489640862],[2.754523557193863,43.61413878643581],[2.7202035511311102,43.645368462055636],[2.6446987288829193,43.65454190899258],[2.6286278265574405,43.610128390915975],[2.614324097727256,43.59922725257067],[2.630666452845948,43.581990495056836],[2.615607192520078,43.56663335506618],[2.6556293418118515,43.526612299085116],[2.6549053505045195,43.496865365205636],[2.665159813486489,43.46562405590211],[2.6404157795956293,43.456170094886865],[2.6083131770094083,43.433261066263796],[2.5657873980365586,43.42295974410401],[2.5192241258183463,43.42357280473514],[2.4968524565426087,43.43693032075721],[2.452244714182291,43.43185573872313],[2.4331017858919792,43.43517605493275],[2.3951180854863265,43.4183086163608],[2.3113690047501163,43.441551364653506],[2.282011032773141,43.44122586946259],[2.2648019643127553,43.45354440574296],[2.2441052741816327,43.44588047377504],[2.2220362066137076,43.42780221311405],[2.2296639061851096,43.409449060674696],[2.2150238714414177,43.38350522654672],[2.1877030879041897,43.393901845464775],[2.171612173004611,43.41555236920325],[2.1092766429079504,43.39455364359396],[2.0708019369201476,43.40639420952169],[2.05313408767619,43.430200497980316],[2.0291328387973606,43.43689796484212],[2.0138097404810105,43.44990469289765],[2.0181412825331915,43.47035021960434],[2.0482899751352006,43.48572590288188],[2.037543768971243,43.50685651452312],[2.015050754536418,43.5043691931112],[2.0102344593980876,43.48184918070482],[1.9899972756684245,43.47746968529684],[1.9560763206968899,43.494064073594906],[1.9169530392384777,43.501607534442506],[1.893376989480592,43.511429254268904],[1.8804140168444965,43.540315043888405],[1.850708886716764,43.54928175630703],[1.8494522810871268,43.56754406011732],[1.8334565523038187,43.57823452761835],[1.7794523688032238,43.586981588268245],[1.7639547679681267,43.603570939255114],[1.7450478782076964,43.603462190630566],[1.687771093611741,43.63070037401986],[1.7056013351461534,43.65256600106776],[1.7308693816067124,43.65775037692843],[1.71671390955716,43.68932470041024],[1.663572654706257,43.694057655631546],[1.6689046629721764,43.70425646859944],[1.7072267665260739,43.71239499211101],[1.7000226658018673,43.725322579061185],[1.6499189090514812,43.75186514404521],[1.655698865700349,43.76426648219855],[1.6424989428665737,43.77836778877496],[1.6447876270393125,43.80025749535743],[1.6264959472746285,43.80130658412972],[1.5902324934871344,43.81453310403227],[1.593170425533653,43.843138372370525],[1.5725847390862493,43.84880231415562],[1.5595369144011864,43.86612807085979],[1.5604448006284883,43.88193633936389],[1.5466741254835874,43.90227582964282],[1.5556171726831822,43.91831715512138],[1.5744028028209767,43.91999510793722],[1.5688025856988956,43.943198531782116],[1.5391789751184526,43.94610094085612],[1.566776744212795,43.96532381568133],[1.6127153523350066,43.95906662893657],[1.6208860145318815,43.97931453686908],[1.6503200088773333,44.00970081509553],[1.6713878275979381,44.01064280343677],[1.691390036568917,44.02434074044874],[1.7042082044268858,44.04435014147369],[1.6928507235679002,44.061263774222766],[1.663698631036224,44.067293948046974],[1.6692525822909714,44.0897935292734],[1.6531212588113546,44.09644666319218],[1.6589585652250582,44.11641211601676],[1.687249576121949,44.11145262454695],[1.7064309387658185,44.117360786594475],[1.7637387132353881,44.107940426275455],[1.7699612205027875,44.098072774451964],[1.8061153359121302,44.126377351181155],[1.825515829990398,44.10797185179575],[1.840515979784208,44.114288575980986],[1.8305641028040827,44.131618758275124],[1.8600956113709224,44.14291167180455],[1.91928917399122,44.14138672306297],[1.894363466379432,44.15555865721924],[1.9196921618272453,44.16294029634055],[1.9470531745397543,44.14670665841298],[1.969528164610802,44.14268050879639],[1.990170712650344,44.149452563484346]]]}},{"type":"Feature","properties":{"code":"82","nom":"Tarn-et-Garonne"},"geometry":{"type":"Polygon","coordinates":[[[1.0640838318649115,44.37851326503539],[1.1067222137699213,44.39234711511698],[1.133750630714704,44.39298864277138],[1.1274427936033644,44.37298221773624],[1.0935208798901315,44.365961836772776],[1.081222945573455,44.354384743572695],[1.1134152586304344,44.33885107169266],[1.1219514922437734,44.31674824624536],[1.159346881110355,44.3106276809867],[1.1957883877382156,44.281420540652135],[1.2379955233318247,44.27589295439949],[1.2680258772309094,44.28148431232658],[1.2978031763342432,44.29486040345977],[1.304059855892509,44.26295931081006],[1.284277976591082,44.25174919798396],[1.2842650178929034,44.23519209123777],[1.3179163572182218,44.23295776845425],[1.3437890556280911,44.22428502732317],[1.3567953753702289,44.204016861252555],[1.380368119687147,44.22485773308437],[1.4535628583819051,44.25411881791156],[1.4531769569737827,44.26735663623184],[1.4732207948805132,44.28421134803531],[1.4951499133483663,44.27109950643376],[1.5096978064892344,44.27344945044928],[1.5290793065479253,44.235377109638385],[1.5417577750229903,44.22781299250401],[1.5752251099432597,44.23873127310143],[1.5872537911119244,44.24900550804784],[1.5707268227394882,44.30150251962804],[1.616906636210223,44.297528790899236],[1.6156813561412897,44.27840070659787],[1.6422791348823196,44.270774261083055],[1.6516207663148532,44.286805806785146],[1.6995029158165784,44.313814281404504],[1.755361660673192,44.325821897882314],[1.7745395287661794,44.31236243680847],[1.7918320747165322,44.33342155767223],[1.826465277116675,44.32358769097796],[1.882082857535903,44.340065248844205],[1.8594609109987437,44.320378858719295],[1.880911316974408,44.30347685224885],[1.868779185952882,44.29203687124151],[1.901390505373501,44.27911646341682],[1.941087860705048,44.28241377562342],[1.9704438024330744,44.276436279434016],[1.9594126927401139,44.241188828077995],[1.9430651280544025,44.247586110602526],[1.9049135238032417,44.210214643984514],[1.903654339982968,44.19375585363767],[1.935140495123965,44.18136455834765],[1.976683004728593,44.17992355171282],[1.977057759324639,44.16258114075737],[1.990170712650344,44.149452563484346],[1.969528164610802,44.14268050879639],[1.9470531745397543,44.14670665841298],[1.9196921618272453,44.16294029634055],[1.894363466379432,44.15555865721924],[1.91928917399122,44.14138672306297],[1.8600956113709224,44.14291167180455],[1.8305641028040827,44.131618758275124],[1.840515979784208,44.114288575980986],[1.825515829990398,44.10797185179575],[1.8061153359121302,44.126377351181155],[1.7699612205027875,44.098072774451964],[1.7637387132353881,44.107940426275455],[1.7064309387658185,44.117360786594475],[1.687249576121949,44.11145262454695],[1.6589585652250582,44.11641211601676],[1.6531212588113546,44.09644666319218],[1.6692525822909714,44.0897935292734],[1.663698631036224,44.067293948046974],[1.6928507235679002,44.061263774222766],[1.7042082044268858,44.04435014147369],[1.691390036568917,44.02434074044874],[1.6713878275979381,44.01064280343677],[1.6503200088773333,44.00970081509553],[1.6208860145318815,43.97931453686908],[1.6127153523350066,43.95906662893657],[1.566776744212795,43.96532381568133],[1.5391789751184526,43.94610094085612],[1.5688025856988956,43.943198531782116],[1.5744028028209767,43.91999510793722],[1.5556171726831822,43.91831715512138],[1.53278908620992,43.92135227933209],[1.5233234997345355,43.90360072658564],[1.4907818788063523,43.888997239785134],[1.47466252365823,43.90211274166312],[1.4529636675835562,43.87502936555188],[1.418934148647794,43.87135534680213],[1.4086035229055638,43.88264557304525],[1.374917030255939,43.8843365489393],[1.349235626213503,43.871655526938696],[1.3626018809802545,43.85723006032639],[1.2965943993985685,43.847335316271405],[1.3137064308190725,43.8322272891667],[1.328030911759578,43.83816349035954],[1.3572704568738654,43.83369324204132],[1.3600316395881045,43.81720012311376],[1.311084838455899,43.800602295519234],[1.2676345847416235,43.79377274514794],[1.2666508924183946,43.78318101448264],[1.2192055591403763,43.7707867235541],[1.2161233635195094,43.791159600168356],[1.1798084884492999,43.7952937589264],[1.1577904338124643,43.81838124698653],[1.126079238294049,43.80959552989913],[1.1124096388582891,43.79707276987681],[1.0808172102613443,43.81306583616325],[1.0591319349426427,43.798594472191574],[1.0361954975370666,43.804232715802144],[0.9910444477374416,43.797045697236534],[0.9777987859720318,43.7864397525409],[0.9539831166064948,43.78737246570886],[0.9225087136116431,43.792160090217415],[0.9016078422827867,43.803642278388125],[0.9258616635111263,43.83162570191422],[0.895421911527158,43.840341795321024],[0.8994393128667493,43.86469845813272],[0.8834946132400759,43.87525629317644],[0.8898495576086674,43.90333223113469],[0.8635672395335378,43.923563445790464],[0.840062943234885,43.9163310081733],[0.8092979458979879,43.9323016655978],[0.7706960292642194,43.92228348891115],[0.7601497122296061,43.945349940213774],[0.7845407712528714,43.9558047755343],[0.796774360578817,43.97561613750477],[0.8277030720805598,43.99957154660625],[0.8136473846848539,44.024906180353696],[0.835544710660537,44.024621299340474],[0.8578678740058554,44.03490133585646],[0.8273513279716257,44.05525093595275],[0.7640478940656028,44.0296390768852],[0.759648653180342,44.049474350183324],[0.7418847912050018,44.06519923501575],[0.7384290025794918,44.07517631749729],[0.7540526324371263,44.10494098314301],[0.7962434549004299,44.11513490164438],[0.7950995188269604,44.145608667033],[0.8204870205722198,44.143244018566314],[0.8687736555079509,44.1263296946747],[0.8884779694239573,44.14877042878723],[0.8722443454179576,44.16786912488895],[0.8535753263369856,44.17496072438758],[0.8596865515735523,44.19273721850749],[0.9051836940209331,44.19731593132676],[0.9292392370345569,44.23025011826531],[0.9190898187097761,44.238270029336576],[0.9504654080705977,44.274984882924066],[0.9239584511688518,44.28869614788378],[0.916429926804432,44.30219542177865],[0.8951266314063179,44.29679206245922],[0.8696283736168164,44.309384546367944],[0.8961131685671826,44.34622833470228],[0.8873307771559802,44.36637485759437],[0.8982100442421902,44.381369123534306],[0.9199180731590045,44.384149730804495],[0.9500583334266814,44.35976314594097],[0.9806308033981536,44.35841947585265],[0.9960831328157144,44.36864294446829],[1.0498031510072285,44.36263857861528],[1.0640838318649115,44.37851326503539]]]}},{"type":"Feature","properties":{"code":"83","nom":"Var"},"geometry":{"type":"MultiPolygon","coordinates":[[[[6.4348048599912655,43.01553967859008],[6.455204193482509,43.02681414026909],[6.470219113787291,43.04517281781743],[6.489595213255647,43.04264656574441],[6.4698423857502005,43.01636834554753],[6.4348048599912655,43.01553967859008]]],[[[6.397097505711295,42.992801581371666],[6.382674546492372,43.0122950539356],[6.420662735426035,43.01371293579736],[6.397097505711295,42.992801581371666]]],[[[6.244070723660419,43.02003990146341],[6.250456907741955,42.999405471017184],[6.2086721858280045,42.98337897719049],[6.164093203064464,43.001486581994094],[6.178205964056932,43.008378995767266],[6.201680276206104,43.000832977469685],[6.244070723660419,43.02003990146341]]],[[[5.753650891000443,43.72462222505303],[5.757332977582704,43.72940911375532],[5.781343238677484,43.75565738832376],[5.8278752703448715,43.748065843473604],[5.849146371217722,43.72025525749223],[5.901533390582641,43.73289106389851],[5.903517180339531,43.751432620885154],[5.937716232260396,43.75023611335413],[5.937998300025333,43.73057120981495],[5.9564454360651595,43.719401124766904],[5.98543773624429,43.71396312876724],[5.987939406703312,43.69505659267458],[6.005007067617743,43.68778786403108],[6.021735021476141,43.66827944245308],[6.039033980651841,43.67892716093395],[6.036131813943926,43.69416334085516],[6.077305911948532,43.70817081210753],[6.1036091865345306,43.73722227951302],[6.140796857826169,43.73769553098114],[6.182886008281907,43.76217559136371],[6.188517764066482,43.776267312514086],[6.212407106246491,43.79839605677458],[6.254215459954332,43.800433718328094],[6.262893011516566,43.781882078680276],[6.3267516313932,43.74662594026461],[6.356960735074889,43.73636766488724],[6.3835404106739695,43.73442775895217],[6.413483066219063,43.760360418472196],[6.4144280526034985,43.79159445843418],[6.4388083985564,43.797745193516654],[6.482076253327453,43.791074426311035],[6.52476198332243,43.80636597788804],[6.558904687579015,43.7841955441722],[6.585317018818273,43.80050767551297],[6.619973007874097,43.80550530861199],[6.636395800176684,43.788950567095455],[6.657423432162916,43.74871807004049],[6.682708528326925,43.757936848433445],[6.70139956454595,43.754068906503676],[6.719415853332108,43.7381403462073],[6.753535969205428,43.73816698047835],[6.766592784345339,43.720212010988675],[6.774352202435761,43.69341283496426],[6.7608013983957,43.66648795918856],[6.782299387537954,43.65415726922716],[6.798740654261999,43.62818033606127],[6.812859360304176,43.6305052559662],[6.838776771755721,43.613611496756825],[6.8879265318112735,43.60741263064278],[6.908012993627823,43.599079187946934],[6.907175687871982,43.572966433750736],[6.879542001080731,43.53535761950226],[6.89638230847014,43.5271599958737],[6.884230099335205,43.502535727819215],[6.933726236453417,43.480068010885034],[6.922885490828145,43.45174387541975],[6.905141154857869,43.44535017666573],[6.891803829527237,43.428580913728375],[6.857004426913538,43.430474860535256],[6.858844544234777,43.414799720326116],[6.826767053167243,43.41737073152947],[6.782764730332782,43.409442320887486],[6.766270052682748,43.42375280812916],[6.733704630154437,43.40559793735444],[6.732003206721381,43.38946313855496],[6.714335229285594,43.36790695222178],[6.7099565741085065,43.344596635575606],[6.6800297271705,43.340297041676884],[6.665952517510404,43.3182163655059],[6.583869079366629,43.27730467434808],[6.58599194489557,43.264474487305584],[6.6206975135955615,43.26419875103567],[6.639850874222042,43.27423471176637],[6.662119995811744,43.26490893551231],[6.677311623765608,43.278791964313584],[6.697137390126857,43.26639912327035],[6.690285120903589,43.25444947454634],[6.663579906038083,43.23804248633585],[6.6697773834987,43.20593681234112],[6.6424608658713495,43.185044777871894],[6.620225523392656,43.16070781744534],[6.591926740934735,43.18547932186572],[6.556403062532188,43.188079368186806],[6.495595304956187,43.15114513174647],[6.459406427232955,43.155878063276724],[6.4051625531535405,43.14899847503375],[6.368717778683196,43.13697275788714],[6.359759637416901,43.119904470727896],[6.365822239355368,43.08894493070752],[6.332512727498749,43.0910972881653],[6.316672182510005,43.106169850809124],[6.274938809272962,43.12074293872334],[6.24125248602693,43.11390300424902],[6.20808289628789,43.11644424038581],[6.1802726418863445,43.10699799522913],[6.1604467571254595,43.08929067476381],[6.15001613157217,43.061260557512185],[6.157072005051721,43.0283622233928],[6.116717634954243,43.03924175451086],[6.131609970477635,43.04800821003079],[6.125902358634685,43.07753538311637],[6.076465121556624,43.08694321993878],[6.031440047836645,43.0774733246304],[6.0234687473310835,43.09480782262938],[6.006259832558937,43.103984285718425],[5.940943551094233,43.10775854379546],[5.9206305576319345,43.12390905489088],[5.899891552467621,43.11317366571534],[5.916526116114346,43.08566056570662],[5.871977255950896,43.06810192056182],[5.8574626666009255,43.0466186792423],[5.828809918694244,43.04936457422897],[5.804564531287972,43.078284936751075],[5.813898362790477,43.107129005014066],[5.773153880321081,43.117608445363594],[5.781006228280267,43.13093301699203],[5.725850946491633,43.13652712230804],[5.719019910025584,43.14727450998757],[5.694880043308294,43.14358778681909],[5.671875005699277,43.179268786904935],[5.683909137465821,43.23605829449104],[5.738053338597997,43.26234879905431],[5.760928945485899,43.26733799967126],[5.749842102092498,43.289268158207484],[5.726600840963344,43.317355354807546],[5.691040375926617,43.31296284082202],[5.6805714198425825,43.320567749059826],[5.686454243837883,43.34018809721801],[5.705025402908448,43.35591845372619],[5.694566647112354,43.364397692972155],[5.682787396731936,43.39915686931637],[5.724430347442292,43.408873853719896],[5.749995488821414,43.40151212758493],[5.786515741534922,43.41454030725915],[5.750365813842735,43.43483686058608],[5.729497620866793,43.4649455181253],[5.698802592390258,43.48217012690398],[5.716142493328895,43.50429675245373],[5.722822019697228,43.54816058741321],[5.695815693323289,43.5621406925523],[5.6692574361600405,43.56473259595678],[5.655965226280003,43.57740113848914],[5.691599302975247,43.58442798717338],[5.681084297973491,43.61251583703795],[5.7002276041895055,43.64171580606343],[5.744798262971254,43.65677840759107],[5.799061112603831,43.66051789095841],[5.803458345470844,43.67967259461735],[5.782188925366387,43.70688803457204],[5.753650891000443,43.72462222505303]]]]}},{"type":"Feature","properties":{"code":"84","nom":"Vaucluse"},"geometry":{"type":"MultiPolygon","coordinates":[[[[4.892909784975503,44.36481842003465],[4.906627552610216,44.37409911682911],[4.918515009368784,44.40778504385655],[4.963297700567191,44.42193444899826],[4.988609946346962,44.42320030980228],[5.013305911983339,44.405345557740354],[5.015759498726315,44.39276614596861],[5.048760348502809,44.381234267021824],[5.052014293962954,44.364659059368094],[5.0270075535733945,44.362835342005326],[5.023291388686099,44.34594820774989],[4.978583367650993,44.297463038388315],[4.922149021948395,44.30878294851454],[4.8894629809408325,44.30401919301177],[4.881629025271996,44.32487165610533],[4.89532799567956,44.33806148358807],[4.871546699824252,44.349624687939915],[4.892909784975503,44.36481842003465]]],[[[4.649223666100485,44.270359865010946],[4.653469115901898,44.302095538489496],[4.6506150134375535,44.329805791511276],[4.679025302617316,44.32048933622703],[4.720123840256769,44.326714895236336],[4.762251228111598,44.32538168266028],[4.804563291806201,44.303896893827336],[4.8031008029072115,44.27998919217419],[4.812665863343398,44.257719064767414],[4.814096088903183,44.23231467832123],[4.826652705578103,44.22832506640777],[4.879050668886603,44.26148357791232],[4.932910424012261,44.2621518073366],[4.981451791724815,44.2848325971684],[5.005535817021755,44.286754820483196],[5.060564583015947,44.30813976056077],[5.076512049103177,44.2840860159789],[5.1045087340965685,44.27953745155323],[5.172696360911815,44.309393695074476],[5.167205149288734,44.29205090874127],[5.1497271329806695,44.28208386834487],[5.161547590528067,44.24559067110522],[5.154903556803357,44.230944996200954],[5.174965607033191,44.22080662233339],[5.23814970804007,44.213233332998946],[5.2565087145716225,44.23005632855739],[5.292247629624085,44.214467072564894],[5.3368331508273,44.20353145731521],[5.354042708088259,44.21342924717531],[5.384523055943825,44.201046720663136],[5.383240887752097,44.15528473021913],[5.43571830913588,44.1516641531859],[5.45471645974309,44.119227904662864],[5.498787806458752,44.11571934778835],[5.5026367853279545,44.06343920865494],[5.544598165016952,44.06989191567907],[5.543633878090188,44.02596177811475],[5.518062394104204,43.99011201336662],[5.508647939314863,43.959839793825395],[5.51208954255573,43.94600228564646],[5.544991957929805,43.93905484015686],[5.558844627129812,43.942576073587574],[5.579927197959687,43.925980406162694],[5.6064371876892,43.91613043943877],[5.573186434978607,43.86492031403171],[5.549174903324726,43.8514199844283],[5.54452228126406,43.81819693654997],[5.574599751241474,43.83029407148107],[5.627700103254839,43.830927143331614],[5.654445137414141,43.82511098585937],[5.674483353980397,43.807360446333846],[5.684551176087874,43.78850163078797],[5.713394551246806,43.77950341891952],[5.7184242970991175,43.75512132052309],[5.7491639540055255,43.7405464918297],[5.757332977582704,43.72940911375532],[5.753650891000443,43.72462222505303],[5.73694977606664,43.71600369956981],[5.7173496269448085,43.6935266901868],[5.6740823773888085,43.69354548263312],[5.647750486437068,43.675796002747234],[5.6069435191164425,43.65868590516478],[5.571561902428718,43.66192326389572],[5.532691768278144,43.658982498850435],[5.439245661034277,43.68110432174805],[5.341018959038618,43.719703701701896],[5.31850282672,43.73502143195822],[5.255713544202415,43.74655792640453],[5.229990308924739,43.74767288112555],[5.187972296540632,43.73510332278256],[5.173314396868251,43.7388086180006],[5.0496564330787725,43.788726353015356],[5.029533445304739,43.82779291313872],[4.996088984833567,43.846062979958205],[4.966309299927298,43.87164726913833],[4.925857913600155,43.886492676966505],[4.902319279838385,43.88793164631778],[4.885234592866442,43.90014657326699],[4.853093547765335,43.91138205123056],[4.82173604983078,43.912827836405015],[4.739060856654237,43.92405947349057],[4.779022226905269,43.937890875835855],[4.815061095574236,43.96762596960125],[4.8159847814707275,43.98880175042401],[4.842106431474998,43.98647433852841],[4.8376753047986,44.01494231096372],[4.789122145192578,44.05219781937887],[4.787978024928094,44.06505409747017],[4.757852990967429,44.07724513689432],[4.730134251131141,44.0790279145671],[4.707458356688192,44.10367246401244],[4.722074664233516,44.18742154948267],[4.705782650078868,44.192789712499234],[4.706545407713171,44.21443008164891],[4.676647952353196,44.212568030429516],[4.674835744164297,44.23855142877028],[4.654069363595851,44.25434245648795],[4.649223666100485,44.270359865010946]]]]}},{"type":"Feature","properties":{"code":"85","nom":"Vendée"},"geometry":{"type":"MultiPolygon","coordinates":[[[[-2.304793360419174,46.70942393875938],[-2.3355867245025954,46.68810408131238],[-2.365411420853787,46.69514960298605],[-2.3928869274271354,46.71146786590562],[-2.398989314185467,46.72610823947123],[-2.371515973727442,46.732425575951765],[-2.3183814886611573,46.719019084873665],[-2.304793360419174,46.70942393875938]]],[[[-1.1485704887534398,47.029545162586565],[-1.1444802777855911,47.02539165807213],[-1.0741287584409651,47.008280037449445],[-1.0158832983469237,47.00413844081306],[-1.0003954614147021,47.02080439583092],[-0.9670342291507741,47.00506278044761],[-0.9334603151811864,47.008908043397554],[-0.9027847223499762,46.99384133071281],[-0.8919599503022404,46.975817849607864],[-0.8729898783606566,46.94434766819017],[-0.8519389677391533,46.94650472324497],[-0.8291443983745105,46.93336473376701],[-0.8170418725493785,46.903983682599055],[-0.8321833934652019,46.88454160082127],[-0.8152783793677632,46.87936123351067],[-0.7816473761536221,46.842828501140936],[-0.7328576209101574,46.8215002648331],[-0.7088363450612226,46.82106096053443],[-0.7273121698337293,46.76763245445797],[-0.7001491562174191,46.735799391945754],[-0.6688837671234614,46.717234169266845],[-0.6561893352875896,46.700774642460914],[-0.6807382103871169,46.686802029507525],[-0.6375207590786917,46.662275660644845],[-0.6341929952870002,46.63738600695415],[-0.6141139330666167,46.62039039102903],[-0.6270238350693782,46.60565028049541],[-0.6119040829758216,46.5883080542103],[-0.6245653646005823,46.57739763355232],[-0.6067041276726987,46.562332081853285],[-0.6021285989587045,46.533280547788735],[-0.6245399718190973,46.529723883887414],[-0.6451962418895167,46.50856915270028],[-0.6250321267782425,46.49748332134845],[-0.6159660718681671,46.46157045085021],[-0.6187762241263333,46.43885619623182],[-0.6368414296493504,46.43230561509176],[-0.6406445679433723,46.41622924515597],[-0.6208833834377796,46.390455794535654],[-0.6101772466297536,46.41373600220488],[-0.5660555377589854,46.39308485800112],[-0.5378004980121098,46.38646546545568],[-0.5618089129416993,46.35974018410839],[-0.6032466407115049,46.36146637541298],[-0.604945148704239,46.34715238390407],[-0.6366035278644262,46.337591841879316],[-0.6482532698392601,46.317144430298924],[-0.6722725322460164,46.3162191658117],[-0.6973310699310054,46.3250900125706],[-0.7201500047099074,46.31489050090406],[-0.7219129656364313,46.30237450310386],[-0.7504755422947275,46.30425879436195],[-0.8024766924625577,46.325152925140934],[-0.8090890487729437,46.33843674064563],[-0.839878203866059,46.340369117324364],[-0.8509360179567931,46.31718679438478],[-0.8876799965820683,46.32632425572865],[-0.9047974021645193,46.31381080962026],[-0.9348886609093259,46.31285600461673],[-0.9617714534617725,46.323112713720874],[-0.9441603850496662,46.33604884873509],[-0.9318397064952478,46.3658034260157],[-0.9645133582944424,46.3654018117805],[-0.9774473324091834,46.35111139719007],[-1.013807240115001,46.35562475996166],[-1.0525280096214227,46.34254164468142],[-1.0807261526640515,46.32142762319264],[-1.129404177492153,46.31027691915601],[-1.1671810169437413,46.31969405036838],[-1.2021666067108026,46.31599153007532],[-1.1955103805422935,46.30048349541652],[-1.2063765625294878,46.288846571626785],[-1.2073944924206363,46.266571614816904],[-1.281772839130423,46.309968266424384],[-1.3444380346892142,46.341953842181326],[-1.3667425638808843,46.34861328663727],[-1.4009792622186368,46.34050457904003],[-1.4284190944836321,46.34712502912173],[-1.4659415635018052,46.34235901019938],[-1.4877969769705215,46.38139204154906],[-1.5021454225847812,46.39734952406836],[-1.5340123722474628,46.40887626089284],[-1.5490765402226871,46.40548020561594],[-1.6113040094680402,46.41341659286108],[-1.7082937557327667,46.450884792059824],[-1.7558962800631415,46.474872816955255],[-1.777141798763278,46.49275846362317],[-1.8136695999589263,46.49534718792214],[-1.8213149950439371,46.523721393572785],[-1.8560176099926675,46.608577928185206],[-1.8906746733506474,46.634689983740806],[-1.9408440446802884,46.69106965939676],[-1.96540793995167,46.69200185704432],[-1.9826664543508177,46.72031292149719],[-2.0719487980113698,46.782813819976845],[-2.1410311606229655,46.81774558883561],[-2.1550297319780927,46.88965414468634],[-2.122239576466256,46.891263453405536],[-2.103448154684842,46.92098874969161],[-2.0582281140235676,46.950944454989695],[-2.0293326201395745,47.0086320208736],[-1.980414486742876,47.02890649407564],[-1.9688489284381314,47.02767329905578],[-1.9432276192598639,46.99471092059494],[-1.9166202315157645,46.991518959422415],[-1.9174428113267457,46.97508381963422],[-1.872614380314098,46.95312868208426],[-1.8318237164160205,46.953809822447525],[-1.8309821821134158,46.932033724154486],[-1.77556460551789,46.92540682943319],[-1.7513270577094098,46.929611815604666],[-1.7362508076850236,46.91143568904478],[-1.7371139932046213,46.89680599083098],[-1.7202546726947285,46.88456447923729],[-1.6870033984268769,46.89055113474326],[-1.6645131258008816,46.874779205029014],[-1.634820511862539,46.87837868837905],[-1.5485110748777025,46.86007983436468],[-1.5007668577856463,46.88389115282979],[-1.527927453698693,46.92377826735825],[-1.5309030377362816,46.94498074264914],[-1.5543623514658027,46.97816341773942],[-1.542665987015755,47.00327217070728],[-1.5552723334553664,47.01533738692226],[-1.515724271893768,47.027732420842334],[-1.4998449288829532,47.04068947453796],[-1.4759335714372155,47.029463554503664],[-1.469172627780506,47.00198697021648],[-1.4769594857010369,46.98097074445235],[-1.4572082927387657,46.95464665401728],[-1.4715165512848787,46.93291787054446],[-1.4582677297055284,46.92583846037384],[-1.4181594787532137,46.943057239909116],[-1.3729857700949506,46.95218446660972],[-1.3590587331965938,46.98113458794234],[-1.3775094300897999,46.990940454807415],[-1.363022131692666,47.005231806651935],[-1.3786124689367814,47.03085386698655],[-1.3627515861913184,47.04068820066417],[-1.3124114592110108,47.03350963450989],[-1.2946349782361042,47.03948346966515],[-1.2903251112226377,47.07019181205101],[-1.2683044893940385,47.08474885032919],[-1.248272600668004,47.068248451977425],[-1.230646678052403,47.0647662671337],[-1.200679265181828,47.04002068735864],[-1.1485704887534398,47.029545162586565]]],[[[-2.1980740779182004,46.95116764927802],[-2.223157246071586,46.965272827071246],[-2.264380088499401,46.96087838866196],[-2.3010983301708356,46.98904472545455],[-2.292512307340026,47.01255801910092],[-2.276523639405111,47.02888353822751],[-2.250689026745477,47.02730168494982],[-2.21884576130942,47.00847250653137],[-2.2262568575011112,46.976185679026486],[-2.157184376417708,46.950037734214405],[-2.1474391673875983,46.93419680146382],[-2.148498361118927,46.912972973348154],[-2.1679626813926482,46.90846416238237],[-2.175646599875998,46.92930475655864],[-2.1980740779182004,46.95116764927802]]]]}},{"type":"Feature","properties":{"code":"86","nom":"Vienne"},"geometry":{"type":"Polygon","coordinates":[[[-0.10212095637964737,47.064797190818005],[-0.09805549141019346,47.0913509263054],[-0.08590400471278307,47.1010103974686],[-0.04416541443323743,47.093242584398084],[-0.035959245982801084,47.12509157253751],[-0.01073662557135027,47.15750952036683],[0.01901485826766373,47.17575785031973],[0.03664297673522525,47.160354293664795],[0.05382761471070587,47.16373008265526],[0.07637120084195233,47.12393194888823],[0.13613090268194533,47.121580554147506],[0.1347219236888625,47.1078700305567],[0.15685150997252176,47.103344382080465],[0.18146114771856547,47.11438824881292],[0.20095302486598468,47.09125887635545],[0.1742206159576792,47.07127519606643],[0.20800102904621295,47.05323202361692],[0.2455423301785185,47.07128604001384],[0.2718544387898612,47.04638904119169],[0.29823142261819696,47.05391872520871],[0.3093302509672645,47.04413338267026],[0.2986715021217093,47.01959741824875],[0.3081773026194614,46.99988348323911],[0.30073625724988334,46.97382765864781],[0.31122704760535835,46.93783959199593],[0.3248406111614126,46.93065213256517],[0.3665152631758488,46.94955720761298],[0.4387096602536596,46.929582071059045],[0.44480383249233546,46.94114889283753],[0.5027297280171042,46.9579123909043],[0.5392917082788095,46.960220880583776],[0.5644222278144092,46.95552996701939],[0.6015594112278456,46.95910993478791],[0.6011756847806528,46.97309082433285],[0.5783449036180749,46.97981081817415],[0.5669489614197056,47.00227037444166],[0.6188741963763473,47.00746096968646],[0.6362054885332586,46.985451805972254],[0.692569282364634,46.97430706301784],[0.7062532556123257,46.937154623849935],[0.704324392050786,46.903293353155846],[0.7521109761823577,46.86086544125436],[0.8093213661875756,46.827858093390724],[0.8119017840639386,46.79450796471714],[0.8279817587178017,46.776816236170745],[0.8674688807081561,46.74821910504847],[0.9010383725080395,46.73609229312116],[0.9279553620387494,46.69539122809664],[0.9084421594440936,46.6826701222059],[0.9065157405117292,46.64774942034653],[0.8943018154002151,46.62573665182289],[0.9158653080538118,46.59663148752451],[0.9408377357519268,46.581410311122475],[0.987237034592862,46.56556286906366],[1.0147644249831798,46.56776399882199],[1.0206069888359919,46.53709643301311],[1.08759324171297,46.538172760099805],[1.1082908975477561,46.53150940181887],[1.1491434460646581,46.50220256803704],[1.1349676142912506,46.495261976149834],[1.152977857618218,46.47295586110232],[1.1516045347766355,46.449236175811976],[1.2109861172875847,46.42936675668184],[1.1772799568053671,46.38395162215293],[1.1575433154988817,46.38874160395639],[1.1309116151248964,46.36438532205801],[1.123709186916179,46.349062839671014],[1.0969021987058567,46.36211145047139],[1.0501574891827015,46.36278094700801],[1.0269954429337311,46.34303442800396],[1.0217534424141506,46.310696552617046],[0.9884486047314835,46.280360998092185],[0.968413453240399,46.28602244975969],[0.9326647831388527,46.2820281162358],[0.9004933562268206,46.28684421517437],[0.8853264387584442,46.266088374204195],[0.8614456196703202,46.26163361249219],[0.8454876223484477,46.24206422629179],[0.8480099863968311,46.228752872389514],[0.8101043739851272,46.22788528658486],[0.7957366162231452,46.211086485296406],[0.815811931396682,46.19671831003433],[0.8334530172887465,46.16655399123534],[0.8234337839605995,46.128581728488264],[0.8095104050353692,46.13820512038027],[0.7801581669353024,46.13213998977384],[0.7469045366399735,46.13857472178201],[0.710577167789481,46.13088444115974],[0.684060820103776,46.11934698105583],[0.6874528960648788,46.09725460634645],[0.6086469693380949,46.0896841812107],[0.6060084175300469,46.077142007163026],[0.5749744983104493,46.07899630556071],[0.5646140785657598,46.089594364695195],[0.5381620342712992,46.095338949157004],[0.49249803098282,46.1359535013665],[0.44325878141139535,46.10157393893125],[0.444533894881436,46.09115151319632],[0.47596150384778746,46.08270140200688],[0.46914195555876237,46.06154823906217],[0.4450902027032336,46.05080094878019],[0.4132869508404128,46.04908867462494],[0.39105268436192897,46.066346526515616],[0.2798061440667491,46.060966262312725],[0.2522183041176724,46.07997966029883],[0.21971869883786393,46.09431625215903],[0.1973535052161626,46.09555004152969],[0.19108384573574536,46.112280833588024],[0.21492180826491483,46.13884556432992],[0.22035458351339557,46.15799975349338],[0.1870636693943682,46.14851197384494],[0.1551113740904502,46.157168244596924],[0.13793977146169878,46.18084966362293],[0.1076952133925229,46.1861301320678],[0.11343152573440447,46.21220922906378],[0.14344160353379778,46.230114587841406],[0.12883677213786587,46.26723154899869],[0.15955968591576844,46.26656979483444],[0.17232027940044886,46.27860128086839],[0.15218685361085643,46.30314888540674],[0.16956912209813432,46.31018694492532],[0.17523938179388834,46.33181773874165],[0.13759784994026253,46.349395182700974],[0.09780469789926086,46.33079981164575],[0.07821800902702593,46.304933538922825],[0.03250915440256327,46.32782028737164],[0.029657077300027247,46.349192346191],[0.013846004253531347,46.35706042377505],[0.03421997901294537,46.37349679947992],[0.02069664723879619,46.38800352143432],[0.00026572855997630953,46.392018635848565],[-0.017092824348942416,46.4113223945137],[-0.010457661947033809,46.44881280383021],[-0.01707071907246923,46.47527516260208],[-0.04230359002464692,46.470028260342126],[-0.03135125528751674,46.52498101941566],[-0.007157529433821307,46.52327699327565],[0.007895566679664658,46.547974321223606],[-0.008022109474557896,46.567543137522954],[0.020058959008376207,46.58512799711242],[0.022854639746489266,46.614530685176334],[0.0031057671136598976,46.61079878720693],[-0.026547974206768066,46.62886079422371],[-0.0653244004897615,46.63246151135352],[-0.03338532562574275,46.65364917507512],[-0.040426190194721524,46.66371702380725],[-0.006947998344661607,46.68290982229758],[0.0007042720140891931,46.71623331657764],[0.03826535834799053,46.73158052408886],[0.005731121087621784,46.75454225312974],[-0.014979708609133745,46.75637013577674],[-0.02232550667364259,46.78961529950765],[-0.020316336069380297,46.812653925006536],[-0.04568987388716529,46.83210506753766],[-0.007773096486773423,46.84747452695961],[0.01660746491547145,46.83496346394018],[0.02561539858266648,46.85287480114874],[-0.027263869318720418,46.87992322868147],[-0.009032410299882686,46.90747700605923],[-0.022215929347250134,46.938478291692846],[-0.044186809693518486,46.95837119466449],[-0.038153345460296736,46.98939008519809],[-0.06675773993609899,46.99387700352016],[-0.08113082448484565,47.01267677238524],[-0.10212095637964737,47.064797190818005]]]}},{"type":"Feature","properties":{"code":"87","nom":"Haute-Vienne"},"geometry":{"type":"Polygon","coordinates":[[[0.8234337839605995,46.128581728488264],[0.8334530172887465,46.16655399123534],[0.815811931396682,46.19671831003433],[0.7957366162231452,46.211086485296406],[0.8101043739851272,46.22788528658486],[0.8480099863968311,46.228752872389514],[0.8454876223484477,46.24206422629179],[0.8614456196703202,46.26163361249219],[0.8853264387584442,46.266088374204195],[0.9004933562268206,46.28684421517437],[0.9326647831388527,46.2820281162358],[0.968413453240399,46.28602244975969],[0.9884486047314835,46.280360998092185],[1.0217534424141506,46.310696552617046],[1.0269954429337311,46.34303442800396],[1.0501574891827015,46.36278094700801],[1.0969021987058567,46.36211145047139],[1.123709186916179,46.349062839671014],[1.1309116151248964,46.36438532205801],[1.1575433154988817,46.38874160395639],[1.1772799568053671,46.38395162215293],[1.2047624195766258,46.387692968021526],[1.2191909673622259,46.36592410433378],[1.2604032451287535,46.37878248650986],[1.3030567860553472,46.37099465262579],[1.3223399070687456,46.38965357258241],[1.3560228953092233,46.40012317441316],[1.3835265726019255,46.374757364316125],[1.4090311642821585,46.3613359928752],[1.4151905101137505,46.34721849587296],[1.4437697350516507,46.30589420737529],[1.4265688116168553,46.298921049134],[1.4036544413446612,46.25990982797783],[1.4168521672178434,46.24087405708507],[1.394145356288105,46.238349230413554],[1.3749003074212893,46.2154511009523],[1.415268536568449,46.177157045823584],[1.4552353294299893,46.18103071472153],[1.467878491573528,46.151750416293105],[1.5052016882428472,46.127461799559406],[1.4919762107249506,46.11473183426131],[1.5048991958425688,46.08815343941205],[1.5429508225169888,46.0765888129599],[1.5317830893571065,46.05816171452662],[1.5491757848158925,46.03541014153877],[1.5363833974668037,46.02629327721946],[1.5385468041090549,45.99742846047048],[1.5648266887508957,45.99711597960844],[1.5764733332307777,45.98099739362502],[1.5661484901291225,45.96325060326457],[1.5325001755915217,45.95280423814569],[1.5299613213195493,45.93182220228596],[1.5472651107258997,45.91683379316217],[1.5782614117742197,45.91727264832772],[1.5791744495987925,45.93040642363652],[1.6150681481078124,45.93195022666644],[1.6397206723679907,45.89953853071148],[1.635996388309483,45.88844297865446],[1.6023488376186423,45.89096810343807],[1.6023984681707661,45.85746515857901],[1.6766374034760068,45.83511402023573],[1.69036360011077,45.84361369992126],[1.7148786249110421,45.8400586312482],[1.7558371847814345,45.855656306428116],[1.7891620911385413,45.83007210551306],[1.8284337256367398,45.80980874385992],[1.8464472547509174,45.809940191138686],[1.8808988285366512,45.797714818456456],[1.8941319437754782,45.7592554835555],[1.875140102478583,45.7327797889896],[1.880957399347195,45.71285387339609],[1.898730779182943,45.69827755120411],[1.904291004939969,45.67774470255675],[1.8799625935579851,45.678180842698936],[1.8751322671973147,45.664894260838736],[1.8264346802695488,45.66513576315906],[1.7858344815104692,45.68266308806586],[1.7763991218328075,45.65846116946758],[1.748060654562327,45.64570341986574],[1.7047914479153132,45.63738765111646],[1.660196676810575,45.60797409516256],[1.6581804847733144,45.595323545490324],[1.624885337381578,45.57793581971724],[1.5938310699115545,45.5771464332939],[1.584891438656278,45.556076867663364],[1.5571958047036878,45.54936632471629],[1.5220914137932038,45.56409475254406],[1.506276371554196,45.55097960357961],[1.4806927011525084,45.565857439236126],[1.4551417227717747,45.55328740957993],[1.450268846192153,45.530397969675526],[1.4120586564349766,45.52809003445668],[1.3896000810911788,45.4961572819304],[1.37157178520687,45.49211445485024],[1.3511118587508797,45.470001773336946],[1.3103931233740413,45.483041180557144],[1.27034342793137,45.4776755159118],[1.2645252348468465,45.45409594836666],[1.2531518386328937,45.44421907802482],[1.209501347214524,45.463084747625864],[1.1865884187192175,45.45529497029879],[1.1641763230169675,45.47552956976588],[1.1358342826377092,45.47086498923646],[1.1197844789851377,45.48778292627877],[1.1359472599446487,45.50640914164488],[1.1672867970396268,45.52482220464761],[1.137684533027224,45.53977362177215],[1.1103236008119233,45.54491026026193],[1.080359033146871,45.533998770505264],[1.0746444865790412,45.54577271138723],[1.0475013530672403,45.55793278314188],[1.0354291459916498,45.573323428579684],[1.0358490435954522,45.600209290253126],[1.0232467983202298,45.60995990299867],[0.9863932565151387,45.604487080117515],[0.9470174998837003,45.61359375507784],[0.8981892208012014,45.59978358036884],[0.8748028110501537,45.62135072197518],[0.8593270163801664,45.61255366991051],[0.8425878139261963,45.58227280988904],[0.8115003322647284,45.575870643461926],[0.8035615373389846,45.59623658602799],[0.7803710896124326,45.591186976030635],[0.751529712610917,45.618323854020026],[0.7630383629892018,45.62833642730259],[0.7758431349260253,45.6675695723418],[0.7636991223155143,45.66825689490875],[0.742191639150923,45.690583187900515],[0.7164967555921232,45.69492986065276],[0.7021017463764117,45.68712391220238],[0.6542322548355602,45.68870460553755],[0.6297424639524398,45.71456998977268],[0.6454223576561761,45.717511285932694],[0.6525242742739024,45.7404698575335],[0.6884232598945583,45.7604002541581],[0.714888400126834,45.76311968057406],[0.7079458275965803,45.79550918085823],[0.716439805978218,45.80561793866404],[0.7470964755206753,45.80309000421788],[0.7721413751783613,45.78762409365665],[0.7822321483214059,45.8210820958808],[0.7979907883874932,45.83267807863906],[0.8273731927551746,45.882747942075014],[0.8133141897835577,45.89867390107227],[0.8222125888611419,45.93208646787984],[0.8594760522394275,45.917997097288996],[0.8847207937372841,45.923723788266166],[0.9227140883044904,45.95301038798378],[0.9425919960124763,45.95743607843122],[0.9256254984735036,46.01045396377162],[0.8940345525336028,46.02314912814255],[0.8670363318108323,46.01842834189512],[0.851093282263786,46.03464824766331],[0.8179096763959527,46.047878116483695],[0.8269002995768702,46.06393247093984],[0.8188984576633332,46.07740847428548],[0.833691291703567,46.10635630894394],[0.8152372244416768,46.11576760044673],[0.8234337839605995,46.128581728488264]]]}},{"type":"Feature","properties":{"code":"88","nom":"Vosges"},"geometry":{"type":"Polygon","coordinates":[[[5.470061704426128,48.42092884036511],[5.510986594146936,48.41821515231162],[5.520280149216775,48.43239263092878],[5.564650216197492,48.441090759508775],[5.6151325162349,48.44043873717153],[5.67902361096049,48.47139115386205],[5.713228409793979,48.46034355947541],[5.7385787703210624,48.466071385805314],[5.765154701602298,48.49649260851312],[5.787024028409427,48.48291106954139],[5.8141526013422045,48.49819514538156],[5.856069666360071,48.506844385585524],[5.8881463197842825,48.49400616317709],[5.903569430927025,48.48024393097157],[5.886926216153374,48.45386839126565],[5.8989549292934935,48.44671533650002],[5.859177083813666,48.41623563816792],[5.879136424841787,48.403869307586056],[5.935989530326643,48.40287986588223],[5.954936403333502,48.387329103706854],[5.944654250679005,48.37581815056828],[5.960066474604184,48.35072931908477],[6.004066285882898,48.36147870334314],[6.025234465713196,48.356969332010294],[6.053418454701744,48.365636733016395],[6.066019115933426,48.359278767448906],[6.097642409054446,48.37159231795909],[6.116723785728533,48.35403844099854],[6.152354370824704,48.38097163461962],[6.147083853210351,48.404242546398436],[6.178419125638964,48.397598877997915],[6.23209682220264,48.400225955022414],[6.260443354875095,48.40640078999615],[6.270297573655838,48.42610067601965],[6.3012588451180624,48.43051921403982],[6.305674808715067,48.41318887901744],[6.3313164158672315,48.404817172837355],[6.422399441358526,48.40728279397748],[6.450365847505534,48.41505383549833],[6.500755073004984,48.41423379500427],[6.5337102147419674,48.4313569295525],[6.583870758203037,48.417225395440674],[6.568134528831446,48.438701194783874],[6.584971476704244,48.46050916362013],[6.62369925487009,48.473102199556955],[6.648289899981963,48.433884724429255],[6.6994983396482075,48.41308754075586],[6.760669183398023,48.411666746640414],[6.768836777292687,48.39954530354836],[6.815166528707746,48.398846200565345],[6.828255495843522,48.41660943907006],[6.866316381673087,48.43184823377053],[6.894133940205172,48.419480410764045],[6.9829860045628855,48.47905957978556],[7.050540315367024,48.49487862493578],[7.094019735640854,48.512952288683174],[7.123165369028565,48.513592265556596],[7.097693072924202,48.48762107861984],[7.11688383670396,48.484885014570324],[7.095873788299803,48.4270217723305],[7.108026244714085,48.376989845150604],[7.0785233740914295,48.35107311533077],[7.120494270164923,48.33334864685793],[7.184818696745765,48.33615437512855],[7.198281537029947,48.31046786102034],[7.172440378133587,48.29748024360684],[7.159489565642163,48.268753563588],[7.147824517541642,48.263892801246804],[7.117505784718491,48.207992451661525],[7.085332018879333,48.18087313160711],[7.058017510455936,48.13770265802238],[7.084162370831343,48.12921286268667],[7.047595780380201,48.08006166786818],[7.029803015827174,48.07190490436478],[7.001883743858899,48.0223990958155],[6.961410552710714,48.000261282588426],[6.943356419805964,47.99795794686154],[6.920755573390488,47.942921686407516],[6.927825935367718,47.90821058120768],[6.900213335139267,47.891191372710956],[6.920047718110646,47.85028746971086],[6.897600863366078,47.8375646687869],[6.846179818400714,47.822945196999186],[6.823538854548165,47.81305372458858],[6.792206691054161,47.830065844691816],[6.784821909572192,47.84962275516846],[6.737768277119198,47.8615661276394],[6.703673452230481,47.88141530820336],[6.643740194905068,47.90503177099352],[6.641076475620301,47.91580834582307],[6.6073149335019385,47.943147742357816],[6.563418085973325,47.931389307581],[6.5421528235861155,47.90261056529581],[6.476305388045899,47.89135525473161],[6.455958900669549,47.90676595953145],[6.43172063760481,47.94381556163065],[6.366159798724643,47.96194440724777],[6.324502244506514,47.94927719089294],[6.27733365541217,47.95380917897212],[6.237987058178878,47.93284210198345],[6.208333130052072,47.93959154159432],[6.193308012990422,47.953186926635745],[6.167984818891344,47.95235039236555],[6.1523863211856415,47.99509120117254],[6.156025724419171,48.00640454629518],[6.131397185816461,48.024084417358715],[6.0411805356860935,48.004423104387435],[6.023512782425089,47.97819459549159],[5.994585023938386,47.957843619961515],[5.9707779241858585,47.95720515925631],[5.9537128429228625,47.93703033418094],[5.937717530374109,47.95093996886656],[5.95951518224341,47.96583761413322],[5.9367444429976315,47.978872441043904],[5.918281347414071,47.9655809864854],[5.918042584312377,47.94735978283618],[5.900112413513003,47.94475092005572],[5.884726375202079,47.926047148569474],[5.850003923490582,47.96283504722941],[5.787280985479235,47.952596973102644],[5.778492027788896,47.97800978811231],[5.793591975095584,47.99070892021546],[5.77774789858366,48.031361923263205],[5.740575630698962,48.050043986724326],[5.65966986503565,48.08486263156757],[5.629010103166862,48.0844163929701],[5.656886341889701,48.120399648852754],[5.68431870758825,48.14504209497101],[5.6822435704493275,48.17570971343473],[5.696740894208173,48.18888423309182],[5.730982683815125,48.18969958329602],[5.719343419026872,48.21284553404126],[5.6877917029501965,48.23418465758911],[5.677420725123087,48.22898238922798],[5.640901189478503,48.242354204929356],[5.65380919650419,48.26852380977062],[5.611652001252659,48.29181533437579],[5.5879967536815585,48.278489865685614],[5.544667324256171,48.31484393016795],[5.52236342294961,48.34085020470289],[5.482149185087855,48.35620132426793],[5.441808221286742,48.33585087730688],[5.418230200002256,48.339827299478394],[5.419996789966145,48.36209610065057],[5.441572019947177,48.38023164680497],[5.408721169498744,48.38310019043649],[5.443801554148948,48.412796111132934],[5.470061704426128,48.42092884036511]]]}},{"type":"Feature","properties":{"code":"89","nom":"Yonne"},"geometry":{"type":"Polygon","coordinates":[[[2.936314411640624,48.1633917441478],[2.9347486048838207,48.17882262621194],[2.970958045601008,48.194187673485665],[2.97446503722382,48.20555285255294],[3.0051556578134635,48.20767000034546],[3.043627253848888,48.27202235761227],[3.015901008416285,48.3079017396547],[3.041677936242915,48.329416667963116],[3.036760677253472,48.34009779475704],[3.0495188960927044,48.36012035556557],[3.0988849903520745,48.35782222270563],[3.1398687617633554,48.37259875797597],[3.2018573040530143,48.36401635870226],[3.232843707551971,48.37032930740775],[3.254382220567969,48.36502185965591],[3.282397556791885,48.37751802756359],[3.305153213312036,48.37287323488759],[3.3651592673815314,48.37228068710627],[3.367217075047188,48.39431654152582],[3.3833187883415756,48.39970860491622],[3.4147915595010967,48.390273038820325],[3.427513158445058,48.359980231681526],[3.4525858660423605,48.374390245729586],[3.4986883356303173,48.368618101138466],[3.5325118583181596,48.340525877771384],[3.5634013639699584,48.32144364439587],[3.566569286931659,48.30742854994862],[3.5879668741436643,48.30081000040951],[3.587183966868095,48.280173420842885],[3.6168043332338455,48.27133989890988],[3.624328073587777,48.25452852774026],[3.600078611097097,48.23703622325982],[3.6216173506103138,48.22574039972581],[3.6111556712475656,48.21192894753078],[3.57518637671701,48.18874134782558],[3.594183989487009,48.17887516119051],[3.6195505299659145,48.190784479669105],[3.6414970437080063,48.18393657752057],[3.667869602845747,48.1392119036121],[3.7050170955645534,48.14431394210169],[3.740291245795231,48.16970783293559],[3.754823906575138,48.150241865949376],[3.739719908908732,48.13275411908254],[3.773282122246105,48.12969525627175],[3.8049683849961107,48.10254956014992],[3.806792668443169,48.083864090347966],[3.824612213123349,48.06128779150571],[3.8242989358275574,48.04289541931859],[3.8706198703197394,48.01563556441249],[3.839811254672786,48.00389003724434],[3.850029315571996,47.98379240721269],[3.8783088264909926,47.979417724331554],[3.900190065880429,47.99790876198765],[3.91469046126473,47.97569343810935],[3.9015952504180182,47.93863384246034],[3.9480945711713997,47.93089676516494],[3.985962466837663,47.93063908075462],[4.003855529645679,47.94203480301055],[4.01814220173801,47.928474566092724],[4.045237544702236,47.92596854676534],[4.061270050327684,47.945562416892294],[4.092978649387006,47.94297672164551],[4.1117857473984065,47.926995657517516],[4.166327039100888,47.95980433221276],[4.2078337319682335,47.94659557765659],[4.206741721722166,47.972203894649205],[4.228464403152438,47.96915282956105],[4.2221457478233475,47.94969678465566],[4.242723875606858,47.931956917411135],[4.265599591370342,47.924116159008285],[4.2934241069450065,47.92567623483797],[4.311152699462278,47.903922726683135],[4.277339137948259,47.89945297805272],[4.262193864556681,47.88395527973197],[4.2610008241447535,47.84385063866699],[4.300805981058354,47.84877161085865],[4.319285858378513,47.83743970579336],[4.320330919498607,47.81169317443553],[4.340296871154208,47.79956664297927],[4.327231405103721,47.78566401630385],[4.332471702607339,47.756511310391986],[4.289656740825392,47.73317231931354],[4.260502367415732,47.74220354600016],[4.2526277781965405,47.716066198902226],[4.267304312456938,47.70164928916197],[4.258324006422516,47.68389555308575],[4.225637843042874,47.67116302241697],[4.249113979601859,47.65949100902422],[4.212381292101606,47.62796570432303],[4.214168417613283,47.602912165808426],[4.197168115097694,47.59802850906373],[4.17512808182493,47.553259163212694],[4.156528733449272,47.55161760512027],[4.138136112599596,47.52153256449299],[4.112403898450227,47.5034970330936],[4.129760578477719,47.47483692093974],[4.119426533664949,47.443553393311014],[4.066060118363545,47.407251287195685],[4.088307134357006,47.39652090232598],[4.076218510845687,47.383480194423754],[4.106085850126875,47.339255985490894],[4.046432164286821,47.339943756300286],[4.028760221806572,47.31557728480351],[3.999278507688071,47.312773725416655],[3.973097819719344,47.332712674420605],[3.9653529425108722,47.3652327054121],[3.944243142987652,47.38021568332925],[3.9087922026053734,47.38205569491613],[3.8867653218201808,47.3645805378824],[3.8718702934595615,47.36693490948858],[3.8635369268343536,47.395841532600606],[3.8933965172489198,47.410290156628015],[3.878310953801514,47.42929226716236],[3.851506603080638,47.43558613394464],[3.8443762508505244,47.41082738551116],[3.8217875906686545,47.402796919032404],[3.818472205441228,47.380187941025326],[3.785647440559844,47.39054224193822],[3.774605414302544,47.40619956994621],[3.74055092250182,47.39650073819435],[3.7147823454353084,47.406834666623176],[3.6789914842274665,47.445533677873506],[3.580113356556516,47.46490071648911],[3.5806168100615214,47.49786323631363],[3.553140570878716,47.50232679103883],[3.5135049928892266,47.527668013741454],[3.50460694021663,47.557934222629186],[3.492366537968952,47.56012889108053],[3.488276701493949,47.493830911376975],[3.437164175942187,47.50799559642577],[3.3972880002653882,47.508867495938276],[3.3807002450190415,47.48729175533955],[3.3395269332726487,47.47816523272086],[3.2852515362929866,47.50393862662616],[3.2721566613710795,47.49154765493751],[3.2354902376938353,47.4891790840854],[3.2046491761957805,47.522966343570126],[3.165190757880271,47.51750199807388],[3.1350763394879597,47.5419077972082],[3.102009918822544,47.58795615956075],[3.080558427544962,47.5854885999859],[3.059199650745983,47.56884905584853],[3.0187759740569513,47.55731386824091],[2.9765380120036067,47.56942879709582],[2.9622747369522457,47.57678810211018],[2.9403094506517125,47.60348550057479],[2.936290512560618,47.63665230316903],[2.954234275262721,47.64577868896602],[2.9181549279743337,47.66979136771246],[2.911669508308486,47.69146053421784],[2.858973240721994,47.71131839341009],[2.848796639073614,47.72588667336868],[2.8566660682192713,47.76092647077394],[2.9145173600355263,47.76938033260984],[2.9496989968031038,47.76587258709822],[2.954736881556772,47.77555900512353],[2.988221260489061,47.78603448891204],[3.023798094359226,47.78655467899923],[3.0281191130010834,47.80064806639638],[3.0125379851547156,47.834374131761656],[3.0297012521374107,47.83508204151216],[3.029058320822418,47.857123076441624],[3.0053630487182557,47.86404745363208],[3.00722631015934,47.895294555605346],[3.0646112850926173,47.93051941081648],[3.0784722436737018,47.93141992007049],[3.1284501214452565,47.97097324034548],[3.1245523178040195,48.006029252910174],[3.1040899600034066,48.01354534990655],[3.0883177986514796,48.05393639481059],[3.0504714242752176,48.072334131124755],[3.0498962046090887,48.088837886069456],[3.0294654865478936,48.13320717199774],[2.990882804955562,48.15249378691091],[2.9712637126470374,48.15183377076339],[2.936314411640624,48.1633917441478]]]}},{"type":"Feature","properties":{"code":"90","nom":"Territoire de Belfort"},"geometry":{"type":"Polygon","coordinates":[[[6.823538854548165,47.81305372458858],[6.846179818400714,47.822945196999186],[6.848453009671943,47.80186631777955],[6.862439977221479,47.786366479297826],[6.924003092082664,47.77046856849051],[6.940432511420332,47.77156566113129],[6.971172049261423,47.75268332188395],[7.011758808530528,47.741727719619604],[7.0374240128839105,47.72163936009252],[7.026487154962489,47.70099973832609],[7.046314752908177,47.67150171047833],[7.018871382727326,47.65067487496959],[7.004983231421509,47.61938273174142],[7.025415883306456,47.59267760605909],[7.064719544691056,47.60105755104757],[7.086270201422721,47.592562199657216],[7.106219108143236,47.55138203283421],[7.135819374783416,47.53646303183533],[7.130345969302944,47.50302658239207],[7.111058458608464,47.49490275577542],[7.066595656975458,47.49348103198955],[7.024394386855231,47.50421334191186],[6.985924997204884,47.49152131286686],[6.998962818675516,47.45229903121829],[6.970004495274878,47.44688262940426],[6.940536510867674,47.43337372140521],[6.932315529660057,47.45581501043693],[6.917231799861733,47.46886980086098],[6.907596719688256,47.49436626816266],[6.930856287246399,47.49817970710937],[6.946162450184676,47.51131633258056],[6.909674152385642,47.525507149094636],[6.905669627634239,47.547361521011815],[6.883473648745609,47.55533115808764],[6.860809068981891,47.54751358468233],[6.816660001724921,47.54792247821983],[6.80700533167707,47.562801384972],[6.804959146951254,47.582108256125515],[6.780404771904786,47.62526070544475],[6.80103447418288,47.636044219886536],[6.776099673752326,47.668572918052455],[6.781911060840567,47.687677725049234],[6.772570902276831,47.71163343375122],[6.756625698295901,47.72444662113829],[6.757638483670512,47.747877966474704],[6.785629179422312,47.78207231453601],[6.811469860026116,47.796038470605524],[6.823538854548165,47.81305372458858]]]}},{"type":"Feature","properties":{"code":"91","nom":"Essonne"},"geometry":{"type":"Polygon","coordinates":[[[2.2265593271545225,48.77610203162176],[2.2329784335715455,48.76619570460062],[2.2649238096212745,48.76144968716666],[2.314443701257945,48.7304256109259],[2.3207180175230313,48.74875623508064],[2.3546837090965482,48.73856509020945],[2.3707067322771356,48.720175922532974],[2.4141357629081504,48.71799549181414],[2.454965343815732,48.72228146116879],[2.5035365695581286,48.735211482171685],[2.5157508385679277,48.72893861768784],[2.531076672373326,48.69978570765512],[2.5538667808447078,48.68832401270366],[2.571660318442073,48.69201409164602],[2.585373689362236,48.67939805001862],[2.544818846722052,48.671181815072785],[2.53361600680745,48.65733138882678],[2.5258433805130944,48.61310782203827],[2.543776514406961,48.60384977114558],[2.5182770284128475,48.5832577878723],[2.5198364478476627,48.5625203315344],[2.49952467433224,48.52523904800114],[2.51535674995086,48.50615222035927],[2.501886311020425,48.48476669856557],[2.50765489240467,48.429543907057045],[2.527461927309532,48.4157156753841],[2.5216135704659886,48.404932172570405],[2.46921772462766,48.37645004114287],[2.4298322285044196,48.362015783117755],[2.4255796854392964,48.33725297618987],[2.402664267131608,48.320719459421184],[2.3633118415981462,48.309600437933916],[2.3277014892177683,48.33305786731142],[2.312590884489921,48.330802741661444],[2.2954192430595457,48.308226039086286],[2.238046845675527,48.316373357629175],[2.223911064819703,48.3364180215832],[2.2022493722769347,48.344596745334684],[2.1806941723291215,48.31168043030938],[2.155707101498331,48.30449560310474],[2.081503651069427,48.29360440985604],[2.052708364877964,48.29547390947902],[2.0438104559378143,48.2864493366448],[1.9940847180593788,48.286585877943075],[1.9752916566344318,48.28719843612737],[1.9592272366957604,48.308689574530625],[1.9799848326906437,48.31848007972407],[1.9699915637784469,48.33969146951863],[1.9868210109251592,48.36214189229105],[1.9734600276085819,48.38883055198841],[1.9765777946992387,48.39938447447991],[1.9258935288275238,48.412738189076535],[1.940657409608177,48.42520626181189],[1.9221489648373706,48.457600286064135],[1.9149145708790403,48.473854949789406],[1.933377950693106,48.482146422725215],[1.9460308303104135,48.515862147920664],[1.9674261909808515,48.53307136184394],[1.9340684230182927,48.54810690246857],[1.9378872442847588,48.562931040710545],[1.9787832030076382,48.553654167165384],[2.01757406029729,48.55759738742344],[2.0172296562124665,48.56946047379915],[2.035741451799255,48.58886342431221],[2.034508920154608,48.603498748150024],[2.0602445240702307,48.6175941143781],[2.0178852678544255,48.64224227868909],[2.0456590375105823,48.687570739614664],[2.0820789629661083,48.68544592956703],[2.1103326928214208,48.714381141190366],[2.097999010182745,48.73436502883337],[2.1349798974354277,48.737139276053675],[2.150675004182983,48.753712115449396],[2.1820096609166937,48.757573640869396],[2.2027216574242257,48.771358218371454],[2.2265593271545225,48.77610203162176]]]}},{"type":"Feature","properties":{"code":"92","nom":"Hauts-de-Seine"},"geometry":{"type":"Polygon","coordinates":[[[2.2909735732251613,48.950966788077196],[2.3269700232985637,48.94536493100808],[2.3363515897545497,48.93235062393098],[2.3198186459199985,48.91593565477114],[2.319884458526643,48.90045886733916],[2.277487004862913,48.87797011937597],[2.258472586492028,48.88038999464371],[2.2317363464837308,48.869069480870024],[2.2242245702250814,48.85351605360998],[2.2790573794463054,48.83248998498127],[2.3318953139887446,48.81701271305569],[2.318696288355829,48.78799561087479],[2.3258120232145614,48.78191098020334],[2.3087015923862384,48.75541506900493],[2.3207180175230313,48.74875623508064],[2.314443701257945,48.7304256109259],[2.2649238096212745,48.76144968716666],[2.2329784335715455,48.76619570460062],[2.2265593271545225,48.77610203162176],[2.2026350450801604,48.798403323102875],[2.1829398770998654,48.7972269838604],[2.1766744128227886,48.81380509870073],[2.1515778037276103,48.81702039834037],[2.1458733412695294,48.83602003450691],[2.1528691414227357,48.87333985214219],[2.168378401515456,48.8950779335488],[2.200591009269503,48.908679329890454],[2.2687243837962194,48.94657952905197],[2.2909735732251613,48.950966788077196]]]}},{"type":"Feature","properties":{"code":"93","nom":"Seine-Saint-Denis"},"geometry":{"type":"Polygon","coordinates":[[[2.55306064485419,49.0098171174389],[2.580314053373102,48.99158952144207],[2.5717986314833206,48.96867398285449],[2.58930360616549,48.953762745338985],[2.592341722831452,48.925023616614034],[2.5870340052947016,48.893952959629644],[2.568103791053846,48.86594445401019],[2.592517689219438,48.82587446702569],[2.5922804883088015,48.8074366758147],[2.533679919545506,48.84510353911671],[2.4815340793391782,48.86140985004899],[2.416339717281352,48.84923827340741],[2.4139437894422056,48.87082877761242],[2.385151006972503,48.902007792208785],[2.319884458526643,48.90045886733916],[2.3198186459199985,48.91593565477114],[2.3363515897545497,48.93235062393098],[2.3269700232985637,48.94536493100808],[2.2909735732251613,48.950966788077196],[2.2989593311869005,48.96630137751687],[2.333312950123798,48.95538233563509],[2.344102277288972,48.96823838528235],[2.3845399290016545,48.970997610129494],[2.407383854100793,48.95612202818259],[2.4594899596115933,48.95504632683333],[2.4673283497589793,48.96433475385722],[2.5147706684191236,48.9822601449233],[2.5322426864128684,49.005223756710706],[2.55306064485419,49.0098171174389]]]}},{"type":"Feature","properties":{"code":"94","nom":"Val-de-Marne"},"geometry":{"type":"Polygon","coordinates":[[[2.3318953139887446,48.81701271305569],[2.363949262797974,48.81631512383787],[2.4006819201840903,48.82909612370583],[2.4384502049151475,48.818235158647155],[2.4626974524261254,48.81905707868419],[2.4622646327720443,48.84253748930953],[2.416339717281352,48.84923827340741],[2.4815340793391782,48.86140985004899],[2.533679919545506,48.84510353911671],[2.5922804883088015,48.8074366758147],[2.607003437584154,48.77439762384403],[2.5854093346308815,48.74171196622536],[2.585211502726328,48.727239448802735],[2.5688040564289847,48.707222628077005],[2.571660318442073,48.69201409164602],[2.5538667808447078,48.68832401270366],[2.531076672373326,48.69978570765512],[2.5157508385679277,48.72893861768784],[2.5035365695581286,48.735211482171685],[2.454965343815732,48.72228146116879],[2.4141357629081504,48.71799549181414],[2.3707067322771356,48.720175922532974],[2.3546837090965482,48.73856509020945],[2.3207180175230313,48.74875623508064],[2.3087015923862384,48.75541506900493],[2.3258120232145614,48.78191098020334],[2.318696288355829,48.78799561087479],[2.3318953139887446,48.81701271305569]]]}},{"type":"Feature","properties":{"code":"95","nom":"Val-d'Oise"},"geometry":{"type":"Polygon","coordinates":[[[2.5905242793946224,49.079654846732424],[2.572031573014404,49.06149045194861],[2.587858904546535,49.04990157898905],[2.547651942231624,49.02344674891678],[2.55306064485419,49.0098171174389],[2.5322426864128684,49.005223756710706],[2.5147706684191236,48.9822601449233],[2.4673283497589793,48.96433475385722],[2.4594899596115933,48.95504632683333],[2.407383854100793,48.95612202818259],[2.3845399290016545,48.970997610129494],[2.344102277288972,48.96823838528235],[2.333312950123798,48.95538233563509],[2.2989593311869005,48.96630137751687],[2.2909735732251613,48.950966788077196],[2.2687243837962194,48.94657952905197],[2.200591009269503,48.908679329890454],[2.20585834678071,48.94974074221645],[2.17723226175586,48.953657461253236],[2.175542212320485,48.97240487622723],[2.154931342389435,48.985723515837904],[2.1207126230627655,48.99330122057494],[2.127119946587909,49.009678482150534],[2.084914920835882,49.014678714910325],[2.02340791218018,48.99794435218925],[1.9918815520004978,49.0210106286694],[1.9378021652564328,49.02177632637227],[1.9124689805854491,49.041836823035794],[1.8912257485830386,49.03927754626276],[1.869115159435854,49.01823530435844],[1.8513341928477542,49.03336315145782],[1.8653368480003796,49.05724562325274],[1.8300339442296272,49.0754853922552],[1.7965466896679247,49.072232197890884],[1.7942998843096216,49.058190360814926],[1.7596265233069017,49.06332287848212],[1.7234571618642331,49.04497657550691],[1.6937298328462178,49.056950122989164],[1.6736891270071164,49.07815117318431],[1.6455144472390726,49.08139804743355],[1.6087960706299218,49.07789415353795],[1.6350518648476458,49.11430020855939],[1.655777439712795,49.13016217033744],[1.6643738026115165,49.15336752369717],[1.674090204376027,49.210248479159524],[1.7043642065965865,49.232201775163404],[1.7341091564710822,49.221278789282294],[1.7421373979981678,49.18015527802457],[1.755165127607803,49.17454501384096],[1.7954686863275515,49.18525912523885],[1.845548847714221,49.169897638882595],[1.877040859056052,49.17144524902654],[1.8852389528169067,49.16263786454188],[1.9314802344723212,49.17417045483985],[1.9607171449401366,49.173518197205695],[1.973760882151743,49.18378113635129],[2.0006083248213287,49.175708039448175],[2.0749104023995684,49.20868708172066],[2.0968812642737786,49.18975715797898],[2.1327389034606554,49.191378260554046],[2.1819500283812623,49.17367773782481],[2.218650036331584,49.180682600571025],[2.252488213818398,49.15288152246086],[2.2864129770481765,49.15992057659305],[2.3109290446865427,49.18640655833579],[2.3462570508145517,49.161815824563625],[2.3912888696248515,49.14934773205012],[2.4131026213629148,49.152351151856486],[2.471584849664169,49.13543134509872],[2.5032579551258722,49.11758406300134],[2.4899309091229616,49.10636117791936],[2.5581713639343153,49.09838623642425],[2.5905242793946224,49.079654846732424]]]}},{"type":"Feature","properties":{"code":"971","nom":"Guadeloupe"},"geometry":{"type":"MultiPolygon","coordinates":[[[[-61.79038,16.16682],[-61.79164,16.1671],[-61.79197,16.16791],[-61.79056,16.16935],[-61.78957,16.16975],[-61.78817,16.16911],[-61.78771,16.16843],[-61.78809,16.16735],[-61.78958,16.16763],[-61.79038,16.16682]]],[[[-61.60694,15.8344],[-61.6076,15.83441],[-61.60992,15.83591],[-61.61047,15.83691],[-61.61205,15.83841],[-61.61134,15.83954],[-61.61037,15.83872],[-61.60963,15.83713],[-61.60843,15.83581],[-61.60712,15.83535],[-61.60694,15.8344]]],[[[-61.63356,15.83977],[-61.63593,15.8415],[-61.63682,15.84142],[-61.6398,15.84333],[-61.64319,15.84485],[-61.6465,15.84676],[-61.64915,15.8475],[-61.6505,15.84756],[-61.65092,15.84865],[-61.65016,15.84963],[-61.64899,15.85017],[-61.64838,15.85107],[-61.64898,15.85198],[-61.64883,15.85311],[-61.64715,15.85423],[-61.64699,15.85707],[-61.64665,15.85928],[-61.64673,15.86105],[-61.64607,15.86177],[-61.64477,15.86049],[-61.64346,15.86094],[-61.642,15.86224],[-61.6398,15.86335],[-61.6374,15.86709],[-61.63654,15.86912],[-61.63639,15.87043],[-61.63513,15.87096],[-61.63496,15.86847],[-61.63445,15.86802],[-61.63193,15.86805],[-61.62913,15.86695],[-61.62563,15.86652],[-61.62312,15.86555],[-61.62294,15.86447],[-61.62506,15.86186],[-61.62498,15.86014],[-61.62414,15.85878],[-61.62045,15.85912],[-61.6192,15.85848],[-61.61696,15.85851],[-61.61533,15.85719],[-61.61436,15.85533],[-61.6147,15.85398],[-61.61656,15.85448],[-61.61657,15.85304],[-61.61812,15.85151],[-61.61984,15.85288],[-61.61965,15.85423],[-61.62034,15.85541],[-61.62231,15.85371],[-61.62209,15.85163],[-61.62327,15.84938],[-61.62576,15.84776],[-61.62633,15.84695],[-61.62676,15.8451],[-61.62855,15.84231],[-61.62954,15.84137],[-61.63126,15.84143],[-61.63347,15.84018],[-61.63356,15.83977]]],[[[-61.11993,16.16716],[-61.12157,16.16731],[-61.12366,16.16827],[-61.12721,16.16876],[-61.12889,16.16945],[-61.13124,16.17236],[-61.1288,16.17347],[-61.12633,16.17277],[-61.12455,16.1733],[-61.12091,16.17295],[-61.11637,16.17282],[-61.11436,16.17334],[-61.11262,16.17455],[-61.10982,16.17384],[-61.10992,16.17244],[-61.10913,16.17221],[-61.10791,16.17274],[-61.10722,16.17219],[-61.1069,16.17093],[-61.10879,16.16859],[-61.11005,16.16883],[-61.1122,16.16862],[-61.11548,16.16802],[-61.11679,16.16817],[-61.1188,16.16778],[-61.11993,16.16716]]],[[[-61.00982,16.34998],[-61.00778,16.34847],[-61.00849,16.34726],[-61.00705,16.34657],[-61.00721,16.34476],[-61.00585,16.34448],[-61.00672,16.3416],[-61.00631,16.34069],[-61.00538,16.34032],[-61.00451,16.33878],[-61.00456,16.33814],[-61.00346,16.33633],[-61.00248,16.33573],[-61.00208,16.33396],[-61.00334,16.33361],[-61.0041,16.33245],[-61.00528,16.33151],[-61.00678,16.33148],[-61.00857,16.33028],[-61.00928,16.32924],[-61.01017,16.32948],[-61.01205,16.3285],[-61.01251,16.32923],[-61.01359,16.32933],[-61.01323,16.32734],[-61.01464,16.32699],[-61.01524,16.32776],[-61.01767,16.32783],[-61.01912,16.32757],[-61.02012,16.3265],[-61.02219,16.32548],[-61.02472,16.32451],[-61.02736,16.323],[-61.03155,16.32037],[-61.03334,16.31899],[-61.03546,16.31792],[-61.03843,16.31488],[-61.03993,16.31458],[-61.04249,16.31184],[-61.04357,16.31118],[-61.04579,16.30921],[-61.04852,16.30761],[-61.04964,16.30739],[-61.05115,16.30655],[-61.05222,16.30656],[-61.05949,16.30486],[-61.06103,16.30492],[-61.06263,16.30408],[-61.06629,16.30316],[-61.06886,16.30332],[-61.07083,16.30302],[-61.07149,16.30213],[-61.07267,16.30187],[-61.07359,16.30291],[-61.07505,16.30216],[-61.07732,16.29978],[-61.07928,16.29989],[-61.08017,16.29954],[-61.08103,16.29797],[-61.08385,16.29655],[-61.08727,16.29585],[-61.09003,16.29601],[-61.09144,16.29562],[-61.09375,16.29379],[-61.09536,16.29182],[-61.09579,16.29046],[-61.09724,16.29052],[-61.09775,16.29139],[-61.09805,16.2936],[-61.09885,16.29383],[-61.0979,16.29527],[-61.09794,16.29609],[-61.09637,16.29842],[-61.09645,16.30014],[-61.0976,16.30164],[-61.09805,16.30345],[-61.09696,16.30484],[-61.09607,16.30538],[-61.09359,16.30531],[-61.09263,16.30765],[-61.09059,16.31052],[-61.09063,16.31183],[-61.08922,16.31232],[-61.08792,16.31158],[-61.08637,16.31157],[-61.07864,16.31245],[-61.07746,16.31348],[-61.07697,16.31614],[-61.0753,16.3191],[-61.07333,16.32008],[-61.07203,16.31925],[-61.06955,16.31873],[-61.06838,16.31931],[-61.06566,16.32019],[-61.06463,16.32009],[-61.06349,16.32148],[-61.06199,16.32151],[-61.05974,16.32253],[-61.05968,16.32366],[-61.05747,16.32468],[-61.05633,16.3267],[-61.05493,16.32637],[-61.05351,16.32753],[-61.05127,16.3276],[-61.05046,16.32845],[-61.05017,16.32953],[-61.04894,16.33061],[-61.04888,16.33219],[-61.04761,16.33258],[-61.04762,16.33154],[-61.04614,16.33058],[-61.04396,16.33336],[-61.04193,16.33447],[-61.04146,16.33524],[-61.04015,16.3355],[-61.03917,16.33458],[-61.03761,16.33687],[-61.03658,16.33682],[-61.03545,16.33767],[-61.03553,16.33834],[-61.03399,16.33846],[-61.03245,16.33741],[-61.03161,16.33795],[-61.0313,16.3407],[-61.03064,16.34123],[-61.0299,16.34023],[-61.02844,16.34058],[-61.02745,16.34193],[-61.02622,16.34264],[-61.02482,16.34272],[-61.02387,16.34456],[-61.02251,16.34491],[-61.02088,16.34354],[-61.01971,16.3438],[-61.01914,16.34483],[-61.0181,16.34573],[-61.01666,16.34892],[-61.01526,16.34936],[-61.01428,16.34876],[-61.01066,16.34999],[-61.00982,16.34998]]],[[[-61.77767,16.36397],[-61.77851,16.36402],[-61.78033,16.36485],[-61.78163,16.36689],[-61.78125,16.36824],[-61.78138,16.36942],[-61.78063,16.37041],[-61.78007,16.36909],[-61.77792,16.36822],[-61.77775,16.36696],[-61.77822,16.3652],[-61.77767,16.36397]]],[[[-61.58577,15.8321],[-61.58609,15.83282],[-61.58837,15.83306],[-61.58977,15.83352],[-61.5914,15.83489],[-61.59256,15.83526],[-61.59401,15.83477],[-61.59606,15.83483],[-61.59713,15.83542],[-61.59694,15.83606],[-61.59567,15.83727],[-61.5952,15.83894],[-61.5937,15.83965],[-61.59285,15.84046],[-61.59261,15.84159],[-61.59171,15.84289],[-61.59,15.84134],[-61.5867,15.83884],[-61.58541,15.83648],[-61.58462,15.83629],[-61.58463,15.83476],[-61.5851,15.8334],[-61.58502,15.83223],[-61.58577,15.8321]]],[[[-61.59328,15.85253],[-61.59393,15.85303],[-61.59738,15.85314],[-61.59822,15.854],[-61.60027,15.85474],[-61.60152,15.85601],[-61.60221,15.85756],[-61.60366,15.85761],[-61.60539,15.85672],[-61.60665,15.85713],[-61.60523,15.85947],[-61.60392,15.85987],[-61.60079,15.85967],[-61.60018,15.86016],[-61.59985,15.86174],[-61.5989,15.86336],[-61.59974,15.86396],[-61.59982,15.86486],[-61.59866,15.8649],[-61.59773,15.86354],[-61.59511,15.86411],[-61.59129,15.8639],[-61.5904,15.86417],[-61.59011,15.8653],[-61.58853,15.8642],[-61.58746,15.86437],[-61.58573,15.86364],[-61.58433,15.86435],[-61.58465,15.86549],[-61.58291,15.86701],[-61.58299,15.86796],[-61.58205,15.86926],[-61.58237,15.87026],[-61.58344,15.87117],[-61.58329,15.87221],[-61.58403,15.87334],[-61.58505,15.87389],[-61.58476,15.87606],[-61.5826,15.87713],[-61.58208,15.8783],[-61.58221,15.87948],[-61.58155,15.88092],[-61.5809,15.8811],[-61.58012,15.87888],[-61.57919,15.8781],[-61.5799,15.87698],[-61.57897,15.87584],[-61.57851,15.87466],[-61.57917,15.87349],[-61.5782,15.87299],[-61.57557,15.87496],[-61.57498,15.87884],[-61.57413,15.88096],[-61.57373,15.88363],[-61.57262,15.88258],[-61.57159,15.88257],[-61.57132,15.88112],[-61.57016,15.88017],[-61.56966,15.87912],[-61.56876,15.87975],[-61.56812,15.87866],[-61.56972,15.87691],[-61.56884,15.87623],[-61.56997,15.87452],[-61.57142,15.8734],[-61.57129,15.87222],[-61.5699,15.87135],[-61.56835,15.87166],[-61.567,15.87228],[-61.56611,15.87187],[-61.56645,15.87097],[-61.56874,15.86967],[-61.57089,15.86919],[-61.57052,15.86869],[-61.57109,15.86729],[-61.57422,15.86713],[-61.57534,15.86741],[-61.57656,15.86656],[-61.5787,15.86179],[-61.57876,15.85957],[-61.57629,15.85825],[-61.577,15.85739],[-61.57738,15.85613],[-61.57841,15.85532],[-61.57967,15.85592],[-61.57933,15.85781],[-61.58022,15.858],[-61.58074,15.85714],[-61.58246,15.85711],[-61.58283,15.8577],[-61.58424,15.85708],[-61.58667,15.85718],[-61.58787,15.85918],[-61.58899,15.85896],[-61.58961,15.85621],[-61.59008,15.85621],[-61.59061,15.85445],[-61.59328,15.85253]]],[[[-61.59371,15.87178],[-61.59487,15.87201],[-61.59579,15.87378],[-61.59681,15.87487],[-61.59914,15.87588],[-61.60054,15.87594],[-61.6017,15.87744],[-61.59922,15.87819],[-61.59839,15.8771],[-61.59694,15.87704],[-61.59628,15.87767],[-61.594,15.87693],[-61.59306,15.87824],[-61.59119,15.87737],[-61.59088,15.87565],[-61.59238,15.87435],[-61.59248,15.87308],[-61.59371,15.87178]]],[[[-61.56671,15.87251],[-61.56755,15.87283],[-61.56642,15.87481],[-61.5652,15.87512],[-61.56573,15.87345],[-61.56671,15.87251]]],[[[-61.10635,16.17598],[-61.10975,16.17583],[-61.11064,16.17557],[-61.114,16.17646],[-61.11385,16.17763],[-61.11268,16.17762],[-61.11089,16.17873],[-61.10724,16.17893],[-61.10607,16.17987],[-61.10578,16.18086],[-61.10451,16.18045],[-61.10392,16.18107],[-61.10311,16.18042],[-61.1036,16.17919],[-61.10458,16.17859],[-61.10592,16.17589],[-61.10635,16.17598]]],[[[-61.32312,15.94961],[-61.32025,15.95202],[-61.3193,15.95364],[-61.31909,15.95649],[-61.31845,15.96041],[-61.31858,15.96173],[-61.31819,15.9643],[-61.31821,15.96751],[-61.31881,15.96783],[-61.31833,15.96972],[-61.31851,15.97076],[-61.31816,15.9727],[-61.31838,15.97469],[-61.31902,15.97592],[-61.31813,15.97627],[-61.31425,15.97647],[-61.31247,15.97691],[-61.31037,15.97712],[-61.30854,15.97769],[-61.30671,15.97885],[-61.30624,15.9797],[-61.30674,15.9807],[-61.30595,15.98128],[-61.30542,15.98313],[-61.30628,15.98603],[-61.30552,15.98711],[-61.30389,15.987],[-61.30159,15.98789],[-61.30041,15.98937],[-61.3005,15.99041],[-61.29894,15.99225],[-61.29893,15.99338],[-61.29827,15.99396],[-61.29708,15.9968],[-61.29637,15.99788],[-61.29458,15.99958],[-61.29364,16.00016],[-61.29123,16.00317],[-61.28973,16.00415],[-61.28889,16.00338],[-61.28763,16.00391],[-61.28674,16.00354],[-61.28604,16.00408],[-61.28333,16.00406],[-61.28184,16.00314],[-61.2808,16.0044],[-61.27776,16.00492],[-61.27686,16.00658],[-61.27569,16.00729],[-61.27585,16.00517],[-61.27389,16.00498],[-61.27357,16.00389],[-61.27225,16.0046],[-61.27119,16.00387],[-61.27077,16.00296],[-61.26829,16.00321],[-61.2669,16.00257],[-61.2663,16.00184],[-61.2648,16.00169],[-61.26071,15.99949],[-61.26081,15.99872],[-61.25932,15.99849],[-61.25831,15.99663],[-61.25747,15.99639],[-61.25715,15.99535],[-61.25607,15.9957],[-61.25599,15.99466],[-61.25403,15.99442],[-61.25296,15.99342],[-61.25274,15.99215],[-61.25073,15.99277],[-61.25027,15.99191],[-61.24938,15.9919],[-61.24806,15.99338],[-61.24761,15.9913],[-61.24429,15.99181],[-61.24397,15.99136],[-61.24172,15.99152],[-61.24267,15.99022],[-61.24352,15.98846],[-61.2433,15.98733],[-61.24161,15.98872],[-61.24002,15.98893],[-61.23932,15.98847],[-61.23967,15.98568],[-61.2384,15.98639],[-61.23607,15.9861],[-61.23528,15.98528],[-61.23309,15.98571],[-61.23188,15.9843],[-61.23278,15.98363],[-61.23306,15.98273],[-61.23256,15.982],[-61.23046,15.98113],[-61.23033,15.98022],[-61.23146,15.97919],[-61.23203,15.97784],[-61.23111,15.97666],[-61.22999,15.9766],[-61.23034,15.97444],[-61.23114,15.97354],[-61.2298,15.97105],[-61.22883,15.97004],[-61.22762,15.96981],[-61.22772,15.96859],[-61.22722,15.96786],[-61.22567,15.96825],[-61.22348,15.96833],[-61.2233,15.96674],[-61.22434,15.9654],[-61.22449,15.96436],[-61.22259,15.96335],[-61.22128,15.96334],[-61.21914,15.96215],[-61.21799,15.96019],[-61.21763,15.95897],[-61.21778,15.95753],[-61.21709,15.95675],[-61.21485,15.95664],[-61.21368,15.95632],[-61.21234,15.95536],[-61.21099,15.95489],[-61.20825,15.95302],[-61.20649,15.95142],[-61.2056,15.9511],[-61.2045,15.94919],[-61.20061,15.94509],[-61.19833,15.93929],[-61.19734,15.93499],[-61.19679,15.93354],[-61.1961,15.93295],[-61.19602,15.93082],[-61.19523,15.93064],[-61.1951,15.9295],[-61.1961,15.92743],[-61.19699,15.92699],[-61.197,15.92541],[-61.19608,15.92414],[-61.19587,15.92129],[-61.19653,15.92066],[-61.19736,15.91683],[-61.19723,15.91601],[-61.19894,15.91237],[-61.19994,15.91079],[-61.20127,15.90805],[-61.20128,15.90724],[-61.20256,15.90467],[-61.20317,15.904],[-61.20271,15.90318],[-61.20398,15.90193],[-61.20455,15.90094],[-61.20886,15.89939],[-61.21026,15.89927],[-61.2114,15.89806],[-61.21289,15.89744],[-61.21426,15.89596],[-61.21539,15.89551],[-61.21782,15.89517],[-61.22103,15.89122],[-61.22171,15.88789],[-61.22325,15.88767],[-61.22593,15.88607],[-61.22706,15.88463],[-61.22833,15.8836],[-61.2303,15.88262],[-61.23222,15.88205],[-61.23312,15.88025],[-61.23449,15.87904],[-61.23575,15.87905],[-61.23655,15.87834],[-61.238,15.87794],[-61.23908,15.87678],[-61.24053,15.8762],[-61.24251,15.87446],[-61.24452,15.87456],[-61.24724,15.87296],[-61.24859,15.87288],[-61.25056,15.87194],[-61.25121,15.87213],[-61.25406,15.87193],[-61.25477,15.87135],[-61.25589,15.87145],[-61.25879,15.87075],[-61.25878,15.87115],[-61.26331,15.87092],[-61.26483,15.86881],[-61.26614,15.86827],[-61.2673,15.86833],[-61.26871,15.8673],[-61.27011,15.86772],[-61.27123,15.86723],[-61.27221,15.86746],[-61.2739,15.86685],[-61.27469,15.86757],[-61.27586,15.86713],[-61.27711,15.8675],[-61.27847,15.8672],[-61.27918,15.86653],[-61.28085,15.86713],[-61.28284,15.87003],[-61.2833,15.86977],[-61.28545,15.87046],[-61.28727,15.86998],[-61.2882,15.87012],[-61.28885,15.87099],[-61.29118,15.87146],[-61.29145,15.87227],[-61.29401,15.87301],[-61.29569,15.87307],[-61.2983,15.87404],[-61.30087,15.87447],[-61.30231,15.87435],[-61.30315,15.87471],[-61.30491,15.87617],[-61.30625,15.87767],[-61.30774,15.87864],[-61.30979,15.87946],[-61.31119,15.87929],[-61.31357,15.8799],[-61.31501,15.88054],[-61.31923,15.88347],[-61.32262,15.88607],[-61.32484,15.88889],[-61.3258,15.89129],[-61.32649,15.89211],[-61.32694,15.89433],[-61.3274,15.89515],[-61.32995,15.89684],[-61.33102,15.89811],[-61.33092,15.89888],[-61.33184,15.9006],[-61.32995,15.90298],[-61.32943,15.90415],[-61.33023,15.90859],[-61.33192,15.91253],[-61.33256,15.91489],[-61.33259,15.91642],[-61.33333,15.91815],[-61.33363,15.92054],[-61.33472,15.9248],[-61.33489,15.92692],[-61.33555,15.93122],[-61.33696,15.93661],[-61.33722,15.93842],[-61.33706,15.94149],[-61.33452,15.94364],[-61.32908,15.94644],[-61.32828,15.94703],[-61.32537,15.94831],[-61.32312,15.94961]]],[[[-61.58724,16.34494],[-61.58935,16.34495],[-61.59112,16.34627],[-61.59191,16.34627],[-61.59375,16.34457],[-61.59443,16.34195],[-61.597,16.34233],[-61.59662,16.34319],[-61.59407,16.34575],[-61.59369,16.3466],[-61.59261,16.34759],[-61.59147,16.34912],[-61.5914,16.35255],[-61.59027,16.35349],[-61.5891,16.35362],[-61.58616,16.35301],[-61.58499,16.35246],[-61.5827,16.35209],[-61.58056,16.35053],[-61.57893,16.34903],[-61.57928,16.3465],[-61.58074,16.34525],[-61.58303,16.34468],[-61.58448,16.34464],[-61.58565,16.34501],[-61.58724,16.34494]]],[[[-61.52521,16.34835],[-61.52731,16.34927],[-61.52992,16.34996],[-61.52987,16.35082],[-61.52636,16.35061],[-61.52502,16.34875],[-61.52521,16.34835]]],[[[-61.54392,16.29235],[-61.54494,16.29299],[-61.54507,16.29444],[-61.54292,16.29515],[-61.54204,16.29406],[-61.54284,16.29271],[-61.54392,16.29235]]],[[[-61.55009,16.28038],[-61.55275,16.28121],[-61.55171,16.28233],[-61.55022,16.28218],[-61.54971,16.2815],[-61.55009,16.28038]]],[[[-61.50735,16.34916],[-61.50948,16.34883],[-61.51013,16.34973],[-61.50821,16.3499],[-61.50735,16.34916]]],[[[-61.55217,16.28405],[-61.55529,16.28606],[-61.55407,16.28641],[-61.55188,16.28464],[-61.55217,16.28405]]],[[[-61.55552,16.28638],[-61.55645,16.28702],[-61.55518,16.288],[-61.55425,16.28673],[-61.55552,16.28638]]],[[[-61.80606,16.268],[-61.80629,16.26855],[-61.8083,16.26901],[-61.8082,16.27036],[-61.80958,16.27286],[-61.80499,16.27486],[-61.80404,16.27599],[-61.80418,16.27698],[-61.80333,16.27743],[-61.80248,16.2791],[-61.80271,16.28055],[-61.80341,16.28051],[-61.80415,16.2815],[-61.80321,16.28276],[-61.80315,16.28462],[-61.80216,16.28542],[-61.80164,16.28673],[-61.80234,16.28764],[-61.80232,16.28949],[-61.80278,16.29189],[-61.80263,16.29334],[-61.80308,16.29537],[-61.80215,16.29528],[-61.80181,16.29785],[-61.80222,16.29898],[-61.80211,16.30124],[-61.80018,16.30382],[-61.7991,16.30376],[-61.79807,16.30426],[-61.79568,16.3046],[-61.79459,16.30677],[-61.79482,16.30844],[-61.79635,16.3094],[-61.79785,16.30959],[-61.80023,16.31077],[-61.80088,16.31182],[-61.80181,16.31191],[-61.80156,16.31435],[-61.80001,16.3166],[-61.79686,16.31794],[-61.79227,16.31932],[-61.78982,16.32097],[-61.78869,16.3221],[-61.7868,16.32516],[-61.78679,16.32769],[-61.78701,16.32954],[-61.78887,16.33177],[-61.78877,16.3334],[-61.78744,16.33574],[-61.78551,16.33722],[-61.78509,16.33812],[-61.78359,16.3382],[-61.77927,16.3408],[-61.7778,16.34251],[-61.77834,16.34617],[-61.77764,16.34653],[-61.77571,16.34846],[-61.77612,16.35004],[-61.77467,16.34945],[-61.772,16.34961],[-61.77106,16.35006],[-61.76956,16.35141],[-61.76862,16.35127],[-61.76707,16.35175],[-61.76627,16.35333],[-61.76416,16.35436],[-61.76308,16.35404],[-61.76097,16.35466],[-61.75947,16.35569],[-61.75699,16.35445],[-61.75424,16.35385],[-61.75035,16.35428],[-61.74861,16.35494],[-61.74823,16.3563],[-61.7463,16.35742],[-61.74574,16.35827],[-61.74596,16.36044],[-61.74431,16.36111],[-61.74328,16.36201],[-61.74198,16.36064],[-61.74001,16.35995],[-61.73884,16.36031],[-61.73731,16.35827],[-61.73507,16.35699],[-61.73246,16.35629],[-61.73063,16.35673],[-61.72936,16.35781],[-61.72904,16.35677],[-61.72829,16.35654],[-61.72806,16.3555],[-61.72648,16.3544],[-61.72446,16.35399],[-61.72461,16.35254],[-61.72083,16.35035],[-61.72206,16.34855],[-61.72113,16.34737],[-61.71982,16.34763],[-61.71889,16.34618],[-61.71796,16.34595],[-61.71679,16.34486],[-61.71572,16.34449],[-61.71704,16.34309],[-61.71649,16.34146],[-61.71551,16.34065],[-61.71613,16.33975],[-61.7151,16.33856],[-61.71426,16.33833],[-61.7138,16.33734],[-61.71141,16.33723],[-61.70875,16.33608],[-61.70749,16.33617],[-61.70655,16.33688],[-61.70318,16.3365],[-61.70128,16.33446],[-61.70001,16.33535],[-61.69912,16.3353],[-61.69767,16.33421],[-61.69627,16.33416],[-61.69524,16.33474],[-61.69397,16.33464],[-61.69216,16.33323],[-61.69198,16.33246],[-61.69091,16.33105],[-61.68904,16.33113],[-61.68858,16.33],[-61.68671,16.32985],[-61.68596,16.32894],[-61.68579,16.32632],[-61.68626,16.32587],[-61.68534,16.32464],[-61.68388,16.32513],[-61.68145,16.32475],[-61.68017,16.32687],[-61.6812,16.32746],[-61.68026,16.32836],[-61.67862,16.32822],[-61.67839,16.32718],[-61.67737,16.32645],[-61.67517,16.32593],[-61.67401,16.32507],[-61.67261,16.32461],[-61.67327,16.32321],[-61.67238,16.32298],[-61.67197,16.32167],[-61.67104,16.32121],[-61.67039,16.31989],[-61.6712,16.31787],[-61.67017,16.31786],[-61.66901,16.31708],[-61.66741,16.3187],[-61.6667,16.32005],[-61.66596,16.31788],[-61.66493,16.3176],[-61.66338,16.31845],[-61.66084,16.32024],[-61.65963,16.31969],[-61.65818,16.31982],[-61.65505,16.31957],[-61.6541,16.32056],[-61.65218,16.32132],[-61.65036,16.32103],[-61.64855,16.31894],[-61.64737,16.31912],[-61.64644,16.31843],[-61.64411,16.31796],[-61.64117,16.31632],[-61.64094,16.31578],[-61.64207,16.31497],[-61.6432,16.31344],[-61.64461,16.31286],[-61.64476,16.31119],[-61.64347,16.30879],[-61.64057,16.30868],[-61.63827,16.30948],[-61.63715,16.3092],[-61.63673,16.30852],[-61.63454,16.30783],[-61.63389,16.30687],[-61.6339,16.30561],[-61.63315,16.30479],[-61.62913,16.30463],[-61.62768,16.30439],[-61.62699,16.30303],[-61.62574,16.30158],[-61.62438,16.30125],[-61.62279,16.30133],[-61.61829,16.30216],[-61.61688,16.30274],[-61.61412,16.30326],[-61.61253,16.30303],[-61.61201,16.30352],[-61.60882,16.3044],[-61.60499,16.30433],[-61.60373,16.30351],[-61.60233,16.30341],[-61.60172,16.30291],[-61.60141,16.30097],[-61.60226,16.29925],[-61.60353,16.29813],[-61.60616,16.29752],[-61.60715,16.29644],[-61.60926,16.29519],[-61.61063,16.29375],[-61.61116,16.2924],[-61.61099,16.28996],[-61.61213,16.28739],[-61.61242,16.28509],[-61.61445,16.28316],[-61.616,16.28249],[-61.61768,16.2825],[-61.61997,16.28288],[-61.62067,16.28333],[-61.61931,16.2845],[-61.61823,16.28476],[-61.61666,16.28755],[-61.6168,16.28841],[-61.61773,16.28928],[-61.61767,16.29018],[-61.61967,16.29218],[-61.62079,16.29224],[-61.62067,16.29061],[-61.61904,16.28902],[-61.61896,16.28716],[-61.62071,16.28496],[-61.62207,16.28434],[-61.62385,16.28304],[-61.62596,16.28255],[-61.62691,16.28053],[-61.62651,16.27831],[-61.62577,16.27672],[-61.62428,16.2754],[-61.62259,16.27616],[-61.61987,16.27687],[-61.61575,16.27833],[-61.61303,16.27876],[-61.61185,16.27948],[-61.61144,16.27875],[-61.61136,16.27636],[-61.61217,16.27392],[-61.61492,16.27001],[-61.61455,16.26879],[-61.61353,16.26765],[-61.61194,16.26719],[-61.61072,16.26827],[-61.60992,16.26844],[-61.60758,16.2682],[-61.60603,16.26964],[-61.60498,16.27202],[-61.60292,16.27273],[-61.60207,16.27368],[-61.6022,16.27494],[-61.5996,16.27962],[-61.59921,16.28111],[-61.59864,16.2817],[-61.59738,16.28146],[-61.59847,16.28043],[-61.599,16.27759],[-61.59714,16.27595],[-61.59696,16.27482],[-61.59782,16.27283],[-61.59848,16.27261],[-61.60069,16.271],[-61.60065,16.26888],[-61.59857,16.26647],[-61.5974,16.26605],[-61.59497,16.26604],[-61.59229,16.26683],[-61.59089,16.26687],[-61.58934,16.26785],[-61.58924,16.26848],[-61.58502,16.26963],[-61.58422,16.27012],[-61.58347,16.27152],[-61.58335,16.27432],[-61.58279,16.27445],[-61.58222,16.27585],[-61.57916,16.27886],[-61.57918,16.2817],[-61.57978,16.28238],[-61.57963,16.28378],[-61.57706,16.28404],[-61.57612,16.28512],[-61.57458,16.28334],[-61.57454,16.28244],[-61.5731,16.28166],[-61.57244,16.28224],[-61.57025,16.28155],[-61.56934,16.28417],[-61.56643,16.28559],[-61.56483,16.28662],[-61.56319,16.28643],[-61.56301,16.2853],[-61.56199,16.28457],[-61.5619,16.28344],[-61.56022,16.28392],[-61.56002,16.2855],[-61.55865,16.2864],[-61.55511,16.28475],[-61.55498,16.28389],[-61.554,16.28262],[-61.55298,16.28243],[-61.5528,16.28053],[-61.55319,16.27859],[-61.55564,16.27653],[-61.55609,16.27888],[-61.55959,16.28026],[-61.55978,16.27909],[-61.56064,16.27747],[-61.56065,16.27606],[-61.55901,16.27583],[-61.55793,16.27623],[-61.55716,16.27383],[-61.55609,16.27296],[-61.55529,16.273],[-61.5549,16.27539],[-61.55536,16.27653],[-61.55315,16.27823],[-61.55277,16.27795],[-61.55095,16.27826],[-61.5495,16.27757],[-61.54928,16.27612],[-61.54952,16.27499],[-61.5494,16.27215],[-61.5482,16.27042],[-61.54862,16.26988],[-61.54869,16.26785],[-61.54794,16.26694],[-61.54832,16.26617],[-61.54764,16.26355],[-61.54789,16.2612],[-61.54846,16.26039],[-61.54725,16.25894],[-61.54723,16.25614],[-61.54911,16.25407],[-61.55016,16.25227],[-61.55137,16.2521],[-61.55279,16.25089],[-61.55308,16.24958],[-61.55173,16.24826],[-61.55104,16.24626],[-61.54979,16.24544],[-61.54845,16.24227],[-61.54883,16.24191],[-61.55058,16.23849],[-61.55075,16.23555],[-61.54974,16.23274],[-61.54895,16.23193],[-61.54693,16.23236],[-61.54679,16.23277],[-61.54296,16.233],[-61.5417,16.23139],[-61.5458,16.22815],[-61.54692,16.22825],[-61.54544,16.22616],[-61.54455,16.22534],[-61.54601,16.22382],[-61.54771,16.22329],[-61.55169,16.22418],[-61.5527,16.22524],[-61.55331,16.22646],[-61.55444,16.23007],[-61.55591,16.23265],[-61.55768,16.23343],[-61.55814,16.2347],[-61.55893,16.23525],[-61.56076,16.2353],[-61.56245,16.23405],[-61.56283,16.23324],[-61.56219,16.23202],[-61.56415,16.23216],[-61.56666,16.23358],[-61.56656,16.23543],[-61.56721,16.23598],[-61.57067,16.23591],[-61.57254,16.23557],[-61.57391,16.23444],[-61.57494,16.23436],[-61.57741,16.23497],[-61.57834,16.23597],[-61.57857,16.23683],[-61.57992,16.23688],[-61.58317,16.23442],[-61.58435,16.23298],[-61.58413,16.23149],[-61.5846,16.23031],[-61.58571,16.2263],[-61.58751,16.22279],[-61.58822,16.22041],[-61.58833,16.21796],[-61.58713,16.21691],[-61.58462,16.21418],[-61.5858,16.21356],[-61.5874,16.21185],[-61.58755,16.21004],[-61.58616,16.20854],[-61.58626,16.20764],[-61.58523,16.20727],[-61.58315,16.20477],[-61.58495,16.2013],[-61.58753,16.19956],[-61.58843,16.19848],[-61.58995,16.19515],[-61.59043,16.19325],[-61.59002,16.19185],[-61.58995,16.18918],[-61.58898,16.18755],[-61.58913,16.18624],[-61.58862,16.18511],[-61.58639,16.18306],[-61.58594,16.18056],[-61.58445,16.17987],[-61.58104,16.17967],[-61.5802,16.17899],[-61.5805,16.1761],[-61.57967,16.17473],[-61.57959,16.17324],[-61.58108,16.1728],[-61.5817,16.17181],[-61.58339,16.17101],[-61.58476,16.16948],[-61.58496,16.16754],[-61.58378,16.16252],[-61.58201,16.16074],[-61.5816,16.15916],[-61.58189,16.15758],[-61.58167,16.15568],[-61.58089,16.15463],[-61.57832,16.1538],[-61.57547,16.1536],[-61.57534,16.15207],[-61.57395,16.15038],[-61.57569,16.14976],[-61.57603,16.14723],[-61.57595,16.14543],[-61.57801,16.14467],[-61.5777,16.14286],[-61.57616,16.14235],[-61.57551,16.14149],[-61.57575,16.14041],[-61.57412,16.13936],[-61.57413,16.13778],[-61.57293,16.13664],[-61.57083,16.13635],[-61.57055,16.13595],[-61.56761,16.1352],[-61.56579,16.13397],[-61.56462,16.1346],[-61.56308,16.13431],[-61.5622,16.1334],[-61.56086,16.13114],[-61.56059,16.12955],[-61.56111,16.12829],[-61.5629,16.12735],[-61.56361,16.12587],[-61.5659,16.12525],[-61.56816,16.1235],[-61.56995,16.12107],[-61.57045,16.11728],[-61.57038,16.11394],[-61.56919,16.11081],[-61.56719,16.10849],[-61.56561,16.10789],[-61.56318,16.10765],[-61.56272,16.1058],[-61.56348,16.10508],[-61.56363,16.10345],[-61.56326,16.10268],[-61.56214,16.10263],[-61.56093,16.10163],[-61.56109,16.09919],[-61.56157,16.09788],[-61.5613,16.09634],[-61.56051,16.09516],[-61.55948,16.09488],[-61.5588,16.09276],[-61.55965,16.09077],[-61.55953,16.08906],[-61.56019,16.08816],[-61.56057,16.08671],[-61.56097,16.08346],[-61.56085,16.0807],[-61.55997,16.07912],[-61.55914,16.07834],[-61.56076,16.07402],[-61.56096,16.07212],[-61.5607,16.06841],[-61.56083,16.06317],[-61.56006,16.06054],[-61.55913,16.05936],[-61.55787,16.05877],[-61.55588,16.0564],[-61.55533,16.05486],[-61.55534,16.05324],[-61.55586,16.05301],[-61.55763,16.05416],[-61.5575,16.05221],[-61.55643,16.05117],[-61.55733,16.05031],[-61.55911,16.04974],[-61.56052,16.04807],[-61.56091,16.04573],[-61.56288,16.04434],[-61.56397,16.04322],[-61.56444,16.04209],[-61.56476,16.03762],[-61.56504,16.03658],[-61.56492,16.03373],[-61.56756,16.03068],[-61.56897,16.02965],[-61.56977,16.02834],[-61.56928,16.02599],[-61.57036,16.02496],[-61.57176,16.02474],[-61.57196,16.02316],[-61.57272,16.02195],[-61.57403,16.02114],[-61.57726,16.02026],[-61.57787,16.01977],[-61.57965,16.01928],[-61.58182,16.01699],[-61.58178,16.01577],[-61.58272,16.01456],[-61.58427,16.01326],[-61.58442,16.01226],[-61.58639,16.01178],[-61.5876,16.01188],[-61.5891,16.01058],[-61.58841,16.00958],[-61.58884,16.00899],[-61.59023,16.00932],[-61.59117,16.00874],[-61.59156,16.00702],[-61.59249,16.00689],[-61.59424,16.00519],[-61.59602,16.0043],[-61.59719,16.00417],[-61.59841,16.00273],[-61.59847,16.0011],[-61.60057,16.0008],[-61.60259,16.00004],[-61.60315,15.9991],[-61.60331,15.99747],[-61.60377,15.99725],[-61.6043,15.99549],[-61.60613,15.99474],[-61.60721,15.99384],[-61.60811,15.99217],[-61.61054,15.99196],[-61.61241,15.9913],[-61.6142,15.989],[-61.61422,15.98697],[-61.61455,15.98607],[-61.61461,15.98394],[-61.61439,15.98214],[-61.61637,15.97993],[-61.61782,15.9794],[-61.61956,15.97824],[-61.62012,15.97711],[-61.62013,15.97598],[-61.61869,15.97484],[-61.61828,15.97308],[-61.61918,15.97173],[-61.6203,15.97169],[-61.621,15.97251],[-61.62217,15.97152],[-61.62484,15.97104],[-61.62567,15.97227],[-61.62717,15.972],[-61.62853,15.97048],[-61.62975,15.97048],[-61.62991,15.96741],[-61.63113,15.96701],[-61.63276,15.9677],[-61.63337,15.96658],[-61.63459,15.96622],[-61.63622,15.967],[-61.63696,15.96786],[-61.63957,15.96788],[-61.64097,15.96821],[-61.64215,15.96731],[-61.64355,15.96736],[-61.64435,15.96687],[-61.64462,15.96832],[-61.64732,15.96865],[-61.64853,15.96974],[-61.65059,15.96867],[-61.65182,15.96737],[-61.65163,15.96678],[-61.6536,15.9667],[-61.6551,15.96545],[-61.6575,15.9628],[-61.65807,15.96099],[-61.65934,15.96023],[-61.66041,15.96114],[-61.66156,15.96291],[-61.66179,15.96404],[-61.66272,15.96436],[-61.66515,15.96388],[-61.66909,15.96201],[-61.67177,15.9594],[-61.67352,15.95675],[-61.67343,15.95575],[-61.67507,15.95432],[-61.67588,15.95256],[-61.67878,15.95195],[-61.6799,15.95132],[-61.68033,15.95055],[-61.68206,15.95052],[-61.68519,15.94973],[-61.68842,15.94934],[-61.69103,15.94935],[-61.69296,15.94837],[-61.69337,15.94855],[-61.69571,15.94812],[-61.69656,15.94704],[-61.69997,15.94661],[-61.70156,15.94743],[-61.70393,15.94925],[-61.70537,15.94949],[-61.70697,15.94837],[-61.70767,15.94891],[-61.70798,15.95072],[-61.70741,15.95198],[-61.70801,15.95334],[-61.70987,15.95457],[-61.70911,15.95624],[-61.70892,15.95782],[-61.70914,15.95936],[-61.70806,15.96103],[-61.708,15.96238],[-61.7085,15.96496],[-61.70941,15.96754],[-61.71019,15.97053],[-61.71,15.97134],[-61.71119,15.97438],[-61.71249,15.97619],[-61.71323,15.97778],[-61.71508,15.98018],[-61.71576,15.98159],[-61.71514,15.98258],[-61.71666,15.98437],[-61.71772,15.98359],[-61.72061,15.9851],[-61.7228,15.98538],[-61.72578,15.98789],[-61.73009,15.99211],[-61.73227,15.99552],[-61.73292,15.99529],[-61.73422,15.99697],[-61.73352,15.99733],[-61.73616,16.00019],[-61.73863,16.00256],[-61.7404,16.00352],[-61.74253,16.00507],[-61.74374,16.00657],[-61.74439,16.00793],[-61.74578,16.00942],[-61.7467,16.01106],[-61.74693,16.01282],[-61.7469,16.01739],[-61.74717,16.01847],[-61.7471,16.02168],[-61.74807,16.02349],[-61.74843,16.0258],[-61.74815,16.02688],[-61.74906,16.03028],[-61.75049,16.03241],[-61.75104,16.03449],[-61.75369,16.03654],[-61.75387,16.0388],[-61.75456,16.04034],[-61.75568,16.04062],[-61.75716,16.04212],[-61.75814,16.04362],[-61.76102,16.04571],[-61.76083,16.04648],[-61.76204,16.04784],[-61.76371,16.04885],[-61.76474,16.04912],[-61.76492,16.05048],[-61.76593,16.05279],[-61.76732,16.05411],[-61.76815,16.05588],[-61.76866,16.05773],[-61.76954,16.05873],[-61.77035,16.06303],[-61.76958,16.06714],[-61.76896,16.06899],[-61.76819,16.07377],[-61.76849,16.07748],[-61.76895,16.07938],[-61.76777,16.08082],[-61.76733,16.08412],[-61.76872,16.08553],[-61.76909,16.08643],[-61.76857,16.08729],[-61.76659,16.08922],[-61.76682,16.09071],[-61.76855,16.09059],[-61.76996,16.08965],[-61.7714,16.08984],[-61.77149,16.09069],[-61.77285,16.09115],[-61.77256,16.09255],[-61.77297,16.09341],[-61.77161,16.09404],[-61.77039,16.09539],[-61.77187,16.0972],[-61.77355,16.09798],[-61.77167,16.09973],[-61.77189,16.10168],[-61.77254,16.10213],[-61.77395,16.10196],[-61.77464,16.10355],[-61.77435,16.10454],[-61.77299,16.10507],[-61.77271,16.10575],[-61.77311,16.10901],[-61.77432,16.11051],[-61.77431,16.11141],[-61.77337,16.11231],[-61.77401,16.11398],[-61.77414,16.11697],[-61.77366,16.11782],[-61.77318,16.12058],[-61.77336,16.1218],[-61.77429,16.12235],[-61.77405,16.12352],[-61.77302,16.12406],[-61.77385,16.12496],[-61.77286,16.12677],[-61.77038,16.1277],[-61.76986,16.12824],[-61.7698,16.13091],[-61.77067,16.13263],[-61.77062,16.13376],[-61.7715,16.13575],[-61.7728,16.13608],[-61.77383,16.13699],[-61.77494,16.13884],[-61.77592,16.1389],[-61.77769,16.13958],[-61.77952,16.13932],[-61.77998,16.14023],[-61.7789,16.1409],[-61.77898,16.14321],[-61.77701,16.14455],[-61.77793,16.14582],[-61.77629,16.14626],[-61.77535,16.14784],[-61.77511,16.14892],[-61.77594,16.1501],[-61.77557,16.15055],[-61.7755,16.15322],[-61.77624,16.15557],[-61.77617,16.15887],[-61.77648,16.16172],[-61.77586,16.16316],[-61.77566,16.16569],[-61.77657,16.16909],[-61.77727,16.16991],[-61.77591,16.17094],[-61.77781,16.17325],[-61.77925,16.17439],[-61.78155,16.17409],[-61.78263,16.17364],[-61.78411,16.17618],[-61.7841,16.17709],[-61.78321,16.1778],[-61.78386,16.17889],[-61.78338,16.1797],[-61.78416,16.18246],[-61.78355,16.18382],[-61.78349,16.18549],[-61.78386,16.18617],[-61.78231,16.1877],[-61.78286,16.18869],[-61.7844,16.18965],[-61.78435,16.1906],[-61.78606,16.19305],[-61.78746,16.19441],[-61.78773,16.19518],[-61.78655,16.19658],[-61.78687,16.19902],[-61.78565,16.19978],[-61.78582,16.20209],[-61.78491,16.20484],[-61.7838,16.20574],[-61.78289,16.20763],[-61.783,16.21133],[-61.78233,16.2144],[-61.78298,16.215],[-61.78339,16.21631],[-61.78488,16.21785],[-61.7845,16.2197],[-61.78495,16.22179],[-61.78494,16.22382],[-61.78637,16.22722],[-61.78771,16.22912],[-61.78902,16.23003],[-61.79027,16.23185],[-61.79221,16.23579],[-61.79357,16.23571],[-61.79492,16.2363],[-61.79618,16.23744],[-61.79678,16.23979],[-61.79818,16.24025],[-61.7998,16.24207],[-61.80153,16.24298],[-61.80129,16.24384],[-61.80211,16.24737],[-61.80285,16.24823],[-61.80233,16.24954],[-61.80256,16.25113],[-61.80339,16.25203],[-61.80325,16.25276],[-61.80483,16.25426],[-61.80519,16.25652],[-61.80593,16.25747],[-61.80602,16.25914],[-61.8052,16.26312],[-61.80533,16.26402],[-61.80691,16.26624],[-61.80606,16.268]]],[[[-61.53048,16.21784],[-61.53064,16.21851],[-61.53283,16.22127],[-61.53223,16.22156],[-61.52942,16.21801],[-61.52739,16.21827],[-61.5255,16.21706],[-61.52336,16.21747],[-61.52296,16.2189],[-61.52329,16.22117],[-61.52476,16.22105],[-61.52537,16.21965],[-61.52604,16.21904],[-61.52785,16.21967],[-61.52879,16.2195],[-61.52995,16.22086],[-61.52747,16.22102],[-61.52727,16.22292],[-61.52988,16.22298],[-61.53044,16.22394],[-61.53202,16.2249],[-61.53272,16.22472],[-61.53276,16.22626],[-61.53037,16.22628],[-61.52981,16.22705],[-61.53116,16.22737],[-61.53186,16.22806],[-61.53162,16.22891],[-61.53358,16.22924],[-61.53455,16.23142],[-61.53463,16.23273],[-61.53313,16.23304],[-61.53331,16.23421],[-61.53438,16.23481],[-61.53484,16.23612],[-61.53583,16.23464],[-61.53663,16.23433],[-61.53803,16.23533],[-61.53965,16.23697],[-61.53918,16.23787],[-61.53879,16.23981],[-61.54159,16.24046],[-61.54125,16.2419],[-61.54124,16.24385],[-61.54784,16.24968],[-61.54741,16.25067],[-61.54876,16.25081],[-61.54969,16.25168],[-61.54846,16.25334],[-61.54687,16.2536],[-61.54654,16.25414],[-61.54684,16.25812],[-61.54674,16.25943],[-61.54743,16.26029],[-61.54751,16.26219],[-61.54717,16.26327],[-61.54748,16.2659],[-61.54645,16.26661],[-61.54798,16.26762],[-61.54816,16.26875],[-61.54736,16.27028],[-61.5474,16.271],[-61.54875,16.27192],[-61.54887,16.2749],[-61.54811,16.27553],[-61.5488,16.27743],[-61.548,16.27824],[-61.54738,16.27995],[-61.54761,16.28081],[-61.54906,16.28064],[-61.54984,16.28272],[-61.54932,16.2838],[-61.55053,16.28449],[-61.55042,16.28594],[-61.55126,16.28739],[-61.55214,16.28785],[-61.55416,16.28723],[-61.55448,16.28813],[-61.55283,16.28898],[-61.55194,16.28906],[-61.55065,16.28698],[-61.54998,16.28883],[-61.54833,16.29134],[-61.5456,16.29241],[-61.5442,16.2919],[-61.5436,16.29077],[-61.54385,16.28969],[-61.54282,16.28963],[-61.54231,16.28895],[-61.54113,16.28962],[-61.54166,16.29387],[-61.54226,16.29582],[-61.54423,16.29516],[-61.54557,16.2963],[-61.5464,16.29834],[-61.54724,16.29893],[-61.54699,16.30137],[-61.54642,16.30263],[-61.54524,16.30407],[-61.54416,16.30352],[-61.54562,16.30262],[-61.54535,16.30127],[-61.54372,16.3008],[-61.543,16.3026],[-61.54127,16.30246],[-61.53938,16.30511],[-61.53811,16.30619],[-61.53726,16.30641],[-61.53748,16.30862],[-61.53691,16.30966],[-61.53695,16.31092],[-61.53582,16.31132],[-61.53572,16.31213],[-61.53446,16.31262],[-61.53501,16.31448],[-61.53354,16.31628],[-61.53555,16.31719],[-61.53586,16.31882],[-61.53377,16.32292],[-61.53442,16.32464],[-61.53338,16.32595],[-61.53356,16.32685],[-61.53532,16.32872],[-61.53484,16.32998],[-61.53554,16.33111],[-61.53463,16.33332],[-61.53336,16.33471],[-61.53011,16.33668],[-61.52954,16.33771],[-61.52819,16.33734],[-61.5279,16.33852],[-61.52916,16.33848],[-61.52963,16.33921],[-61.5261,16.3409],[-61.52469,16.34197],[-61.5243,16.34378],[-61.52327,16.34427],[-61.52275,16.34548],[-61.52079,16.34389],[-61.51944,16.34334],[-61.51602,16.34331],[-61.51481,16.34276],[-61.51317,16.34298],[-61.50808,16.34208],[-61.50684,16.34438],[-61.50726,16.34528],[-61.50664,16.34582],[-61.50445,16.34526],[-61.50696,16.34808],[-61.50652,16.34944],[-61.50577,16.35033],[-61.50498,16.34902],[-61.50395,16.34906],[-61.50412,16.35109],[-61.50295,16.35104],[-61.50229,16.35176],[-61.49939,16.35192],[-61.49836,16.35245],[-61.49714,16.35226],[-61.49536,16.35243],[-61.49377,16.3531],[-61.49371,16.35409],[-61.49521,16.35401],[-61.49731,16.35488],[-61.49955,16.35513],[-61.49982,16.35648],[-61.49823,16.35643],[-61.49757,16.3571],[-61.49709,16.35899],[-61.496,16.36097],[-61.49805,16.36212],[-61.49889,16.36208],[-61.49959,16.36294],[-61.50136,16.36418],[-61.50074,16.36485],[-61.49934,16.36493],[-61.49769,16.36654],[-61.49713,16.36663],[-61.49702,16.36821],[-61.49612,16.36961],[-61.49708,16.37223],[-61.49586,16.37308],[-61.49636,16.37431],[-61.49622,16.37525],[-61.49504,16.37674],[-61.49629,16.37747],[-61.49633,16.37837],[-61.49722,16.37928],[-61.49809,16.38182],[-61.50017,16.38414],[-61.5026,16.3847],[-61.50344,16.38624],[-61.5046,16.38742],[-61.50516,16.38747],[-61.5058,16.38888],[-61.50678,16.38898],[-61.50727,16.38677],[-61.5092,16.3856],[-61.50998,16.38674],[-61.51092,16.3872],[-61.51226,16.38951],[-61.51413,16.38939],[-61.51693,16.39072],[-61.51829,16.39078],[-61.51996,16.39201],[-61.52286,16.39325],[-61.52351,16.39294],[-61.525,16.39444],[-61.52575,16.39467],[-61.527,16.39639],[-61.52703,16.3978],[-61.52773,16.39911],[-61.52866,16.39966],[-61.52907,16.40066],[-61.52869,16.40156],[-61.52881,16.40459],[-61.52982,16.40712],[-61.52995,16.40916],[-61.53078,16.41035],[-61.531,16.41172],[-61.53232,16.4127],[-61.53235,16.41374],[-61.53318,16.41469],[-61.53339,16.41763],[-61.53423,16.41859],[-61.53459,16.42094],[-61.53383,16.42238],[-61.53344,16.42437],[-61.53501,16.42704],[-61.53645,16.42872],[-61.53737,16.43067],[-61.53733,16.43569],[-61.53807,16.43741],[-61.53947,16.43751],[-61.54102,16.43712],[-61.54148,16.43762],[-61.54115,16.43888],[-61.54025,16.43996],[-61.5393,16.44176],[-61.53769,16.44401],[-61.5373,16.44586],[-61.5363,16.4477],[-61.5362,16.44942],[-61.53582,16.45027],[-61.53565,16.45402],[-61.53545,16.45497],[-61.53154,16.4582],[-61.52965,16.46062],[-61.52852,16.46134],[-61.52562,16.46177],[-61.52326,16.46343],[-61.52203,16.46495],[-61.52174,16.46699],[-61.52074,16.4682],[-61.51815,16.47071],[-61.51458,16.47186],[-61.51238,16.4718],[-61.5098,16.47273],[-61.50909,16.47372],[-61.50806,16.47398],[-61.50653,16.47732],[-61.50563,16.47848],[-61.50524,16.48074],[-61.50434,16.48245],[-61.50409,16.48417],[-61.50058,16.48437],[-61.49851,16.48521],[-61.49742,16.48615],[-61.49625,16.48642],[-61.49413,16.48762],[-61.49314,16.48906],[-61.49168,16.48986],[-61.4899,16.49035],[-61.48854,16.49038],[-61.48614,16.49149],[-61.48543,16.49262],[-61.48509,16.49411],[-61.48287,16.49621],[-61.48194,16.4958],[-61.48113,16.49747],[-61.4801,16.4975],[-61.47958,16.49868],[-61.48009,16.49927],[-61.4788,16.50152],[-61.47827,16.50364],[-61.47756,16.5049],[-61.47644,16.50475],[-61.47544,16.50592],[-61.47477,16.50894],[-61.47378,16.50975],[-61.47349,16.51092],[-61.47208,16.51046],[-61.47096,16.5105],[-61.47086,16.51126],[-61.46969,16.51162],[-61.46866,16.5108],[-61.46693,16.51047],[-61.46475,16.51429],[-61.46405,16.51307],[-61.46506,16.50978],[-61.46668,16.50685],[-61.46603,16.50626],[-61.46485,16.50679],[-61.46421,16.50557],[-61.46332,16.50484],[-61.46145,16.50519],[-61.46192,16.50397],[-61.46296,16.50357],[-61.46335,16.5019],[-61.4614,16.49949],[-61.45942,16.50061],[-61.45742,16.49883],[-61.45568,16.49986],[-61.45395,16.49953],[-61.45247,16.49757],[-61.45091,16.49847],[-61.44777,16.49957],[-61.44706,16.50024],[-61.44579,16.50037],[-61.44458,16.49937],[-61.44355,16.50017],[-61.44371,16.49737],[-61.44289,16.49479],[-61.44274,16.49005],[-61.44144,16.48859],[-61.44129,16.49017],[-61.44011,16.4907],[-61.43889,16.49065],[-61.43867,16.48934],[-61.43732,16.48856],[-61.43573,16.48805],[-61.43461,16.48732],[-61.43367,16.48754],[-61.43406,16.48587],[-61.43294,16.48541],[-61.43323,16.48401],[-61.43081,16.4825],[-61.42982,16.48276],[-61.42847,16.48244],[-61.42848,16.48149],[-61.42755,16.47986],[-61.42648,16.47931],[-61.42672,16.47813],[-61.42584,16.47785],[-61.42463,16.47608],[-61.42351,16.4763],[-61.42244,16.47494],[-61.42108,16.47524],[-61.42075,16.47614],[-61.41995,16.47641],[-61.41973,16.47478],[-61.41902,16.47473],[-61.41723,16.47137],[-61.41609,16.47222],[-61.41474,16.47135],[-61.4147,16.47063],[-61.41378,16.46945],[-61.41245,16.4707],[-61.41111,16.46898],[-61.41112,16.46812],[-61.41005,16.46739],[-61.40992,16.46603],[-61.40941,16.4653],[-61.41021,16.46459],[-61.41003,16.46359],[-61.41085,16.46125],[-61.41039,16.46025],[-61.40945,16.46006],[-61.40894,16.45929],[-61.40867,16.4578],[-61.40779,16.45648],[-61.4074,16.45313],[-61.4076,16.45178],[-61.40657,16.45186],[-61.4063,16.45019],[-61.4073,16.44803],[-61.40642,16.44635],[-61.40488,16.44589],[-61.40455,16.44656],[-61.40301,16.44542],[-61.40321,16.44443],[-61.40289,16.44289],[-61.40163,16.44256],[-61.40124,16.43962],[-61.4005,16.4379],[-61.39992,16.43433],[-61.4004,16.43324],[-61.39909,16.43292],[-61.39901,16.43156],[-61.39831,16.43047],[-61.39819,16.42817],[-61.39919,16.42691],[-61.39855,16.42478],[-61.3979,16.42401],[-61.39839,16.42121],[-61.39842,16.41782],[-61.40029,16.41788],[-61.4004,16.41639],[-61.40213,16.41591],[-61.40186,16.4145],[-61.40093,16.41427],[-61.40044,16.41147],[-61.40162,16.40926],[-61.40145,16.4079],[-61.40295,16.40728],[-61.40543,16.40698],[-61.40559,16.40531],[-61.40471,16.40373],[-61.4036,16.40245],[-61.40445,16.40183],[-61.40438,16.39911],[-61.40402,16.39739],[-61.40553,16.3956],[-61.4054,16.39365],[-61.40425,16.39179],[-61.4051,16.39108],[-61.40583,16.38778],[-61.40538,16.38453],[-61.40492,16.38434],[-61.40334,16.38248],[-61.40274,16.38094],[-61.40262,16.37945],[-61.40295,16.37859],[-61.40179,16.37691],[-61.40181,16.37501],[-61.39848,16.37015],[-61.39798,16.36866],[-61.397,16.36743],[-61.39593,16.36692],[-61.39585,16.36602],[-61.3938,16.36469],[-61.3931,16.36365],[-61.39271,16.36021],[-61.39174,16.35935],[-61.39066,16.3592],[-61.38946,16.35698],[-61.38788,16.3557],[-61.38747,16.35385],[-61.3864,16.35334],[-61.38576,16.35162],[-61.38381,16.34989],[-61.38293,16.34875],[-61.38158,16.34824],[-61.38177,16.34707],[-61.3803,16.34457],[-61.37951,16.34371],[-61.37834,16.34352],[-61.37788,16.34261],[-61.37671,16.3421],[-61.37588,16.34083],[-61.37261,16.34009],[-61.37051,16.3393],[-61.36934,16.33965],[-61.36762,16.33878],[-61.36842,16.33761],[-61.36853,16.33549],[-61.36746,16.33535],[-61.36669,16.33751],[-61.36524,16.33781],[-61.36388,16.33762],[-61.36211,16.3368],[-61.36165,16.33616],[-61.35992,16.33624],[-61.3573,16.33572],[-61.35567,16.33489],[-61.35222,16.33365],[-61.35114,16.33377],[-61.35019,16.33508],[-61.34888,16.33507],[-61.34738,16.33605],[-61.34542,16.3354],[-61.34529,16.33386],[-61.34469,16.33282],[-61.34315,16.33267],[-61.34297,16.33091],[-61.34167,16.32972],[-61.34087,16.3308],[-61.34038,16.33328],[-61.33939,16.33368],[-61.33443,16.33409],[-61.33214,16.33399],[-61.33004,16.33338],[-61.32924,16.33374],[-61.32597,16.33285],[-61.32439,16.33189],[-61.32145,16.33065],[-61.31841,16.33062],[-61.31762,16.3303],[-61.31523,16.33042],[-61.31311,16.33194],[-61.3098,16.33078],[-61.30925,16.32892],[-61.30651,16.32736],[-61.30521,16.32532],[-61.30386,16.32522],[-61.30231,16.32561],[-61.3008,16.32736],[-61.29864,16.32821],[-61.29705,16.32779],[-61.29703,16.32507],[-61.29779,16.3235],[-61.29695,16.32291],[-61.29568,16.32384],[-61.29406,16.32216],[-61.29167,16.32187],[-61.29079,16.32109],[-61.28822,16.32112],[-61.28699,16.32219],[-61.28597,16.32169],[-61.28448,16.32023],[-61.28285,16.31958],[-61.28216,16.31827],[-61.2818,16.31659],[-61.28095,16.31722],[-61.27884,16.31743],[-61.27731,16.31678],[-61.2756,16.31446],[-61.27551,16.31302],[-61.27397,16.31314],[-61.27284,16.31372],[-61.27234,16.31186],[-61.26931,16.31134],[-61.26875,16.31057],[-61.26619,16.3091],[-61.26639,16.30793],[-61.26724,16.30653],[-61.26637,16.30513],[-61.26514,16.30584],[-61.2636,16.30605],[-61.26234,16.30577],[-61.2595,16.3043],[-61.25848,16.30303],[-61.25849,16.30217],[-61.25714,16.30053],[-61.25632,16.29831],[-61.25653,16.29565],[-61.25449,16.29355],[-61.25333,16.29295],[-61.25324,16.29196],[-61.24978,16.28682],[-61.24817,16.2832],[-61.24708,16.28012],[-61.24704,16.27917],[-61.24602,16.27853],[-61.24575,16.27667],[-61.24483,16.27585],[-61.2431,16.27502],[-61.24326,16.27317],[-61.24232,16.27307],[-61.24023,16.27197],[-61.2381,16.26992],[-61.23605,16.26846],[-61.23358,16.26722],[-61.23204,16.26666],[-61.22999,16.26642],[-61.22509,16.26516],[-61.22369,16.26415],[-61.22042,16.26408],[-61.22005,16.26358],[-61.21832,16.26298],[-61.21824,16.26203],[-61.2169,16.26034],[-61.21573,16.25997],[-61.21462,16.25915],[-61.21237,16.25895],[-61.2093,16.25752],[-61.20679,16.25542],[-61.20409,16.25481],[-61.2025,16.25421],[-61.20133,16.25425],[-61.19941,16.25477],[-61.19874,16.2559],[-61.19943,16.25807],[-61.19774,16.25779],[-61.1977,16.25729],[-61.19604,16.25524],[-61.1945,16.25433],[-61.19254,16.25381],[-61.19066,16.25506],[-61.18912,16.255],[-61.18632,16.25399],[-61.18414,16.2518],[-61.18312,16.2512],[-61.18029,16.24838],[-61.17927,16.24769],[-61.17735,16.24803],[-61.17622,16.24879],[-61.17642,16.2469],[-61.17596,16.2464],[-61.17437,16.24598],[-61.17373,16.2448],[-61.17457,16.24449],[-61.1752,16.24259],[-61.1767,16.2422],[-61.17823,16.2433],[-61.17929,16.24498],[-61.18326,16.24569],[-61.18372,16.24646],[-61.1874,16.24817],[-61.18856,16.2489],[-61.1902,16.24936],[-61.19117,16.25005],[-61.19258,16.24984],[-61.19346,16.25043],[-61.19478,16.24986],[-61.19913,16.2498],[-61.19997,16.25013],[-61.201,16.24955],[-61.20259,16.24988],[-61.2038,16.24971],[-61.20651,16.25005],[-61.20763,16.25078],[-61.20843,16.25069],[-61.21039,16.25125],[-61.21417,16.25115],[-61.21851,16.25299],[-61.22099,16.25315],[-61.22393,16.25358],[-61.22505,16.25336],[-61.22927,16.25304],[-61.23324,16.25348],[-61.23534,16.25408],[-61.23763,16.25397],[-61.24104,16.25481],[-61.24365,16.25524],[-61.24899,16.2551],[-61.25324,16.25577],[-61.25426,16.25614],[-61.25567,16.25601],[-61.25886,16.25482],[-61.26093,16.25339],[-61.26445,16.2513],[-61.26578,16.25239],[-61.2681,16.25321],[-61.26849,16.25214],[-61.26569,16.25157],[-61.26577,16.25022],[-61.26703,16.25041],[-61.26947,16.25016],[-61.27068,16.25049],[-61.2733,16.25028],[-61.27433,16.25088],[-61.27582,16.25103],[-61.27859,16.2506],[-61.28084,16.25003],[-61.28145,16.24913],[-61.28436,16.24834],[-61.28517,16.24681],[-61.28677,16.24565],[-61.28864,16.24494],[-61.29211,16.24429],[-61.29356,16.24471],[-61.29446,16.24323],[-61.29656,16.24379],[-61.29796,16.24348],[-61.30128,16.24355],[-61.30256,16.24261],[-61.30546,16.24196],[-61.3085,16.24248],[-61.30953,16.24195],[-61.31107,16.24214],[-61.31351,16.24157],[-61.31519,16.24158],[-61.31562,16.24091],[-61.31707,16.24101],[-61.31745,16.24029],[-61.31895,16.2403],[-61.32058,16.24118],[-61.32326,16.24391],[-61.32476,16.24401],[-61.32505,16.24356],[-61.32436,16.24206],[-61.32441,16.24107],[-61.32829,16.2416],[-61.32974,16.24107],[-61.33254,16.2419],[-61.33689,16.24189],[-61.33858,16.24204],[-61.33928,16.24155],[-61.33882,16.24055],[-61.34107,16.2398],[-61.34308,16.23977],[-61.34511,16.23821],[-61.34765,16.23673],[-61.35008,16.23612],[-61.35303,16.2356],[-61.35411,16.2352],[-61.35823,16.23505],[-61.35968,16.23516],[-61.3631,16.23441],[-61.36389,16.2346],[-61.36488,16.2337],[-61.36662,16.23313],[-61.36741,16.23336],[-61.37046,16.23217],[-61.37203,16.2296],[-61.37204,16.2282],[-61.37462,16.2265],[-61.37627,16.22566],[-61.37801,16.22436],[-61.37844,16.22301],[-61.37943,16.22216],[-61.38191,16.22204],[-61.38554,16.2237],[-61.38831,16.22345],[-61.39032,16.22364],[-61.39267,16.22149],[-61.39372,16.21951],[-61.39402,16.21721],[-61.3956,16.21736],[-61.39709,16.21904],[-61.39793,16.21954],[-61.40055,16.21888],[-61.40154,16.21817],[-61.40327,16.21805],[-61.40403,16.21706],[-61.40567,16.21657],[-61.40511,16.21557],[-61.40605,16.21495],[-61.40677,16.21324],[-61.40859,16.21298],[-61.40855,16.21239],[-61.40982,16.21186],[-61.41394,16.21139],[-61.41605,16.211],[-61.41698,16.21155],[-61.4181,16.21124],[-61.41886,16.21012],[-61.41989,16.20968],[-61.42153,16.20978],[-61.42154,16.20842],[-61.42271,16.20866],[-61.42289,16.20952],[-61.42448,16.20903],[-61.42454,16.20781],[-61.42566,16.208],[-61.42556,16.2089],[-61.42611,16.21004],[-61.42681,16.2104],[-61.43182,16.20972],[-61.43229,16.20918],[-61.43477,16.20893],[-61.43828,16.20891],[-61.43968,16.20847],[-61.44246,16.20695],[-61.44257,16.20374],[-61.44403,16.20262],[-61.44506,16.20281],[-61.44933,16.20081],[-61.45074,16.20041],[-61.45144,16.20083],[-61.45261,16.20034],[-61.45513,16.20036],[-61.45568,16.20176],[-61.4584,16.20115],[-61.46028,16.20044],[-61.46089,16.19981],[-61.46113,16.19837],[-61.46259,16.19779],[-61.46419,16.19676],[-61.4655,16.19672],[-61.46754,16.19895],[-61.47001,16.1992],[-61.47095,16.19853],[-61.47258,16.19967],[-61.47454,16.20068],[-61.47523,16.20154],[-61.4764,16.20186],[-61.47855,16.20165],[-61.48122,16.20199],[-61.48322,16.20327],[-61.48564,16.20419],[-61.48564,16.20496],[-61.48708,16.20515],[-61.48896,16.20471],[-61.49069,16.20504],[-61.49298,16.20451],[-61.49929,16.20555],[-61.50097,16.20516],[-61.50284,16.20612],[-61.50471,16.20568],[-61.50676,16.20664],[-61.50737,16.20611],[-61.5083,16.20715],[-61.50768,16.20882],[-61.508,16.20973],[-61.50743,16.21171],[-61.50848,16.21493],[-61.51006,16.21593],[-61.51202,16.2164],[-61.51418,16.21478],[-61.51549,16.21511],[-61.51704,16.21444],[-61.5176,16.21517],[-61.51862,16.21513],[-61.52041,16.21447],[-61.52079,16.21348],[-61.52229,16.21267],[-61.52345,16.21426],[-61.52559,16.21495],[-61.52838,16.21728],[-61.52998,16.21648],[-61.53048,16.21784]]],[[[-61.53721,16.21314],[-61.53959,16.21333],[-61.54281,16.21394],[-61.54342,16.21463],[-61.54387,16.21639],[-61.54273,16.21842],[-61.54199,16.21841],[-61.54028,16.21537],[-61.53733,16.21549],[-61.5364,16.21512],[-61.53468,16.21339],[-61.53721,16.21314]]],[[[-61.49116,16.19804],[-61.49209,16.19868],[-61.49175,16.20008],[-61.49064,16.19916],[-61.49116,16.19804]]]]}},{"type":"Feature","properties":{"code":"972","nom":"Martinique"},"geometry":{"type":"MultiPolygon","coordinates":[[[[-60.86733,14.38867],[-60.86802,14.38922],[-60.86884,14.39063],[-60.86836,14.39257],[-60.86753,14.39265],[-60.86711,14.39206],[-60.86677,14.38903],[-60.86733,14.38867]]],[[[-61.03911,14.44191],[-61.0409,14.44324],[-61.04029,14.44441],[-61.03848,14.44453],[-61.03784,14.44344],[-61.03813,14.44236],[-61.03911,14.44191]]],[[[-60.82718,14.42792],[-60.82889,14.42861],[-60.83027,14.42975],[-60.8304,14.43061],[-60.82979,14.43188],[-60.82876,14.43223],[-60.82659,14.43199],[-60.82598,14.43289],[-60.82506,14.4313],[-60.82522,14.4299],[-60.82564,14.42895],[-60.82699,14.42837],[-60.82718,14.42792]]],[[[-60.83206,14.41609],[-60.83233,14.41713],[-60.83125,14.41834],[-60.83118,14.41667],[-60.83206,14.41609]]],[[[-60.83329,14.41022],[-60.83426,14.41086],[-60.83253,14.41149],[-60.83199,14.41049],[-60.83329,14.41022]]],[[[-60.97884,14.47404],[-60.97967,14.47436],[-60.98021,14.47631],[-60.97857,14.47747],[-60.97905,14.47557],[-60.97865,14.47467],[-60.97884,14.47404]]],[[[-60.8385,14.56636],[-60.83839,14.56767],[-60.83576,14.57037],[-60.83433,14.56972],[-60.83458,14.56774],[-60.83611,14.5673],[-60.8385,14.56636]]],[[[-60.98848,14.78623],[-60.98893,14.78755],[-60.9901,14.78714],[-60.99065,14.78792],[-60.98962,14.78873],[-60.98854,14.78908],[-60.98743,14.78898],[-60.98735,14.78785],[-60.98848,14.78623]]],[[[-60.87459,14.45045],[-60.87528,14.45105],[-60.87504,14.45208],[-60.87401,14.4518],[-60.87459,14.45045]]],[[[-60.86212,14.60803],[-60.86113,14.6097],[-60.85871,14.61031],[-60.85777,14.61116],[-60.8578,14.61238],[-60.8572,14.61278],[-60.85609,14.61255],[-60.85441,14.61343],[-60.85343,14.61366],[-60.85277,14.61438],[-60.85157,14.61414],[-60.85237,14.61239],[-60.85165,14.61093],[-60.84961,14.61051],[-60.85036,14.60956],[-60.85152,14.61006],[-60.85286,14.60994],[-60.85369,14.61085],[-60.85513,14.61082],[-60.85679,14.61111],[-60.85755,14.60944],[-60.8611,14.60874],[-60.86212,14.60803]]],[[[-60.84859,14.62338],[-60.85029,14.62516],[-60.84866,14.62582],[-60.84823,14.62699],[-60.84711,14.62698],[-60.84694,14.62585],[-60.84601,14.62521],[-60.84715,14.62405],[-60.84859,14.62338]]],[[[-60.86374,14.61813],[-60.8642,14.61917],[-60.86149,14.62019],[-60.86004,14.6209],[-60.85938,14.62171],[-60.85817,14.62202],[-60.8586,14.62071],[-60.85991,14.62008],[-60.86034,14.61882],[-60.86374,14.61813]]],[[[-60.85304,14.62934],[-60.85202,14.62888],[-60.85181,14.62685],[-60.85274,14.62609],[-60.8539,14.626],[-60.85446,14.6265],[-60.85374,14.62822],[-60.85304,14.62934]]],[[[-60.86461,14.60498],[-60.86502,14.60566],[-60.86413,14.60687],[-60.86301,14.607],[-60.86293,14.60582],[-60.8635,14.60511],[-60.86461,14.60498]]],[[[-61.02077,14.54663],[-61.02183,14.54732],[-61.02201,14.54827],[-61.02163,14.54899],[-61.0206,14.54966],[-61.01991,14.54961],[-61.01874,14.55009],[-61.01743,14.55031],[-61.01651,14.55017],[-61.01596,14.54894],[-61.0169,14.54773],[-61.01881,14.54766],[-61.01965,14.54685],[-61.02077,14.54663]]],[[[-61.07945,14.54328],[-61.0801,14.54391],[-61.07995,14.54487],[-61.07939,14.54531],[-61.07836,14.54472],[-61.07848,14.54359],[-61.07945,14.54328]]],[[[-60.96347,14.77143],[-60.96458,14.77261],[-60.96456,14.77442],[-60.96249,14.77287],[-60.9625,14.77165],[-60.96347,14.77143]]],[[[-60.87874,14.75458],[-60.87979,14.75599],[-60.88001,14.75744],[-60.87858,14.75693],[-60.87846,14.75476],[-60.87874,14.75458]]],[[[-60.93295,14.73016],[-60.93419,14.73121],[-60.93312,14.73152],[-60.93243,14.73097],[-60.93295,14.73016]]],[[[-60.87438,14.77566],[-60.87597,14.77576],[-60.87564,14.77689],[-60.87432,14.77706],[-60.87438,14.77566]]],[[[-61.11754,14.62759],[-61.11877,14.62815],[-61.11955,14.6297],[-61.12094,14.62984],[-61.12197,14.62894],[-61.12304,14.62886],[-61.12391,14.63017],[-61.12729,14.63192],[-61.12901,14.63143],[-61.13034,14.63303],[-61.13271,14.6335],[-61.13374,14.63206],[-61.13569,14.63289],[-61.13591,14.63411],[-61.13702,14.63557],[-61.13788,14.63724],[-61.13863,14.63725],[-61.13871,14.63824],[-61.13921,14.63933],[-61.13819,14.63978],[-61.13807,14.64104],[-61.13988,14.64295],[-61.14159,14.64315],[-61.14163,14.64464],[-61.14315,14.64506],[-61.14399,14.64556],[-61.14463,14.64652],[-61.14574,14.64643],[-61.14676,14.64699],[-61.14769,14.64681],[-61.14861,14.64723],[-61.14865,14.64786],[-61.14958,14.64859],[-61.1507,14.64827],[-61.15204,14.64964],[-61.15193,14.65091],[-61.15237,14.65372],[-61.15301,14.65526],[-61.15444,14.65635],[-61.15537,14.65609],[-61.15676,14.65651],[-61.15752,14.65936],[-61.15839,14.66122],[-61.15894,14.66163],[-61.15833,14.66235],[-61.15897,14.66425],[-61.16118,14.6663],[-61.16182,14.6678],[-61.16246,14.66839],[-61.16384,14.67053],[-61.16396,14.67193],[-61.16525,14.67311],[-61.1665,14.67362],[-61.16765,14.67517],[-61.16847,14.67689],[-61.16944,14.67789],[-61.1703,14.67993],[-61.17141,14.68112],[-61.17265,14.68293],[-61.17347,14.68371],[-61.17365,14.68475],[-61.17443,14.68584],[-61.17527,14.68652],[-61.1766,14.68852],[-61.17925,14.69379],[-61.18013,14.69439],[-61.17966,14.69502],[-61.17984,14.69583],[-61.18175,14.69973],[-61.18248,14.70173],[-61.18266,14.70281],[-61.18416,14.70594],[-61.18484,14.70852],[-61.18432,14.71336],[-61.18361,14.71557],[-61.18271,14.71764],[-61.18209,14.71949],[-61.18217,14.72108],[-61.18193,14.7218],[-61.18191,14.72352],[-61.18138,14.72519],[-61.17991,14.72906],[-61.1799,14.73106],[-61.17933,14.73219],[-61.17928,14.73322],[-61.17815,14.73453],[-61.17748,14.73574],[-61.17691,14.73781],[-61.17655,14.74121],[-61.17676,14.7446],[-61.17725,14.74619],[-61.17887,14.74764],[-61.17942,14.74873],[-61.17959,14.74991],[-61.18171,14.75237],[-61.18286,14.7531],[-61.18424,14.75492],[-61.18538,14.75728],[-61.18746,14.75892],[-61.19005,14.76061],[-61.19153,14.76193],[-61.19212,14.76307],[-61.19411,14.76399],[-61.19614,14.76567],[-61.19836,14.76673],[-61.199,14.768],[-61.19941,14.76941],[-61.20055,14.77136],[-61.20257,14.77422],[-61.20306,14.77657],[-61.20481,14.77934],[-61.20536,14.77989],[-61.2068,14.78053],[-61.2094,14.78105],[-61.21339,14.7814],[-61.21455,14.78185],[-61.21542,14.78285],[-61.21633,14.78495],[-61.21914,14.78885],[-61.22042,14.79157],[-61.22114,14.79488],[-61.22169,14.79579],[-61.22255,14.79801],[-61.22407,14.79965],[-61.22592,14.80088],[-61.22716,14.80256],[-61.22715,14.80414],[-61.22662,14.80617],[-61.22619,14.80698],[-61.22794,14.80881],[-61.22894,14.81176],[-61.22911,14.81438],[-61.22902,14.81777],[-61.22916,14.81845],[-61.22868,14.81948],[-61.22877,14.82075],[-61.22927,14.82211],[-61.2279,14.82482],[-61.2277,14.82613],[-61.22657,14.82806],[-61.22664,14.83014],[-61.22644,14.83127],[-61.22588,14.83209],[-61.22382,14.83365],[-61.22345,14.83428],[-61.22371,14.83555],[-61.22319,14.83677],[-61.22299,14.83839],[-61.22144,14.84024],[-61.22036,14.84105],[-61.21905,14.8428],[-61.21899,14.84406],[-61.2194,14.84461],[-61.21916,14.84565],[-61.21823,14.84568],[-61.21766,14.84713],[-61.21598,14.84735],[-61.21467,14.84788],[-61.21382,14.84968],[-61.21396,14.85018],[-61.21316,14.85175],[-61.21338,14.85243],[-61.21273,14.85333],[-61.21276,14.85446],[-61.21155,14.85518],[-61.2113,14.85654],[-61.21049,14.85793],[-61.20844,14.85932],[-61.20656,14.86166],[-61.20526,14.86206],[-61.20423,14.8616],[-61.2032,14.86231],[-61.20148,14.86248],[-61.19887,14.86373],[-61.197,14.86395],[-61.19528,14.86456],[-61.19382,14.86613],[-61.19335,14.8674],[-61.19261,14.86667],[-61.19172,14.86711],[-61.19051,14.86728],[-61.18896,14.86814],[-61.18766,14.86835],[-61.18658,14.86997],[-61.18519,14.87005],[-61.18346,14.87076],[-61.18242,14.87152],[-61.18166,14.87378],[-61.18054,14.87481],[-61.1797,14.87499],[-61.17701,14.87411],[-61.17412,14.87481],[-61.17211,14.87561],[-61.17052,14.87651],[-61.16787,14.87648],[-61.1654,14.87746],[-61.1633,14.87759],[-61.15977,14.8781],[-61.15906,14.87782],[-61.15767,14.87786],[-61.15442,14.87729],[-61.15289,14.8775],[-61.14818,14.87878],[-61.14753,14.87855],[-61.14642,14.87737],[-61.14545,14.87705],[-61.14392,14.87703],[-61.14079,14.87778],[-61.13884,14.87777],[-61.13722,14.87631],[-61.13487,14.8748],[-61.13361,14.8752],[-61.13263,14.87492],[-61.12928,14.87503],[-61.12696,14.87451],[-61.12493,14.87314],[-61.12276,14.87195],[-61.12149,14.87167],[-61.1203,14.87022],[-61.11766,14.86947],[-61.11551,14.8704],[-61.11398,14.87039],[-61.11297,14.8693],[-61.11203,14.86884],[-61.10908,14.86692],[-61.10722,14.86672],[-61.1062,14.8669],[-61.10509,14.86554],[-61.10389,14.86503],[-61.10315,14.86398],[-61.10004,14.86319],[-61.09786,14.86317],[-61.09754,14.86168],[-61.097,14.86045],[-61.09184,14.85508],[-61.08976,14.85366],[-61.08884,14.85329],[-61.08716,14.85305],[-61.08521,14.85326],[-61.08432,14.85312],[-61.08127,14.85161],[-61.0803,14.8507],[-61.07921,14.84821],[-61.07833,14.84775],[-61.07751,14.84652],[-61.07574,14.84578],[-61.07504,14.846],[-61.07342,14.84558],[-61.07329,14.84468],[-61.07102,14.84353],[-61.07028,14.84339],[-61.06916,14.84374],[-61.06572,14.84335],[-61.06446,14.84339],[-61.06364,14.84148],[-61.06329,14.83967],[-61.06265,14.83871],[-61.05988,14.83611],[-61.05831,14.83524],[-61.05725,14.83438],[-61.05563,14.83386],[-61.0542,14.83309],[-61.05206,14.83258],[-61.04968,14.83287],[-61.048,14.83399],[-61.04693,14.83434],[-61.0459,14.83574],[-61.04351,14.83703],[-61.04262,14.83698],[-61.04254,14.83585],[-61.04098,14.83417],[-61.0401,14.83402],[-61.03973,14.83325],[-61.04011,14.83267],[-61.03942,14.83144],[-61.03813,14.83053],[-61.03642,14.82988],[-61.03422,14.83081],[-61.03138,14.8311],[-61.02916,14.83036],[-61.02959,14.82914],[-61.02965,14.82729],[-61.03171,14.82505],[-61.03169,14.82333],[-61.02885,14.82281],[-61.02783,14.82307],[-61.02681,14.82293],[-61.02551,14.82328],[-61.02472,14.82269],[-61.02273,14.82208],[-61.02288,14.82145],[-61.02164,14.81972],[-61.02164,14.81904],[-61.02081,14.81827],[-61.02094,14.81443],[-61.02054,14.81257],[-61.01893,14.81048],[-61.01871,14.80944],[-61.01677,14.80807],[-61.01491,14.80728],[-61.01287,14.8069],[-61.01129,14.80707],[-61.00905,14.80845],[-61.00814,14.81076],[-61.00679,14.81142],[-61.00788,14.80963],[-61.007,14.80853],[-61.00538,14.80798],[-61.0037,14.80873],[-61.00355,14.80932],[-61.00193,14.80894],[-61.00115,14.80794],[-61.00279,14.80637],[-61.00284,14.80574],[-61.00364,14.80512],[-61.00375,14.80349],[-61.00263,14.80326],[-61.00366,14.80236],[-61.00493,14.80214],[-61.00523,14.80015],[-61.00431,14.79816],[-61.00349,14.79697],[-61.00228,14.79592],[-60.99956,14.79459],[-60.99849,14.79426],[-60.99842,14.79214],[-60.99885,14.79074],[-60.9972,14.78766],[-60.99665,14.78765],[-60.99462,14.78578],[-60.99333,14.78514],[-60.99231,14.78508],[-60.99081,14.78575],[-60.99124,14.78467],[-60.99102,14.78304],[-60.99025,14.78136],[-60.98933,14.78013],[-60.98772,14.77885],[-60.9874,14.77804],[-60.98652,14.77767],[-60.98548,14.77865],[-60.98349,14.77827],[-60.98256,14.7784],[-60.98116,14.77948],[-60.98019,14.77798],[-60.9796,14.77757],[-60.97988,14.77649],[-60.97943,14.77549],[-60.98226,14.77582],[-60.98305,14.77529],[-60.98278,14.77438],[-60.98127,14.77256],[-60.9803,14.77201],[-60.98022,14.77057],[-60.97874,14.76911],[-60.97795,14.76914],[-60.97703,14.76855],[-60.97596,14.76899],[-60.97485,14.76876],[-60.9743,14.76812],[-60.97408,14.76667],[-60.97478,14.76618],[-60.97437,14.76478],[-60.97327,14.76323],[-60.97212,14.76277],[-60.97049,14.76176],[-60.96948,14.76062],[-60.9679,14.76074],[-60.96759,14.75893],[-60.96627,14.75662],[-60.96627,14.75603],[-60.96721,14.75518],[-60.96765,14.75414],[-60.96743,14.75261],[-60.96618,14.75142],[-60.9662,14.75043],[-60.96509,14.74847],[-60.96338,14.74724],[-60.96171,14.74786],[-60.96181,14.74704],[-60.96293,14.74633],[-60.96349,14.74543],[-60.96341,14.74443],[-60.96259,14.74293],[-60.96247,14.74135],[-60.9629,14.73995],[-60.96259,14.73904],[-60.96181,14.73804],[-60.96093,14.73758],[-60.95986,14.73771],[-60.95906,14.73743],[-60.95805,14.73656],[-60.95675,14.73637],[-60.95503,14.73732],[-60.95443,14.73798],[-60.95362,14.73991],[-60.95332,14.74172],[-60.95271,14.74239],[-60.95274,14.74466],[-60.95249,14.74592],[-60.95266,14.74778],[-60.95242,14.7485],[-60.9512,14.74948],[-60.95082,14.75034],[-60.94955,14.75163],[-60.94802,14.75226],[-60.94791,14.75366],[-60.94717,14.75357],[-60.94525,14.75486],[-60.94485,14.75662],[-60.94424,14.75724],[-60.94211,14.75682],[-60.94085,14.75763],[-60.93988,14.75776],[-60.93927,14.75825],[-60.93548,14.75957],[-60.93511,14.76024],[-60.93547,14.76133],[-60.93463,14.76183],[-60.93436,14.76092],[-60.9332,14.761],[-60.93225,14.76271],[-60.93188,14.76239],[-60.93048,14.76243],[-60.92969,14.76292],[-60.92895,14.76223],[-60.92663,14.76221],[-60.92648,14.76293],[-60.92532,14.76346],[-60.925,14.76301],[-60.9251,14.76152],[-60.92387,14.75979],[-60.92276,14.7587],[-60.92049,14.75831],[-60.91936,14.75886],[-60.91716,14.76091],[-60.91627,14.76131],[-60.91344,14.76187],[-60.91217,14.76246],[-60.91118,14.76385],[-60.91126,14.76498],[-60.91186,14.76553],[-60.90976,14.76632],[-60.90965,14.76863],[-60.90918,14.76894],[-60.90878,14.7669],[-60.90777,14.76554],[-60.90657,14.76571],[-60.90525,14.76633],[-60.90409,14.76642],[-60.90241,14.76703],[-60.90171,14.76775],[-60.90169,14.76969],[-60.89964,14.77013],[-60.89745,14.77011],[-60.89721,14.77102],[-60.89646,14.77124],[-60.89576,14.77209],[-60.89352,14.77297],[-60.89333,14.77365],[-60.89203,14.77382],[-60.8922,14.77535],[-60.89186,14.7758],[-60.89033,14.77588],[-60.89069,14.77648],[-60.88971,14.77724],[-60.88952,14.77823],[-60.88895,14.77886],[-60.88843,14.78016],[-60.88718,14.78011],[-60.88615,14.78041],[-60.88501,14.77796],[-60.88604,14.77702],[-60.88512,14.77652],[-60.88419,14.77696],[-60.88274,14.77708],[-60.88042,14.77656],[-60.87917,14.77646],[-60.87913,14.77574],[-60.87811,14.7751],[-60.87583,14.77554],[-60.87463,14.77476],[-60.87525,14.77359],[-60.87594,14.77396],[-60.87683,14.77373],[-60.87535,14.77236],[-60.87284,14.77217],[-60.87347,14.77045],[-60.87473,14.76978],[-60.87451,14.76901],[-60.87303,14.76818],[-60.87424,14.76788],[-60.87574,14.76654],[-60.87607,14.76555],[-60.87563,14.76346],[-60.8742,14.7621],[-60.87342,14.76173],[-60.87333,14.76073],[-60.87204,14.76013],[-60.8726,14.7591],[-60.87271,14.7582],[-60.87424,14.75802],[-60.87576,14.75894],[-60.8781,14.75887],[-60.87769,14.75801],[-60.87866,14.75793],[-60.87935,14.75897],[-60.88023,14.7593],[-60.8816,14.76102],[-60.88278,14.76379],[-60.88229,14.76641],[-60.88322,14.76691],[-60.88367,14.76773],[-60.88447,14.76747],[-60.88541,14.76594],[-60.88611,14.76549],[-60.88746,14.76546],[-60.88917,14.76652],[-60.88992,14.76598],[-60.89154,14.76676],[-60.89206,14.76618],[-60.8935,14.76542],[-60.89331,14.76157],[-60.89534,14.76232],[-60.8968,14.76124],[-60.89699,14.76057],[-60.89692,14.75849],[-60.89577,14.75766],[-60.8941,14.75688],[-60.89321,14.75687],[-60.89201,14.75637],[-60.8908,14.7564],[-60.89007,14.75508],[-60.88967,14.75377],[-60.88847,14.75326],[-60.88857,14.75159],[-60.88955,14.75106],[-60.88948,14.74956],[-60.89019,14.74907],[-60.89094,14.74776],[-60.89297,14.74882],[-60.89362,14.74946],[-60.89469,14.74924],[-60.89553,14.74853],[-60.89583,14.74632],[-60.89731,14.74656],[-60.89812,14.74606],[-60.89935,14.74381],[-60.89885,14.74277],[-60.89806,14.74208],[-60.89681,14.74216],[-60.89589,14.74147],[-60.89466,14.7421],[-60.89374,14.74155],[-60.89152,14.74113],[-60.89069,14.73999],[-60.89186,14.73913],[-60.8922,14.73814],[-60.89133,14.73646],[-60.89185,14.73575],[-60.89304,14.73702],[-60.89403,14.73685],[-60.89495,14.73726],[-60.89583,14.73723],[-60.89635,14.7366],[-60.89632,14.73515],[-60.89544,14.73496],[-60.89555,14.73347],[-60.89693,14.7348],[-60.89822,14.73504],[-60.8999,14.73445],[-60.90101,14.73451],[-60.90178,14.73641],[-60.90299,14.7371],[-60.90495,14.73703],[-60.9069,14.73637],[-60.90817,14.73489],[-60.90942,14.73495],[-60.91044,14.73553],[-60.91094,14.73626],[-60.91124,14.73921],[-60.91099,14.74065],[-60.91122,14.74156],[-60.91186,14.74238],[-60.91189,14.74373],[-60.91332,14.74501],[-60.9141,14.74538],[-60.91583,14.74567],[-60.91619,14.74648],[-60.9174,14.74686],[-60.92004,14.74661],[-60.92124,14.74743],[-60.92216,14.74871],[-60.92411,14.74917],[-60.92525,14.75058],[-60.92586,14.75076],[-60.92726,14.75046],[-60.9294,14.75039],[-60.93094,14.74923],[-60.93159,14.74946],[-60.93344,14.74943],[-60.93609,14.75058],[-60.93749,14.74991],[-60.93824,14.74861],[-60.93821,14.74675],[-60.93869,14.74563],[-60.93963,14.74491],[-60.94048,14.7437],[-60.94067,14.74288],[-60.94201,14.74384],[-60.94313,14.74335],[-60.94375,14.74223],[-60.94456,14.73966],[-60.94467,14.73817],[-60.94439,14.73763],[-60.94342,14.73739],[-60.94302,14.7359],[-60.94103,14.73493],[-60.94001,14.7347],[-60.9388,14.73509],[-60.93755,14.73427],[-60.93845,14.73301],[-60.93946,14.73352],[-60.94025,14.73343],[-60.94151,14.73281],[-60.9429,14.73318],[-60.94364,14.73404],[-60.94443,14.73346],[-60.94463,14.73256],[-60.94417,14.73147],[-60.94558,14.73085],[-60.94621,14.72806],[-60.94618,14.72632],[-60.94564,14.72451],[-60.94473,14.72283],[-60.94344,14.72178],[-60.94181,14.72154],[-60.94135,14.72117],[-60.93986,14.72139],[-60.9394,14.72048],[-60.93987,14.71998],[-60.93988,14.71908],[-60.93896,14.71758],[-60.93712,14.71607],[-60.93448,14.71551],[-60.93276,14.71622],[-60.93292,14.71803],[-60.93268,14.71921],[-60.93118,14.72032],[-60.93121,14.72136],[-60.9306,14.72176],[-60.92838,14.72143],[-60.92782,14.72219],[-60.92647,14.72227],[-60.92541,14.72149],[-60.92532,14.72077],[-60.92635,14.71992],[-60.92792,14.72052],[-60.92863,14.71908],[-60.9291,14.71881],[-60.92963,14.71715],[-60.92856,14.71659],[-60.92867,14.71519],[-60.93008,14.71439],[-60.93083,14.71367],[-60.93213,14.71327],[-60.93391,14.71184],[-60.93412,14.70963],[-60.93311,14.70768],[-60.93233,14.70713],[-60.9295,14.70702],[-60.92787,14.70727],[-60.92456,14.70819],[-60.92339,14.70936],[-60.92348,14.70986],[-60.92254,14.7104],[-60.92162,14.70985],[-60.92092,14.70993],[-60.92044,14.71128],[-60.91932,14.71168],[-60.91846,14.71406],[-60.91868,14.71492],[-60.91821,14.71597],[-60.91724,14.71587],[-60.9165,14.715],[-60.9158,14.71495],[-60.91394,14.7162],[-60.91377,14.71381],[-60.91443,14.71318],[-60.91459,14.71069],[-60.91562,14.70966],[-60.91531,14.70857],[-60.91387,14.70801],[-60.91323,14.70729],[-60.91413,14.70598],[-60.91529,14.70568],[-60.91498,14.70414],[-60.9142,14.70287],[-60.91258,14.70222],[-60.9118,14.70126],[-60.91001,14.70003],[-60.90876,14.69952],[-60.90736,14.69996],[-60.90632,14.70067],[-60.90465,14.70103],[-60.90427,14.70139],[-60.9025,14.702],[-60.90256,14.70123],[-60.90336,14.69984],[-60.90072,14.69878],[-60.90236,14.69747],[-60.90144,14.69656],[-60.9014,14.69584],[-60.9022,14.69539],[-60.90388,14.69518],[-60.90466,14.6956],[-60.90582,14.69547],[-60.90684,14.69589],[-60.90839,14.69414],[-60.90812,14.69332],[-60.90887,14.69233],[-60.90856,14.69119],[-60.90889,14.69052],[-60.91,14.69035],[-60.91035,14.68904],[-60.91143,14.68792],[-60.91199,14.6877],[-60.91258,14.68848],[-60.91237,14.6915],[-60.91302,14.69173],[-60.91506,14.69143],[-60.91744,14.69087],[-60.91906,14.69084],[-60.91921,14.69015],[-60.92015,14.68957],[-60.92039,14.68899],[-60.92164,14.68846],[-60.92225,14.68864],[-60.92341,14.68825],[-60.92549,14.68894],[-60.9263,14.68886],[-60.92851,14.68739],[-60.92922,14.68595],[-60.9292,14.68314],[-60.92621,14.67999],[-60.92399,14.6793],[-60.92488,14.67854],[-60.92589,14.67931],[-60.92765,14.67919],[-60.92854,14.67875],[-60.92993,14.67867],[-60.9339,14.68277],[-60.93525,14.68242],[-60.9357,14.68311],[-60.93663,14.68357],[-60.93733,14.68244],[-60.93716,14.68167],[-60.93782,14.68032],[-60.93752,14.67747],[-60.93785,14.6772],[-60.93834,14.67494],[-60.93964,14.67468],[-60.94087,14.67266],[-60.94245,14.67276],[-60.9431,14.67236],[-60.94304,14.66928],[-60.94203,14.66724],[-60.94097,14.66691],[-60.93995,14.66713],[-60.94005,14.66596],[-60.93945,14.66509],[-60.93839,14.66522],[-60.9364,14.66462],[-60.93533,14.6647],[-60.93482,14.66392],[-60.9353,14.66302],[-60.93481,14.66063],[-60.93361,14.65944],[-60.93335,14.65772],[-60.93257,14.65676],[-60.93096,14.65576],[-60.93055,14.65413],[-60.92996,14.65335],[-60.92899,14.65294],[-60.92726,14.65292],[-60.92614,14.65336],[-60.9248,14.6534],[-60.92404,14.6548],[-60.92339,14.6552],[-60.9213,14.65514],[-60.92057,14.65414],[-60.91981,14.65454],[-60.92015,14.65793],[-60.91903,14.65846],[-60.9186,14.65995],[-60.91775,14.66108],[-60.91669,14.66089],[-60.91631,14.66192],[-60.91681,14.66288],[-60.91489,14.66408],[-60.91419,14.66407],[-60.91293,14.66515],[-60.91218,14.66519],[-60.91185,14.66596],[-60.91092,14.66613],[-60.91055,14.66563],[-60.91062,14.66391],[-60.90933,14.66273],[-60.90901,14.66181],[-60.90807,14.66349],[-60.9077,14.66362],[-60.90594,14.66243],[-60.90583,14.66342],[-60.90632,14.66609],[-60.90613,14.66659],[-60.90349,14.66625],[-60.90387,14.66435],[-60.90337,14.66358],[-60.90231,14.66276],[-60.90209,14.66208],[-60.90092,14.66234],[-60.90016,14.66505],[-60.89703,14.66525],[-60.89831,14.66336],[-60.89828,14.66236],[-60.89936,14.66119],[-60.8989,14.66051],[-60.89769,14.66118],[-60.89582,14.66108],[-60.89498,14.6613],[-60.89457,14.66039],[-60.89458,14.65935],[-60.89375,14.65894],[-60.89268,14.65961],[-60.89171,14.65901],[-60.89092,14.65954],[-60.89105,14.66054],[-60.89201,14.66177],[-60.89149,14.66271],[-60.89143,14.66443],[-60.89049,14.66564],[-60.88894,14.66613],[-60.88685,14.66643],[-60.88444,14.66627],[-60.88296,14.66549],[-60.88223,14.6639],[-60.88336,14.66224],[-60.88351,14.66152],[-60.88287,14.66034],[-60.88348,14.65994],[-60.88316,14.65881],[-60.88364,14.65808],[-60.88469,14.65926],[-60.88553,14.65895],[-60.88605,14.65805],[-60.88481,14.65678],[-60.88467,14.65632],[-60.88562,14.6548],[-60.88536,14.65308],[-60.88588,14.65263],[-60.88795,14.65387],[-60.88748,14.65445],[-60.8878,14.65536],[-60.88876,14.65659],[-60.8896,14.65637],[-60.89003,14.6547],[-60.88907,14.65379],[-60.88927,14.65203],[-60.89003,14.65067],[-60.89063,14.65054],[-60.89164,14.65141],[-60.89324,14.6502],[-60.89556,14.65023],[-60.89641,14.64856],[-60.89785,14.64884],[-60.89972,14.65189],[-60.90056,14.65162],[-60.90293,14.65277],[-60.9033,14.65209],[-60.90193,14.65068],[-60.90189,14.64964],[-60.903,14.64956],[-60.9032,14.64893],[-60.90413,14.64844],[-60.90524,14.64872],[-60.90603,14.64819],[-60.906,14.6467],[-60.90531,14.64601],[-60.90401,14.64586],[-60.90155,14.64589],[-60.89975,14.64537],[-60.89831,14.6445],[-60.89847,14.64337],[-60.89815,14.64292],[-60.89712,14.64309],[-60.89657,14.64196],[-60.89583,14.64118],[-60.89505,14.64127],[-60.89389,14.64089],[-60.89296,14.64107],[-60.89258,14.6417],[-60.89147,14.64191],[-60.89155,14.64246],[-60.89048,14.64272],[-60.88891,14.64212],[-60.88859,14.64131],[-60.89022,14.641],[-60.89166,14.6411],[-60.89366,14.64039],[-60.89404,14.63958],[-60.89511,14.63914],[-60.89493,14.63855],[-60.89392,14.63791],[-60.89374,14.63683],[-60.8945,14.63552],[-60.89367,14.63493],[-60.89189,14.63618],[-60.89092,14.63603],[-60.89111,14.63513],[-60.89219,14.63451],[-60.89201,14.63311],[-60.89109,14.63224],[-60.89087,14.63138],[-60.89162,14.63062],[-60.89269,14.63066],[-60.89328,14.63144],[-60.8939,14.63122],[-60.89505,14.63154],[-60.89516,14.63059],[-60.894,14.63004],[-60.89485,14.62815],[-60.89564,14.62811],[-60.89643,14.62871],[-60.89708,14.62844],[-60.89838,14.62859],[-60.89742,14.62718],[-60.89725,14.62515],[-60.8974,14.62397],[-60.899,14.62285],[-60.89906,14.62145],[-60.89828,14.62018],[-60.89777,14.62004],[-60.8965,14.62079],[-60.89562,14.62056],[-60.89443,14.61942],[-60.89364,14.61937],[-60.89284,14.62],[-60.88909,14.61929],[-60.88911,14.62096],[-60.88869,14.62195],[-60.88735,14.62149],[-60.88689,14.6204],[-60.88663,14.61841],[-60.8874,14.61688],[-60.88686,14.61547],[-60.88578,14.61569],[-60.88531,14.6165],[-60.88515,14.61826],[-60.88431,14.6192],[-60.88337,14.61969],[-60.88203,14.61928],[-60.88176,14.61805],[-60.88089,14.61782],[-60.88018,14.6185],[-60.88017,14.6194],[-60.8796,14.62007],[-60.87862,14.62029],[-60.87722,14.6215],[-60.87662,14.62154],[-60.87528,14.6203],[-60.87525,14.6194],[-60.8733,14.61879],[-60.87191,14.61878],[-60.87018,14.61953],[-60.86889,14.61794],[-60.86936,14.61727],[-60.87058,14.61764],[-60.87188,14.61747],[-60.87244,14.61657],[-60.87366,14.61586],[-60.87477,14.61574],[-60.87602,14.61602],[-60.87623,14.61412],[-60.87745,14.61363],[-60.87797,14.61232],[-60.87751,14.61191],[-60.87743,14.61055],[-60.87492,14.60976],[-60.8754,14.609],[-60.87541,14.60814],[-60.87471,14.60759],[-60.8729,14.60731],[-60.87143,14.60634],[-60.87004,14.60592],[-60.86922,14.60474],[-60.86914,14.60257],[-60.86892,14.60198],[-60.86795,14.6013],[-60.86843,14.60008],[-60.87079,14.60051],[-60.8721,14.60007],[-60.87258,14.59809],[-60.87246,14.59631],[-60.87085,14.5954],[-60.87039,14.59458],[-60.86928,14.59384],[-60.86808,14.59361],[-60.8686,14.59248],[-60.86856,14.59162],[-60.8676,14.5904],[-60.86518,14.59155],[-60.8629,14.59108],[-60.86101,14.59011],[-60.85856,14.58932],[-60.85711,14.5904],[-60.85644,14.59193],[-60.85472,14.59209],[-60.85378,14.59258],[-60.85302,14.5942],[-60.85186,14.59473],[-60.85173,14.59401],[-60.85243,14.59365],[-60.85239,14.59216],[-60.85142,14.59188],[-60.85129,14.59102],[-60.85186,14.59026],[-60.85075,14.58939],[-60.84973,14.58992],[-60.849,14.58829],[-60.84845,14.5877],[-60.84984,14.5874],[-60.85069,14.58664],[-60.85046,14.5855],[-60.84867,14.58431],[-60.84788,14.58412],[-60.84634,14.58456],[-60.84649,14.58371],[-60.84623,14.58257],[-60.84725,14.58227],[-60.85044,14.58297],[-60.85156,14.58275],[-60.85134,14.5818],[-60.85186,14.58153],[-60.85243,14.58009],[-60.85089,14.58008],[-60.84997,14.57939],[-60.84876,14.57971],[-60.84723,14.5791],[-60.84413,14.57858],[-60.84227,14.57901],[-60.84265,14.57793],[-60.84428,14.57731],[-60.84576,14.57746],[-60.84712,14.57634],[-60.84926,14.57622],[-60.84973,14.57654],[-60.85191,14.57625],[-60.85297,14.57635],[-60.85359,14.57545],[-60.8536,14.57369],[-60.85282,14.57278],[-60.85242,14.57164],[-60.85248,14.57028],[-60.85286,14.56951],[-60.85157,14.56846],[-60.84989,14.56945],[-60.84946,14.57012],[-60.84849,14.57052],[-60.84682,14.56956],[-60.84513,14.5709],[-60.84457,14.57166],[-60.8435,14.57161],[-60.84295,14.5711],[-60.84374,14.57048],[-60.8453,14.56801],[-60.84847,14.56731],[-60.84899,14.56663],[-60.84914,14.56546],[-60.84831,14.56468],[-60.84603,14.56499],[-60.84248,14.5669],[-60.8409,14.56688],[-60.84124,14.56567],[-60.8407,14.56431],[-60.84197,14.56242],[-60.84304,14.56139],[-60.84492,14.56018],[-60.8453,14.55941],[-60.84331,14.55935],[-60.84232,14.55912],[-60.8413,14.55961],[-60.8382,14.56302],[-60.83671,14.56422],[-60.83297,14.56619],[-60.83217,14.56695],[-60.83212,14.56808],[-60.83132,14.56838],[-60.83099,14.56919],[-60.83025,14.56959],[-60.82886,14.56927],[-60.82816,14.56872],[-60.82547,14.56838],[-60.82804,14.56704],[-60.82819,14.5661],[-60.82912,14.56588],[-60.82988,14.56476],[-60.8299,14.56254],[-60.83038,14.56088],[-60.8301,14.56029],[-60.83109,14.55916],[-60.83249,14.55858],[-60.83358,14.55656],[-60.83553,14.5568],[-60.83624,14.55545],[-60.83648,14.5541],[-60.83628,14.55111],[-60.83767,14.55108],[-60.83856,14.55],[-60.83755,14.54918],[-60.83752,14.54796],[-60.8361,14.54623],[-60.83379,14.54521],[-60.83336,14.54643],[-60.83188,14.54551],[-60.83148,14.5442],[-60.83056,14.54306],[-60.82949,14.54314],[-60.82844,14.54137],[-60.82822,14.54028],[-60.82716,14.53964],[-60.82763,14.53883],[-60.82746,14.53806],[-60.82663,14.53738],[-60.827,14.53675],[-60.82831,14.53644],[-60.82868,14.53572],[-60.82767,14.53508],[-60.82856,14.53455],[-60.8298,14.53555],[-60.83179,14.53575],[-60.83315,14.53539],[-60.8344,14.53563],[-60.83514,14.53541],[-60.83576,14.53438],[-60.83678,14.53416],[-60.83725,14.53349],[-60.83652,14.53262],[-60.8341,14.5331],[-60.83285,14.53245],[-60.83296,14.53137],[-60.83133,14.53185],[-60.829,14.5322],[-60.82829,14.53287],[-60.8268,14.53358],[-60.82496,14.53284],[-60.82447,14.5308],[-60.82489,14.53045],[-60.8242,14.52954],[-60.82425,14.52895],[-60.82547,14.52719],[-60.82572,14.5262],[-60.82561,14.52236],[-60.82613,14.52141],[-60.8273,14.52179],[-60.82822,14.52252],[-60.82913,14.52406],[-60.83015,14.52421],[-60.83229,14.52346],[-60.83303,14.52351],[-60.83471,14.52266],[-60.83514,14.52153],[-60.83469,14.52031],[-60.83354,14.51926],[-60.83328,14.51758],[-60.83389,14.51759],[-60.83626,14.51648],[-60.83526,14.51516],[-60.83587,14.51422],[-60.83699,14.51323],[-60.83687,14.51169],[-60.83585,14.51127],[-60.83471,14.50991],[-60.83373,14.51031],[-60.8327,14.51125],[-60.83292,14.51207],[-60.82997,14.51453],[-60.82848,14.51497],[-60.82491,14.51489],[-60.82418,14.51357],[-60.82353,14.51307],[-60.82327,14.51153],[-60.82268,14.51066],[-60.82247,14.50863],[-60.8236,14.50674],[-60.82404,14.5044],[-60.82358,14.50344],[-60.82233,14.50316],[-60.82338,14.50091],[-60.82368,14.49842],[-60.82342,14.49593],[-60.82279,14.49444],[-60.82118,14.49289],[-60.81998,14.49278],[-60.81895,14.49332],[-60.81867,14.49408],[-60.81903,14.49472],[-60.81768,14.49512],[-60.81807,14.49385],[-60.81789,14.49317],[-60.8171,14.4928],[-60.81617,14.49321],[-60.81421,14.48979],[-60.81483,14.48786],[-60.81475,14.4865],[-60.81416,14.48519],[-60.8127,14.48291],[-60.81064,14.48059],[-60.8106,14.47978],[-60.81125,14.47906],[-60.81145,14.47793],[-60.81202,14.47717],[-60.81276,14.4769],[-60.81343,14.47446],[-60.81405,14.47338],[-60.81666,14.47269],[-60.81764,14.47179],[-60.81885,14.47158],[-60.81944,14.47262],[-60.81914,14.4751],[-60.82006,14.47574],[-60.82019,14.47647],[-60.82168,14.47576],[-60.82202,14.47477],[-60.82162,14.47295],[-60.82372,14.47184],[-60.82224,14.47056],[-60.82034,14.47059],[-60.81873,14.46908],[-60.81842,14.46813],[-60.81893,14.46755],[-60.81844,14.46646],[-60.81696,14.46595],[-60.816,14.46404],[-60.81531,14.46331],[-60.81487,14.46168],[-60.81404,14.46045],[-60.81317,14.46013],[-60.81196,14.4603],[-60.80949,14.46019],[-60.80964,14.45965],[-60.81095,14.4592],[-60.81234,14.45949],[-60.81488,14.46033],[-60.81604,14.45993],[-60.81578,14.45866],[-60.8162,14.45812],[-60.8175,14.45872],[-60.81862,14.45837],[-60.81946,14.45742],[-60.82025,14.45702],[-60.82119,14.45581],[-60.82176,14.45446],[-60.82158,14.45351],[-60.82187,14.45266],[-60.82364,14.45245],[-60.82393,14.45164],[-60.82381,14.44995],[-60.82404,14.44941],[-60.82254,14.44637],[-60.82349,14.44494],[-60.82429,14.44314],[-60.82473,14.44097],[-60.82451,14.44007],[-60.82555,14.43794],[-60.82523,14.43744],[-60.82665,14.43547],[-60.82841,14.43512],[-60.82919,14.43572],[-60.82975,14.43554],[-60.8312,14.43438],[-60.83167,14.43344],[-60.83294,14.4329],[-60.83396,14.433],[-60.83434,14.43219],[-60.83361,14.43092],[-60.83269,14.43],[-60.83312,14.42829],[-60.83388,14.42699],[-60.83522,14.42686],[-60.83555,14.42628],[-60.83519,14.42542],[-60.83426,14.42523],[-60.83466,14.42287],[-60.83544,14.4232],[-60.83688,14.42289],[-60.83899,14.4221],[-60.84051,14.42234],[-60.84046,14.42324],[-60.84109,14.42555],[-60.84255,14.42715],[-60.84561,14.42785],[-60.84751,14.42755],[-60.84825,14.42779],[-60.84891,14.42711],[-60.84911,14.42607],[-60.84864,14.42495],[-60.84973,14.42239],[-60.84955,14.42166],[-60.84722,14.42259],[-60.84729,14.42074],[-60.8479,14.41993],[-60.84739,14.41948],[-60.8444,14.42112],[-60.8432,14.42052],[-60.84377,14.41917],[-60.84448,14.41854],[-60.84435,14.4176],[-60.84506,14.41661],[-60.84516,14.4158],[-60.84396,14.4152],[-60.84293,14.41555],[-60.84117,14.41535],[-60.83987,14.41543],[-60.83802,14.4146],[-60.83766,14.41383],[-60.83827,14.41302],[-60.83823,14.41225],[-60.83871,14.41063],[-60.84053,14.41047],[-60.84191,14.41134],[-60.84264,14.41256],[-60.84453,14.41353],[-60.84578,14.41345],[-60.84779,14.41233],[-60.84853,14.41162],[-60.84972,14.40982],[-60.85034,14.40784],[-60.85137,14.40721],[-60.85285,14.40682],[-60.85346,14.406],[-60.85343,14.40492],[-60.85473,14.40434],[-60.85522,14.40299],[-60.85467,14.40199],[-60.85593,14.40155],[-60.85557,14.40033],[-60.85581,14.39956],[-60.85516,14.39906],[-60.85573,14.39839],[-60.85564,14.39729],[-60.85662,14.39712],[-60.85749,14.39812],[-60.8594,14.39751],[-60.85968,14.3972],[-60.85913,14.39597],[-60.8596,14.39575],[-60.86053,14.39653],[-60.86313,14.39555],[-60.8641,14.3966],[-60.86562,14.39675],[-60.86665,14.39635],[-60.86796,14.39473],[-60.86881,14.39456],[-60.8712,14.3958],[-60.87282,14.39645],[-60.87491,14.39633],[-60.87652,14.39707],[-60.87805,14.39713],[-60.87814,14.39785],[-60.8766,14.3982],[-60.87626,14.40009],[-60.87672,14.40095],[-60.87892,14.40287],[-60.88115,14.40416],[-60.883,14.40476],[-60.88448,14.40459],[-60.88511,14.40641],[-60.88473,14.40767],[-60.88597,14.40912],[-60.88721,14.40977],[-60.88688,14.41058],[-60.88552,14.4108],[-60.88509,14.41184],[-60.88544,14.4136],[-60.88659,14.41492],[-60.88889,14.41657],[-60.89042,14.41722],[-60.89318,14.41918],[-60.89321,14.42063],[-60.89255,14.42157],[-60.89084,14.42169],[-60.89,14.42223],[-60.88919,14.42354],[-60.88727,14.42569],[-60.88629,14.4265],[-60.88586,14.42744],[-60.88556,14.42947],[-60.88467,14.4306],[-60.88443,14.43168],[-60.8833,14.43231],[-60.88292,14.43307],[-60.88185,14.43401],[-60.88056,14.43785],[-60.8799,14.43843],[-60.87994,14.43924],[-60.88061,14.44187],[-60.88121,14.44309],[-60.8835,14.44537],[-60.8845,14.44764],[-60.88397,14.4494],[-60.88346,14.44989],[-60.88424,14.45103],[-60.8838,14.45193],[-60.8825,14.45193],[-60.88145,14.45079],[-60.88022,14.44864],[-60.87972,14.44737],[-60.87884,14.44741],[-60.87783,14.44623],[-60.87675,14.44695],[-60.8766,14.44862],[-60.87613,14.44889],[-60.8746,14.44883],[-60.87321,14.448],[-60.87224,14.44826],[-60.87315,14.45003],[-60.87272,14.4508],[-60.87378,14.45153],[-60.874,14.4528],[-60.87283,14.45446],[-60.87323,14.45551],[-60.8728,14.45691],[-60.87197,14.45654],[-60.87142,14.45554],[-60.86989,14.45625],[-60.86882,14.45597],[-60.86768,14.45492],[-60.86623,14.45518],[-60.86442,14.45489],[-60.86418,14.45629],[-60.86533,14.45707],[-60.86713,14.45726],[-60.86745,14.45844],[-60.86693,14.4592],[-60.86558,14.45988],[-60.86483,14.46082],[-60.86297,14.46144],[-60.86221,14.46287],[-60.86322,14.46401],[-60.86373,14.46366],[-60.86447,14.46421],[-60.86446,14.46493],[-60.86362,14.46542],[-60.8643,14.4671],[-60.86419,14.46859],[-60.86535,14.46914],[-60.86608,14.47046],[-60.86705,14.47046],[-60.86845,14.47002],[-60.86938,14.47008],[-60.87013,14.46918],[-60.87207,14.46906],[-60.87352,14.46962],[-60.87406,14.47102],[-60.87512,14.47171],[-60.87655,14.47213],[-60.87647,14.47132],[-60.87801,14.46988],[-60.87695,14.46919],[-60.87803,14.46753],[-60.8803,14.46777],[-60.88068,14.4671],[-60.88167,14.46661],[-60.88196,14.46521],[-60.88297,14.46622],[-60.88409,14.465],[-60.88419,14.46428],[-60.8855,14.46356],[-60.88667,14.46249],[-60.88691,14.46172],[-60.88808,14.46083],[-60.88828,14.45952],[-60.88884,14.45912],[-60.89,14.4593],[-60.89065,14.45872],[-60.89127,14.4571],[-60.89282,14.45549],[-60.89228,14.45309],[-60.89262,14.45264],[-60.8943,14.4517],[-60.8951,14.45098],[-60.89682,14.44996],[-60.89828,14.44798],[-60.89902,14.44767],[-60.90054,14.44949],[-60.89978,14.45035],[-60.89991,14.45161],[-60.90111,14.45275],[-60.90273,14.45372],[-60.90375,14.45404],[-60.90573,14.45537],[-60.90683,14.45664],[-60.90737,14.45769],[-60.90958,14.4596],[-60.91143,14.46071],[-60.91156,14.4617],[-60.91206,14.46198],[-60.91131,14.46337],[-60.91125,14.46482],[-60.91086,14.46662],[-60.9101,14.46892],[-60.91177,14.46907],[-60.91307,14.46854],[-60.91492,14.46878],[-60.91604,14.46847],[-60.91661,14.47132],[-60.9174,14.47169],[-60.91748,14.46925],[-60.91855,14.46809],[-60.91884,14.46722],[-60.92046,14.46769],[-60.92278,14.46699],[-60.92372,14.46596],[-60.92586,14.46579],[-60.92666,14.46539],[-60.92792,14.46427],[-60.92959,14.46406],[-60.93085,14.46307],[-60.93192,14.46263],[-60.93332,14.46273],[-60.93416,14.46242],[-60.93504,14.46266],[-60.93618,14.46447],[-60.9378,14.46458],[-60.94138,14.46379],[-60.94164,14.46537],[-60.94308,14.46624],[-60.94475,14.46594],[-60.94581,14.46658],[-60.94809,14.46674],[-60.95022,14.4664],[-60.95181,14.46659],[-60.95292,14.46591],[-60.95511,14.46507],[-60.95627,14.46536],[-60.95667,14.46712],[-60.95787,14.46799],[-60.95977,14.46787],[-60.96139,14.46879],[-60.96211,14.47137],[-60.9628,14.47219],[-60.96451,14.47288],[-60.96632,14.47312],[-60.96948,14.4722],[-60.9699,14.47179],[-60.96926,14.4702],[-60.9703,14.46958],[-60.97272,14.4687],[-60.97365,14.46789],[-60.97449,14.46803],[-60.97508,14.46872],[-60.97643,14.46882],[-60.9784,14.47123],[-60.97662,14.47311],[-60.97585,14.47564],[-60.9782,14.47724],[-60.97819,14.479],[-60.97961,14.48096],[-60.97956,14.4815],[-60.98039,14.48205],[-60.98118,14.48183],[-60.98142,14.48097],[-60.9823,14.48129],[-60.98261,14.48229],[-60.98348,14.47981],[-60.98455,14.47924],[-60.9833,14.47868],[-60.98326,14.47764],[-60.98461,14.47734],[-60.98491,14.47552],[-60.9845,14.47462],[-60.98451,14.4734],[-60.98493,14.47277],[-60.98595,14.47255],[-60.98701,14.47346],[-60.98715,14.47405],[-60.98816,14.47478],[-60.98806,14.476],[-60.98967,14.47742],[-60.99127,14.47939],[-60.99179,14.47881],[-60.9919,14.47705],[-60.99102,14.47636],[-60.99066,14.47532],[-60.99002,14.47455],[-60.9899,14.47229],[-60.99102,14.47116],[-60.99024,14.47047],[-60.99025,14.46939],[-60.98961,14.46798],[-60.9906,14.46677],[-60.99157,14.46633],[-60.99268,14.46692],[-60.99295,14.46792],[-60.99458,14.46857],[-60.99736,14.46805],[-60.99921,14.46947],[-61.00036,14.4707],[-61.00024,14.47304],[-61.00074,14.47418],[-61.00221,14.47586],[-61.00294,14.47745],[-61.00293,14.47808],[-61.00385,14.47881],[-61.00502,14.47842],[-61.00595,14.47752],[-61.00634,14.47617],[-61.00732,14.4754],[-61.00794,14.47405],[-61.0079,14.47337],[-61.0063,14.47105],[-61.00787,14.47143],[-61.00948,14.47239],[-61.00985,14.47325],[-61.01086,14.47367],[-61.01173,14.47485],[-61.0128,14.47526],[-61.01312,14.47585],[-61.01525,14.47687],[-61.01667,14.47932],[-61.01736,14.48005],[-61.01883,14.48065],[-61.02092,14.48053],[-61.02563,14.47925],[-61.03251,14.47708],[-61.03601,14.47562],[-61.03964,14.47385],[-61.04156,14.47317],[-61.04334,14.47125],[-61.04408,14.47098],[-61.0446,14.47004],[-61.04544,14.46959],[-61.04658,14.46783],[-61.04696,14.46612],[-61.04674,14.46498],[-61.04619,14.46439],[-61.04633,14.46367],[-61.04727,14.46228],[-61.04728,14.46097],[-61.04856,14.45849],[-61.0501,14.45705],[-61.05197,14.45621],[-61.05323,14.45586],[-61.05472,14.45433],[-61.05612,14.45394],[-61.05863,14.45413],[-61.0602,14.45487],[-61.0615,14.45506],[-61.06316,14.45598],[-61.06523,14.45766],[-61.06601,14.45912],[-61.06698,14.45971],[-61.06729,14.46035],[-61.06727,14.46301],[-61.06767,14.4655],[-61.06844,14.46691],[-61.06923,14.46723],[-61.07042,14.46846],[-61.07209,14.46911],[-61.07377,14.46894],[-61.07516,14.46845],[-61.07675,14.46752],[-61.07989,14.46872],[-61.08197,14.4704],[-61.08296,14.4738],[-61.08188,14.47502],[-61.0827,14.47638],[-61.08223,14.47696],[-61.08107,14.47713],[-61.07958,14.47816],[-61.07924,14.47965],[-61.07932,14.48147],[-61.07982,14.4821],[-61.08017,14.48436],[-61.07969,14.4859],[-61.07953,14.4882],[-61.07989,14.48938],[-61.08072,14.49033],[-61.08275,14.49198],[-61.08396,14.49176],[-61.08429,14.49109],[-61.08573,14.49087],[-61.08665,14.49133],[-61.08818,14.49143],[-61.09077,14.49262],[-61.09062,14.49335],[-61.08978,14.49393],[-61.08945,14.49506],[-61.08989,14.49755],[-61.08831,14.49835],[-61.0872,14.4982],[-61.0866,14.4977],[-61.08464,14.49827],[-61.08421,14.49891],[-61.08406,14.50103],[-61.0845,14.50284],[-61.08541,14.50529],[-61.08656,14.50643],[-61.08758,14.50703],[-61.08916,14.50709],[-61.09013,14.50773],[-61.09161,14.50778],[-61.09269,14.50697],[-61.09552,14.5064],[-61.09654,14.50641],[-61.10044,14.50721],[-61.10117,14.50817],[-61.10098,14.50934],[-61.09953,14.511],[-61.09808,14.51158],[-61.09761,14.5123],[-61.0976,14.51315],[-61.09676,14.5137],[-61.09675,14.51465],[-61.09743,14.51669],[-61.09737,14.51858],[-61.09558,14.52105],[-61.09492,14.52123],[-61.0945,14.52205],[-61.09448,14.52462],[-61.09359,14.52548],[-61.09233,14.52551],[-61.09164,14.52519],[-61.09011,14.52549],[-61.08945,14.52653],[-61.09051,14.5278],[-61.08994,14.52834],[-61.08869,14.52724],[-61.08781,14.5271],[-61.08729,14.52819],[-61.08798,14.52869],[-61.0889,14.53024],[-61.08898,14.53141],[-61.08809,14.53281],[-61.08771,14.53411],[-61.08436,14.53472],[-61.08454,14.53567],[-61.08341,14.53621],[-61.0828,14.53697],[-61.08104,14.53687],[-61.08015,14.53786],[-61.07963,14.53898],[-61.07888,14.5397],[-61.07896,14.54092],[-61.0771,14.54118],[-61.07662,14.54217],[-61.07565,14.54203],[-61.07478,14.54112],[-61.07167,14.54069],[-61.07037,14.54072],[-61.06927,14.53999],[-61.06774,14.53984],[-61.06698,14.54015],[-61.06451,14.54195],[-61.06427,14.54253],[-61.06481,14.5443],[-61.06388,14.54533],[-61.0626,14.54758],[-61.0618,14.54807],[-61.06096,14.54934],[-61.06127,14.55065],[-61.06033,14.5515],[-61.05848,14.55167],[-61.05733,14.55048],[-61.05533,14.55092],[-61.05359,14.55235],[-61.05303,14.55335],[-61.05311,14.55448],[-61.0538,14.55525],[-61.05384,14.5562],[-61.05443,14.5567],[-61.05419,14.55765],[-61.05312,14.55818],[-61.05307,14.5589],[-61.05236,14.56057],[-61.0522,14.56242],[-61.05146,14.56205],[-61.0518,14.56066],[-61.05136,14.55862],[-61.05192,14.55804],[-61.05123,14.55717],[-61.05029,14.55789],[-61.05075,14.55893],[-61.04985,14.55987],[-61.04879,14.55959],[-61.04924,14.55698],[-61.05013,14.55576],[-61.05097,14.55536],[-61.05018,14.55463],[-61.05103,14.55378],[-61.05127,14.55234],[-61.05174,14.55144],[-61.05021,14.55138],[-61.04714,14.55235],[-61.04481,14.55233],[-61.04392,14.55323],[-61.04262,14.55371],[-61.04178,14.55448],[-61.0407,14.5561],[-61.03985,14.55677],[-61.0385,14.5568],[-61.03735,14.55548],[-61.03752,14.55305],[-61.03809,14.55169],[-61.03805,14.55093],[-61.03727,14.55002],[-61.03886,14.54866],[-61.04007,14.54791],[-61.04277,14.54752],[-61.04337,14.5478],[-61.04435,14.54659],[-61.04329,14.5464],[-61.04329,14.54586],[-61.04198,14.54282],[-61.04069,14.54145],[-61.03647,14.54169],[-61.03648,14.5401],[-61.03504,14.54032],[-61.03493,14.54163],[-61.034,14.54198],[-61.03326,14.54139],[-61.03164,14.54074],[-61.03006,14.54083],[-61.03068,14.53933],[-61.03219,14.53763],[-61.03192,14.53668],[-61.02778,14.53714],[-61.02747,14.53497],[-61.02677,14.53519],[-61.0249,14.53758],[-61.02475,14.53852],[-61.02301,14.53977],[-61.02199,14.5395],[-61.02149,14.53841],[-61.02103,14.53845],[-61.02041,14.53971],[-61.01921,14.53965],[-61.01764,14.53892],[-61.01714,14.53796],[-61.01775,14.53693],[-61.01771,14.53625],[-61.01655,14.53615],[-61.0168,14.53435],[-61.01503,14.53519],[-61.01382,14.53505],[-61.01269,14.53577],[-61.01249,14.53789],[-61.01175,14.53811],[-61.01114,14.53887],[-61.01094,14.53982],[-61.00935,14.54184],[-61.00842,14.54215],[-61.00669,14.54164],[-61.00573,14.54064],[-61.00546,14.5391],[-61.00595,14.53801],[-61.0073,14.53717],[-61.00731,14.53608],[-61.00538,14.53775],[-61.00351,14.53999],[-61.00285,14.5412],[-61.00224,14.54147],[-61.00097,14.54322],[-61.0005,14.54448],[-60.99946,14.54502],[-60.99756,14.54501],[-60.99639,14.54599],[-60.9937,14.5466],[-60.99364,14.54841],[-60.99423,14.54923],[-60.99544,14.54919],[-60.99576,14.54996],[-60.99747,14.55016],[-60.997,14.55137],[-60.99486,14.55191],[-60.99341,14.55176],[-60.99291,14.5509],[-60.99237,14.54899],[-60.99094,14.54808],[-60.99058,14.54726],[-60.98978,14.54816],[-60.98976,14.55024],[-60.99118,14.55197],[-60.99108,14.55305],[-60.99186,14.554],[-60.99343,14.55501],[-60.99557,14.55485],[-60.99648,14.55662],[-60.99503,14.5571],[-60.99488,14.55877],[-60.99759,14.56142],[-60.99858,14.56039],[-60.99965,14.56071],[-61.00035,14.56049],[-61.00114,14.55951],[-61.00248,14.56014],[-61.00285,14.5611],[-61.00386,14.56201],[-61.00585,14.56198],[-61.00678,14.56226],[-61.00828,14.56177],[-61.00866,14.56065],[-61.00973,14.56025],[-61.0113,14.56107],[-61.01083,14.56157],[-61.01041,14.56299],[-61.0103,14.56462],[-61.01121,14.56534],[-61.01083,14.56657],[-61.01087,14.56751],[-61.01156,14.56833],[-61.01267,14.56825],[-61.01378,14.56857],[-61.01414,14.57057],[-61.01278,14.57182],[-61.01207,14.57335],[-61.01029,14.57501],[-61.00982,14.57605],[-61.00993,14.57827],[-61.01049,14.57882],[-61.01249,14.57815],[-61.01429,14.57875],[-61.0141,14.57947],[-61.01478,14.58193],[-61.01579,14.58302],[-61.01686,14.58211],[-61.0175,14.58325],[-61.01907,14.58403],[-61.01985,14.58485],[-61.02186,14.58324],[-61.02326,14.58352],[-61.02427,14.5848],[-61.02417,14.58588],[-61.02346,14.58655],[-61.02354,14.58818],[-61.02398,14.58999],[-61.02361,14.5903],[-61.02355,14.59193],[-61.02239,14.59147],[-61.02127,14.59196],[-61.02021,14.592],[-61.01932,14.5924],[-61.01893,14.59348],[-61.01744,14.59401],[-61.01645,14.59572],[-61.01677,14.59681],[-61.01675,14.59843],[-61.01731,14.59894],[-61.01803,14.60043],[-61.01966,14.60004],[-61.01966,14.60081],[-61.01477,14.60177],[-61.0138,14.60172],[-61.01389,14.60262],[-61.01639,14.60251],[-61.01722,14.60351],[-61.01825,14.60275],[-61.01917,14.60266],[-61.02172,14.60331],[-61.02157,14.60421],[-61.02212,14.60535],[-61.02146,14.60616],[-61.02063,14.60638],[-61.01955,14.60728],[-61.01964,14.60787],[-61.02051,14.60851],[-61.02055,14.60986],[-61.01924,14.61039],[-61.01895,14.6117],[-61.02043,14.61244],[-61.02137,14.61177],[-61.02179,14.61087],[-61.02258,14.61128],[-61.02312,14.61246],[-61.02405,14.61305],[-61.02596,14.61181],[-61.02653,14.61091],[-61.0264,14.61032],[-61.0272,14.60887],[-61.02953,14.60839],[-61.03056,14.60736],[-61.03098,14.60624],[-61.03159,14.60588],[-61.03214,14.6067],[-61.03339,14.60698],[-61.0347,14.6063],[-61.03558,14.60681],[-61.03661,14.60569],[-61.03879,14.60599],[-61.03974,14.60647],[-61.04029,14.60582],[-61.0403,14.60392],[-61.03915,14.60283],[-61.03917,14.60079],[-61.03858,14.5992],[-61.03789,14.5982],[-61.03726,14.59625],[-61.03639,14.59516],[-61.03686,14.59403],[-61.03688,14.59263],[-61.03762,14.59255],[-61.03789,14.59354],[-61.0389,14.59446],[-61.0409,14.59519],[-61.04098,14.59619],[-61.0442,14.59486],[-61.04508,14.59491],[-61.04661,14.59433],[-61.04749,14.5952],[-61.04738,14.59651],[-61.04808,14.59701],[-61.04806,14.59833],[-61.04913,14.59846],[-61.04974,14.59788],[-61.05216,14.59795],[-61.05267,14.59831],[-61.05342,14.59737],[-61.05411,14.59728],[-61.05594,14.595],[-61.0586,14.59442],[-61.06022,14.59511],[-61.05993,14.59615],[-61.06095,14.59697],[-61.05801,14.60233],[-61.05749,14.60359],[-61.05916,14.60406],[-61.05972,14.60325],[-61.05894,14.6023],[-61.06129,14.60014],[-61.06184,14.60056],[-61.06146,14.60191],[-61.06337,14.60138],[-61.06453,14.60138],[-61.06507,14.60316],[-61.06609,14.60262],[-61.06556,14.60035],[-61.06487,14.59958],[-61.06549,14.59728],[-61.06614,14.59715],[-61.06655,14.59792],[-61.06695,14.6005],[-61.06754,14.60145],[-61.07079,14.60293],[-61.07242,14.60217],[-61.07293,14.60154],[-61.07475,14.60114],[-61.07558,14.60201],[-61.078,14.60121],[-61.07944,14.6015],[-61.0807,14.60079],[-61.08177,14.60079],[-61.08279,14.59994],[-61.08349,14.60004],[-61.08438,14.59895],[-61.08605,14.59983],[-61.08731,14.59961],[-61.0887,14.5998],[-61.09042,14.59864],[-61.09106,14.60054],[-61.09222,14.60001],[-61.09244,14.60123],[-61.09323,14.60205],[-61.09442,14.60396],[-61.09612,14.60515],[-61.09592,14.60705],[-61.09731,14.6071],[-61.09794,14.60941],[-61.09826,14.60982],[-61.09825,14.61149],[-61.09908,14.61231],[-61.10024,14.61268],[-61.10041,14.61427],[-61.10157,14.61536],[-61.10291,14.61542],[-61.1037,14.61597],[-61.1035,14.61718],[-61.10474,14.61909],[-61.1063,14.62073],[-61.10828,14.62219],[-61.11004,14.62298],[-61.11133,14.62416],[-61.11118,14.62556],[-61.11298,14.62652],[-61.1153,14.62718],[-61.11651,14.62719],[-61.11754,14.62759]]],[[[-60.88901,14.68959],[-60.89036,14.68965],[-60.89128,14.69024],[-60.89178,14.69102],[-60.89182,14.69251],[-60.89209,14.6931],[-60.89505,14.69376],[-60.89622,14.69444],[-60.89728,14.69545],[-60.89875,14.69637],[-60.89763,14.69726],[-60.89657,14.69616],[-60.89522,14.69566],[-60.89457,14.69579],[-60.89423,14.69705],[-60.89183,14.69558],[-60.89113,14.69634],[-60.89034,14.69615],[-60.88908,14.69687],[-60.8873,14.6974],[-60.88699,14.69609],[-60.88537,14.69567],[-60.88353,14.69447],[-60.88223,14.69464],[-60.88029,14.69345],[-60.87923,14.69258],[-60.87975,14.69128],[-60.8816,14.69206],[-60.88275,14.69284],[-60.88448,14.69195],[-60.88565,14.69187],[-60.88649,14.69119],[-60.88705,14.69129],[-60.88759,14.69238],[-60.88862,14.6918],[-60.88864,14.69026],[-60.88901,14.68959]]],[[[-60.88764,14.62972],[-60.88829,14.62995],[-60.88869,14.63095],[-60.88863,14.63258],[-60.88997,14.6334],[-60.88992,14.63399],[-60.88893,14.63488],[-60.88773,14.63474],[-60.88778,14.63388],[-60.88705,14.63274],[-60.8858,14.63296],[-60.88482,14.63254],[-60.88507,14.63169],[-60.88637,14.63102],[-60.88764,14.62972]]],[[[-60.88249,14.68596],[-60.88352,14.68633],[-60.88398,14.68733],[-60.884,14.68828],[-60.88464,14.69],[-60.88426,14.6905],[-60.88229,14.68763],[-60.88207,14.68655],[-60.88249,14.68596]]],[[[-60.91081,14.68435],[-60.91127,14.68526],[-60.91024,14.68656],[-60.9091,14.68736],[-60.90904,14.68573],[-60.90979,14.68447],[-60.91081,14.68435]]],[[[-60.89998,14.68489],[-60.90086,14.68576],[-60.90188,14.6859],[-60.90164,14.68698],[-60.90029,14.68661],[-60.89898,14.68692],[-60.89979,14.6857],[-60.89998,14.68489]]],[[[-60.88311,14.66942],[-60.88398,14.6702],[-60.88393,14.67101],[-60.88285,14.67137],[-60.88161,14.67005],[-60.88311,14.66942]]]]}},{"type":"Feature","properties":{"code":"973","nom":"Guyane"},"geometry":{"type":"MultiPolygon","coordinates":[[[[-53.87049,5.74494],[-53.86464,5.74295],[-53.87793,5.73688],[-53.88376,5.7365],[-53.89443,5.73915],[-53.90175,5.74219],[-53.90259,5.74655],[-53.89909,5.74779],[-53.89023,5.74816],[-53.87914,5.74701],[-53.87049,5.74494]]],[[[-52.17969,4.89085],[-52.18157,4.88863],[-52.1902,4.89246],[-52.17997,4.89393],[-52.17969,4.89085]]],[[[-52.2032,4.92512],[-52.20617,4.92934],[-52.20104,4.93122],[-52.2032,4.92512]]],[[[-53.46939,5.56526],[-53.46923,5.56758],[-53.4564,5.56863],[-53.4372,5.56643],[-53.41417,5.56433],[-53.40307,5.5637],[-53.38831,5.55956],[-53.36841,5.55244],[-53.34998,5.54801],[-53.34111,5.54781],[-53.33062,5.54481],[-53.32544,5.54096],[-53.31831,5.53874],[-53.30897,5.53849],[-53.30214,5.53993],[-53.29302,5.54017],[-53.28022,5.54305],[-53.27525,5.54143],[-53.26564,5.53574],[-53.25518,5.52219],[-53.25077,5.52123],[-53.25674,5.53237],[-53.26205,5.53803],[-53.27503,5.54618],[-53.28356,5.54798],[-53.29327,5.54722],[-53.29854,5.54909],[-53.30056,5.5529],[-53.29389,5.55991],[-53.29161,5.55733],[-53.28408,5.55965],[-53.28043,5.56359],[-53.27474,5.56324],[-53.27091,5.55889],[-53.26939,5.55226],[-53.26143,5.5485],[-53.25843,5.54856],[-53.24804,5.54561],[-53.2453,5.54303],[-53.23416,5.54254],[-53.21061,5.53293],[-53.19167,5.52696],[-53.18802,5.52519],[-53.17208,5.52299],[-53.16371,5.51841],[-53.15962,5.51831],[-53.13505,5.50819],[-53.13142,5.50816],[-53.12817,5.50554],[-53.12559,5.49996],[-53.11552,5.49267],[-53.1126,5.49167],[-53.10511,5.48575],[-53.09033,5.47954],[-53.08084,5.47321],[-53.07791,5.47264],[-53.07247,5.46828],[-53.06578,5.46772],[-53.0453,5.4615],[-53.0343,5.45932],[-53.02008,5.45805],[-53.01437,5.45535],[-53.00321,5.43872],[-52.99557,5.43198],[-52.99177,5.43451],[-52.99611,5.44288],[-53.00164,5.44989],[-53.00315,5.45578],[-52.99695,5.45973],[-52.98326,5.45413],[-52.9777,5.45389],[-52.97652,5.45619],[-52.97088,5.45636],[-52.96489,5.45189],[-52.95686,5.45035],[-52.95641,5.45558],[-52.95307,5.4552],[-52.94077,5.4497],[-52.94008,5.44526],[-52.93472,5.44603],[-52.92714,5.43849],[-52.92335,5.43137],[-52.92426,5.42971],[-52.9128,5.4244],[-52.90929,5.41924],[-52.90491,5.419],[-52.8963,5.40974],[-52.89082,5.40705],[-52.88256,5.39933],[-52.87302,5.39305],[-52.86972,5.3822],[-52.86593,5.38453],[-52.86144,5.38199],[-52.85853,5.37801],[-52.8551,5.37761],[-52.85265,5.37397],[-52.84703,5.36011],[-52.8433,5.35981],[-52.83446,5.34742],[-52.83308,5.344],[-52.8338,5.33842],[-52.83165,5.33329],[-52.82489,5.32749],[-52.81961,5.32819],[-52.81769,5.32561],[-52.81197,5.32402],[-52.80493,5.31881],[-52.80108,5.314],[-52.79645,5.31071],[-52.78816,5.30754],[-52.78452,5.29701],[-52.77958,5.29195],[-52.77617,5.28656],[-52.76543,5.27538],[-52.75681,5.26934],[-52.74718,5.25804],[-52.74095,5.25282],[-52.73394,5.24873],[-52.7302,5.24333],[-52.72284,5.23687],[-52.69708,5.21881],[-52.68389,5.20997],[-52.66638,5.20027],[-52.66118,5.19174],[-52.65625,5.18533],[-52.64594,5.17585],[-52.63743,5.16619],[-52.63275,5.16322],[-52.6283,5.16281],[-52.62636,5.15806],[-52.62997,5.15145],[-52.6277,5.14633],[-52.6072,5.13542],[-52.59744,5.12692],[-52.59131,5.1199],[-52.58034,5.11231],[-52.57599,5.10651],[-52.57014,5.10753],[-52.5657,5.10662],[-52.56106,5.10366],[-52.55644,5.10698],[-52.55624,5.10013],[-52.54951,5.10067],[-52.54725,5.09479],[-52.5567,5.09606],[-52.55225,5.08784],[-52.54523,5.08767],[-52.54435,5.09151],[-52.5382,5.08848],[-52.53124,5.08224],[-52.52502,5.07524],[-52.52265,5.07591],[-52.51335,5.06773],[-52.5093,5.06321],[-52.50695,5.057],[-52.50126,5.05552],[-52.49305,5.04739],[-52.49017,5.04063],[-52.47749,5.03061],[-52.46822,5.02251],[-52.46036,5.01215],[-52.45296,5.00575],[-52.43925,4.99613],[-52.43652,4.99141],[-52.42978,4.9897],[-52.42511,4.98325],[-52.41635,4.98177],[-52.41445,4.97238],[-52.40689,4.96827],[-52.40209,4.96447],[-52.39464,4.95335],[-52.39261,4.95183],[-52.39045,4.94534],[-52.37793,4.93158],[-52.36473,4.92075],[-52.35593,4.91755],[-52.34629,4.9247],[-52.33431,4.93137],[-52.33838,4.93704],[-52.33554,4.94273],[-52.33336,4.94229],[-52.32163,4.9449],[-52.31921,4.94388],[-52.31292,4.94953],[-52.30229,4.95135],[-52.29878,4.94524],[-52.29349,4.94064],[-52.28907,4.94038],[-52.28654,4.94277],[-52.28296,4.93942],[-52.28383,4.93598],[-52.28159,4.93257],[-52.27202,4.92429],[-52.26309,4.91419],[-52.25881,4.91351],[-52.25757,4.90886],[-52.26196,4.90939],[-52.26351,4.90681],[-52.26278,4.89989],[-52.25244,4.89038],[-52.24634,4.88728],[-52.24372,4.87786],[-52.23609,4.86991],[-52.22914,4.85964],[-52.22023,4.85866],[-52.21018,4.85863],[-52.20112,4.85128],[-52.19933,4.84644],[-52.19647,4.84456],[-52.1971,4.84074],[-52.19319,4.8349],[-52.18794,4.83281],[-52.18869,4.82844],[-52.18595,4.82164],[-52.18339,4.82052],[-52.17825,4.82277],[-52.16974,4.81686],[-52.16779,4.81346],[-52.16,4.80872],[-52.15276,4.79774],[-52.14575,4.79091],[-52.13956,4.79022],[-52.13942,4.79694],[-52.13022,4.79419],[-52.12234,4.78793],[-52.11856,4.78934],[-52.11582,4.78654],[-52.11003,4.78476],[-52.1056,4.77769],[-52.10504,4.77434],[-52.10123,4.77158],[-52.08739,4.76783],[-52.08087,4.76099],[-52.07498,4.7577],[-52.07444,4.75288],[-52.07172,4.75275],[-52.0644,4.74857],[-52.05868,4.7438],[-52.05117,4.7413],[-52.03193,4.72807],[-52.02352,4.71629],[-52.02205,4.71932],[-52.01786,4.71837],[-52.01416,4.71072],[-52.00793,4.70569],[-52.00623,4.70183],[-51.91607,4.66885],[-51.9135,4.67293],[-51.90374,4.67663],[-51.89657,4.6768],[-51.89482,4.67505],[-51.87719,4.67204],[-51.86183,4.67209],[-51.86206,4.6698],[-51.85524,4.6661],[-51.84941,4.66108],[-51.84427,4.65976],[-51.83605,4.65428],[-51.8295,4.64639],[-51.82928,4.64313],[-51.82571,4.64108],[-51.82331,4.63568],[-51.81062,4.63165],[-51.81303,4.62826],[-51.8024,4.61836],[-51.79953,4.61468],[-51.79552,4.60616],[-51.7897,4.5907],[-51.79083,4.58739],[-51.7883,4.58064],[-51.78494,4.57668],[-51.78553,4.56392],[-51.78127,4.55249],[-51.78281,4.54679],[-51.7776,4.53272],[-51.77747,4.5258],[-51.77507,4.52061],[-51.77577,4.51114],[-51.77259,4.49862],[-51.7766,4.49024],[-51.77194,4.47998],[-51.7699,4.47066],[-51.76041,4.4582],[-51.74991,4.4474],[-51.74751,4.43897],[-51.75232,4.43746],[-51.75174,4.42945],[-51.75482,4.42545],[-51.75238,4.41825],[-51.74675,4.41607],[-51.74234,4.41264],[-51.74061,4.40747],[-51.72719,4.3977],[-51.71457,4.39212],[-51.71188,4.38806],[-51.70277,4.38987],[-51.69958,4.39616],[-51.69226,4.39508],[-51.69145,4.38982],[-51.69355,4.38222],[-51.69597,4.38345],[-51.70168,4.38162],[-51.7077,4.3756],[-51.7112,4.36485],[-51.7134,4.36411],[-51.71816,4.35718],[-51.71922,4.35284],[-51.71843,4.34045],[-51.71652,4.33168],[-51.71047,4.31221],[-51.70132,4.29398],[-51.69618,4.28822],[-51.68898,4.27645],[-51.68462,4.27291],[-51.67957,4.26574],[-51.68004,4.26137],[-51.67593,4.25378],[-51.66863,4.24766],[-51.66421,4.24698],[-51.66107,4.24388],[-51.65739,4.2331],[-51.66093,4.22659],[-51.65554,4.22622],[-51.65109,4.22359],[-51.63985,4.21168],[-51.6348,4.20072],[-51.61907,4.20109],[-51.62633,4.1951],[-51.63098,4.18696],[-51.63497,4.17635],[-51.63685,4.15726],[-51.63755,4.13326],[-51.64219,4.11627],[-51.6437,4.10295],[-51.6477,4.0795],[-51.64927,4.07341],[-51.65251,4.06783],[-51.65607,4.0539],[-51.65955,4.04982],[-51.6695,4.04239],[-51.67572,4.03606],[-51.68277,4.03396],[-51.69298,4.02837],[-51.70218,4.02436],[-51.70874,4.01803],[-51.71662,4.01593],[-51.72516,4.01143],[-51.72947,4.00808],[-51.74573,4.00149],[-51.75832,3.99221],[-51.76451,3.98414],[-51.77577,3.97647],[-51.78101,3.96888],[-51.78233,3.96409],[-51.78215,3.95503],[-51.78317,3.94646],[-51.78034,3.94103],[-51.78128,3.9355],[-51.78129,3.92628],[-51.78258,3.92075],[-51.79086,3.90229],[-51.79865,3.88696],[-51.81381,3.87266],[-51.81945,3.87111],[-51.82201,3.86831],[-51.82345,3.85857],[-51.83112,3.85273],[-51.83783,3.85004],[-51.84557,3.84103],[-51.8564,3.83267],[-51.85842,3.82653],[-51.86404,3.82193],[-51.86746,3.81592],[-51.86955,3.80834],[-51.874,3.80317],[-51.88089,3.80306],[-51.88414,3.80158],[-51.88598,3.79467],[-51.89778,3.79815],[-51.90081,3.80017],[-51.90471,3.79835],[-51.90442,3.79418],[-51.89596,3.78886],[-51.89809,3.78385],[-51.90306,3.78391],[-51.90465,3.78097],[-51.91251,3.77959],[-51.91876,3.78163],[-51.92125,3.77839],[-51.9207,3.77432],[-51.92541,3.7703],[-51.92632,3.76654],[-51.92207,3.76194],[-51.92018,3.75116],[-51.91609,3.74565],[-51.92023,3.73732],[-51.91894,3.7316],[-51.9217,3.72428],[-51.92648,3.72209],[-51.93246,3.72326],[-51.93558,3.71939],[-51.9493,3.72251],[-51.95577,3.72044],[-51.95649,3.71506],[-51.96209,3.71316],[-51.9726,3.70546],[-51.9751,3.69404],[-51.97716,3.69247],[-51.97773,3.68529],[-51.98184,3.67795],[-51.98643,3.67258],[-51.98855,3.66065],[-51.98718,3.65309],[-51.99347,3.6429],[-51.98909,3.63507],[-51.98827,3.62773],[-52.00262,3.60921],[-52.01978,3.59306],[-52.02509,3.58423],[-52.02777,3.57777],[-52.03298,3.57079],[-52.03944,3.55735],[-52.04791,3.5425],[-52.05385,3.53312],[-52.06041,3.51968],[-52.0641,3.51812],[-52.06996,3.51804],[-52.07315,3.51557],[-52.07346,3.51124],[-52.07045,3.50832],[-52.07356,3.49978],[-52.07822,3.49618],[-52.08015,3.4923],[-52.08683,3.48958],[-52.09397,3.47505],[-52.09297,3.47014],[-52.09523,3.46177],[-52.09996,3.45949],[-52.10866,3.45105],[-52.11278,3.44176],[-52.11398,3.43435],[-52.11717,3.4332],[-52.12181,3.42371],[-52.12932,3.41278],[-52.13837,3.39375],[-52.14533,3.38195],[-52.15011,3.37564],[-52.15089,3.37117],[-52.16247,3.35093],[-52.16929,3.3452],[-52.17396,3.33752],[-52.17373,3.33204],[-52.17735,3.32674],[-52.18667,3.32005],[-52.19009,3.30999],[-52.19263,3.30765],[-52.18908,3.30205],[-52.19084,3.29674],[-52.19409,3.29556],[-52.20308,3.28751],[-52.20665,3.27999],[-52.2105,3.2774],[-52.21654,3.26603],[-52.2232,3.25731],[-52.22324,3.254],[-52.23361,3.24068],[-52.24269,3.23737],[-52.24703,3.24163],[-52.247,3.24773],[-52.24911,3.25029],[-52.25976,3.2531],[-52.26238,3.25212],[-52.26392,3.24503],[-52.27165,3.23989],[-52.27453,3.23585],[-52.28102,3.2336],[-52.2873,3.2283],[-52.29251,3.22642],[-52.29308,3.21867],[-52.29542,3.21225],[-52.30287,3.19905],[-52.3012,3.18949],[-52.30124,3.18437],[-52.29935,3.17822],[-52.30272,3.1729],[-52.31247,3.17523],[-52.32105,3.17042],[-52.32958,3.17188],[-52.32938,3.16625],[-52.33573,3.15082],[-52.34055,3.14686],[-52.34077,3.14442],[-52.33397,3.14151],[-52.33142,3.1385],[-52.33436,3.13454],[-52.34332,3.13436],[-52.34631,3.13639],[-52.35286,3.12796],[-52.35167,3.12348],[-52.34575,3.12009],[-52.33925,3.12089],[-52.33856,3.11679],[-52.3452,3.10807],[-52.34546,3.09773],[-52.34313,3.09328],[-52.33886,3.08917],[-52.33145,3.08473],[-52.32594,3.07781],[-52.3277,3.07132],[-52.33197,3.06605],[-52.33848,3.05352],[-52.34554,3.04242],[-52.34591,3.03902],[-52.35153,3.02934],[-52.35385,3.02147],[-52.36211,3.01713],[-52.36335,3.00674],[-52.36611,3.00094],[-52.36643,2.99532],[-52.37033,2.99204],[-52.37114,2.98854],[-52.36844,2.98376],[-52.3706,2.97595],[-52.37756,2.9629],[-52.38311,2.95055],[-52.3923,2.94776],[-52.39339,2.94462],[-52.38969,2.94037],[-52.392,2.93405],[-52.39497,2.93149],[-52.39513,2.92783],[-52.39039,2.92439],[-52.38752,2.91747],[-52.37677,2.91955],[-52.37931,2.91299],[-52.38641,2.90503],[-52.39015,2.8982],[-52.39414,2.89679],[-52.40097,2.89688],[-52.40559,2.90089],[-52.40807,2.89928],[-52.41032,2.89347],[-52.41989,2.89316],[-52.42264,2.89034],[-52.42551,2.88201],[-52.4314,2.87133],[-52.43442,2.86905],[-52.43558,2.86374],[-52.44199,2.85308],[-52.44497,2.85006],[-52.44765,2.84202],[-52.45071,2.83787],[-52.45158,2.83216],[-52.45616,2.82157],[-52.45933,2.81767],[-52.46537,2.80635],[-52.47345,2.79389],[-52.47502,2.78482],[-52.47782,2.78178],[-52.47814,2.77666],[-52.47589,2.77094],[-52.47723,2.76864],[-52.47593,2.76312],[-52.48147,2.76132],[-52.48311,2.75787],[-52.47902,2.75314],[-52.48312,2.74364],[-52.48595,2.74],[-52.48844,2.73346],[-52.49255,2.72797],[-52.49496,2.72747],[-52.49971,2.72198],[-52.49982,2.71691],[-52.50414,2.71101],[-52.50741,2.70263],[-52.5072,2.69789],[-52.51069,2.69332],[-52.51383,2.69266],[-52.52031,2.68227],[-52.51963,2.67605],[-52.52764,2.66336],[-52.52596,2.6593],[-52.52901,2.6556],[-52.52934,2.65161],[-52.53343,2.65012],[-52.53578,2.65252],[-52.54205,2.65397],[-52.55039,2.64891],[-52.54991,2.64609],[-52.55524,2.64031],[-52.55483,2.63613],[-52.55134,2.63125],[-52.54549,2.63087],[-52.54232,2.62248],[-52.54456,2.6153],[-52.5478,2.6146],[-52.54993,2.61089],[-52.54141,2.607],[-52.53598,2.60339],[-52.53146,2.59802],[-52.52768,2.58105],[-52.5339,2.57487],[-52.53803,2.56652],[-52.53692,2.55864],[-52.54683,2.5622],[-52.55128,2.5609],[-52.55724,2.5528],[-52.56121,2.55029],[-52.55961,2.5445],[-52.55641,2.54127],[-52.55455,2.53174],[-52.54981,2.53201],[-52.55252,2.52667],[-52.5517,2.52086],[-52.55765,2.5198],[-52.56521,2.51627],[-52.57412,2.50712],[-52.57604,2.50401],[-52.58273,2.49833],[-52.58401,2.49546],[-52.58866,2.49236],[-52.58723,2.4895],[-52.59065,2.487],[-52.59369,2.48147],[-52.59379,2.47793],[-52.59762,2.47531],[-52.60201,2.47682],[-52.60477,2.47547],[-52.61798,2.47524],[-52.62166,2.46971],[-52.62158,2.46205],[-52.6113,2.45549],[-52.61029,2.45247],[-52.61542,2.44864],[-52.61727,2.44519],[-52.63383,2.44592],[-52.6367,2.44465],[-52.63658,2.44046],[-52.64637,2.43212],[-52.64346,2.42562],[-52.64473,2.41832],[-52.64785,2.41612],[-52.6573,2.40354],[-52.65844,2.39925],[-52.65415,2.3957],[-52.65716,2.38969],[-52.66058,2.37398],[-52.6685,2.37286],[-52.67024,2.3697],[-52.67459,2.3691],[-52.6802,2.37062],[-52.68569,2.36742],[-52.68976,2.36765],[-52.69321,2.36496],[-52.70087,2.3628],[-52.71046,2.35862],[-52.71899,2.35002],[-52.7168,2.3438],[-52.72652,2.33966],[-52.7334,2.33855],[-52.73587,2.33521],[-52.74018,2.33681],[-52.74246,2.33356],[-52.74913,2.32893],[-52.7647,2.32348],[-52.7712,2.31964],[-52.77307,2.31502],[-52.78056,2.31645],[-52.78346,2.3098],[-52.78729,2.31101],[-52.7926,2.30531],[-52.79686,2.30513],[-52.80372,2.2996],[-52.80669,2.30031],[-52.81178,2.29689],[-52.81856,2.29471],[-52.83455,2.29272],[-52.83686,2.28966],[-52.84183,2.29139],[-52.84293,2.28743],[-52.83937,2.28586],[-52.83823,2.2813],[-52.84671,2.28108],[-52.85286,2.27896],[-52.8559,2.28163],[-52.85404,2.26368],[-52.86561,2.26123],[-52.86901,2.25902],[-52.87347,2.25095],[-52.87296,2.24617],[-52.87677,2.24252],[-52.87727,2.23842],[-52.88734,2.23858],[-52.88546,2.2329],[-52.88759,2.22361],[-52.8862,2.21928],[-52.89212,2.21623],[-52.89423,2.20805],[-52.89635,2.20736],[-52.89835,2.2018],[-52.90109,2.19859],[-52.9045,2.18672],[-52.91276,2.1919],[-52.92058,2.19311],[-52.92131,2.19045],[-52.92963,2.18939],[-52.93461,2.19434],[-52.93908,2.18993],[-52.93833,2.18072],[-52.94116,2.17861],[-52.94917,2.17664],[-52.95682,2.17299],[-52.96006,2.1754],[-52.968,2.17231],[-52.97497,2.1724],[-52.98035,2.16766],[-52.98784,2.16808],[-52.98854,2.17145],[-52.9921,2.1721],[-52.9986,2.17828],[-53.00501,2.17952],[-53.01233,2.17828],[-53.01864,2.18217],[-53.02769,2.18353],[-53.03305,2.18713],[-53.03856,2.18538],[-53.04216,2.18822],[-53.05191,2.18985],[-53.05613,2.19468],[-53.06246,2.19939],[-53.0624,2.20422],[-53.06937,2.21423],[-53.07364,2.21873],[-53.07969,2.22221],[-53.09376,2.22168],[-53.10341,2.22388],[-53.11198,2.22475],[-53.11821,2.22428],[-53.12305,2.22248],[-53.12802,2.22252],[-53.13062,2.22548],[-53.1339,2.22539],[-53.14495,2.21941],[-53.1532,2.22115],[-53.15863,2.2207],[-53.16026,2.21707],[-53.1673,2.21866],[-53.18046,2.21362],[-53.1846,2.21124],[-53.1911,2.21403],[-53.19254,2.21235],[-53.20975,2.21057],[-53.21086,2.20641],[-53.21586,2.20252],[-53.22058,2.20307],[-53.22419,2.20113],[-53.23308,2.20585],[-53.23558,2.2103],[-53.24475,2.21113],[-53.2492,2.20835],[-53.24869,2.20365],[-53.25336,2.20029],[-53.25614,2.2003],[-53.25919,2.19335],[-53.26308,2.18919],[-53.2685,2.19114],[-53.2742,2.19034],[-53.27793,2.19545],[-53.27529,2.20098],[-53.2742,2.20989],[-53.27457,2.21692],[-53.27893,2.2187],[-53.27209,2.2221],[-53.26318,2.21951],[-53.2588,2.22475],[-53.25672,2.23068],[-53.25902,2.23486],[-53.25811,2.24573],[-53.25594,2.24879],[-53.25187,2.24136],[-53.2424,2.24834],[-53.23848,2.24873],[-53.23398,2.25633],[-53.22716,2.25483],[-53.22685,2.26403],[-53.23394,2.2668],[-53.23761,2.27001],[-53.24081,2.26866],[-53.25598,2.27009],[-53.25997,2.27434],[-53.26022,2.28585],[-53.26637,2.28787],[-53.26792,2.29107],[-53.27295,2.29278],[-53.28081,2.30146],[-53.28145,2.305],[-53.286,2.30412],[-53.29159,2.30701],[-53.29691,2.30533],[-53.30091,2.30706],[-53.3021,2.31056],[-53.3072,2.31352],[-53.31023,2.31938],[-53.31417,2.32342],[-53.31277,2.32824],[-53.31559,2.33239],[-53.31572,2.33603],[-53.31921,2.34505],[-53.32167,2.34302],[-53.32086,2.33753],[-53.32776,2.33785],[-53.33191,2.33409],[-53.33348,2.34047],[-53.33311,2.34598],[-53.34009,2.35197],[-53.34396,2.35141],[-53.34669,2.3466],[-53.35638,2.34789],[-53.36103,2.34402],[-53.36115,2.34062],[-53.35822,2.33785],[-53.35979,2.33392],[-53.35795,2.33034],[-53.35913,2.32728],[-53.37214,2.31304],[-53.38017,2.31254],[-53.38687,2.30806],[-53.38807,2.3039],[-53.39455,2.30675],[-53.39922,2.30501],[-53.40289,2.29774],[-53.40546,2.29508],[-53.40634,2.28988],[-53.41074,2.28726],[-53.4188,2.28689],[-53.43082,2.28861],[-53.43096,2.28389],[-53.43399,2.28284],[-53.43794,2.27727],[-53.44028,2.27741],[-53.44482,2.27293],[-53.44487,2.26728],[-53.44742,2.26723],[-53.45062,2.25972],[-53.45814,2.25768],[-53.46108,2.25353],[-53.46888,2.252],[-53.48059,2.25647],[-53.48404,2.2621],[-53.48977,2.26183],[-53.49157,2.25698],[-53.49588,2.26051],[-53.50168,2.25815],[-53.51055,2.25691],[-53.51509,2.2611],[-53.524,2.25896],[-53.52588,2.25295],[-53.53509,2.25175],[-53.53751,2.25652],[-53.54477,2.25546],[-53.54676,2.25253],[-53.55257,2.25716],[-53.55484,2.25718],[-53.56001,2.26469],[-53.56681,2.26368],[-53.56751,2.26715],[-53.57444,2.26867],[-53.58178,2.2681],[-53.58157,2.26308],[-53.58661,2.26321],[-53.58961,2.27169],[-53.59778,2.27422],[-53.60047,2.27921],[-53.60446,2.28073],[-53.60833,2.27776],[-53.61532,2.27682],[-53.6175,2.27311],[-53.62355,2.27562],[-53.62322,2.2789],[-53.63091,2.27946],[-53.63446,2.27639],[-53.64099,2.28004],[-53.64515,2.27775],[-53.65692,2.27948],[-53.65759,2.28457],[-53.65471,2.28832],[-53.65455,2.29255],[-53.65188,2.29612],[-53.655,2.29863],[-53.66056,2.29542],[-53.66327,2.29703],[-53.66549,2.30208],[-53.67252,2.30169],[-53.67409,2.2975],[-53.68144,2.29661],[-53.68284,2.2928],[-53.68912,2.29504],[-53.69107,2.29998],[-53.69039,2.30619],[-53.69896,2.31118],[-53.70392,2.31112],[-53.70603,2.30593],[-53.7105,2.30601],[-53.7124,2.31001],[-53.71859,2.30902],[-53.729,2.31091],[-53.73123,2.30538],[-53.73963,2.30581],[-53.7439,2.30955],[-53.74526,2.31412],[-53.74793,2.31568],[-53.74771,2.31984],[-53.7415,2.32165],[-53.73318,2.32239],[-53.73829,2.33246],[-53.73412,2.33553],[-53.7295,2.33612],[-53.72604,2.33886],[-53.72084,2.34995],[-53.72857,2.34794],[-53.72866,2.35254],[-53.73607,2.35812],[-53.73776,2.36058],[-53.74254,2.35845],[-53.75089,2.35803],[-53.75052,2.36183],[-53.73733,2.36649],[-53.7361,2.37245],[-53.74187,2.37341],[-53.74254,2.37042],[-53.75117,2.36975],[-53.75635,2.37122],[-53.75766,2.37522],[-53.76157,2.37405],[-53.76604,2.37557],[-53.77037,2.37417],[-53.77042,2.37113],[-53.77411,2.36881],[-53.77977,2.37035],[-53.78505,2.36763],[-53.78331,2.36117],[-53.78989,2.36237],[-53.79691,2.3615],[-53.80003,2.35407],[-53.80635,2.35426],[-53.8105,2.35233],[-53.80893,2.34906],[-53.80963,2.34108],[-53.81961,2.33609],[-53.82742,2.33539],[-53.83464,2.33232],[-53.83585,2.32703],[-53.83184,2.32678],[-53.82795,2.32294],[-53.82028,2.32496],[-53.81521,2.32229],[-53.81326,2.31142],[-53.81826,2.31032],[-53.82342,2.31257],[-53.82557,2.3081],[-53.83101,2.3082],[-53.83824,2.30216],[-53.84228,2.30461],[-53.84728,2.30304],[-53.85272,2.30373],[-53.85282,2.30784],[-53.8556,2.3133],[-53.86223,2.3104],[-53.86432,2.30449],[-53.87111,2.30859],[-53.87559,2.30758],[-53.88277,2.30883],[-53.88732,2.29666],[-53.88346,2.28741],[-53.88881,2.2824],[-53.88898,2.27842],[-53.88524,2.27513],[-53.88932,2.27124],[-53.8965,2.27298],[-53.89649,2.26771],[-53.90135,2.26754],[-53.90545,2.26069],[-53.91108,2.26056],[-53.91515,2.26227],[-53.91515,2.26927],[-53.91161,2.27165],[-53.9151,2.27818],[-53.91965,2.27812],[-53.9243,2.27418],[-53.9344,2.28111],[-53.93533,2.27728],[-53.93366,2.26941],[-53.93652,2.2635],[-53.9414,2.25931],[-53.93908,2.25339],[-53.93426,2.24759],[-53.93783,2.2423],[-53.93278,2.23707],[-53.93641,2.23414],[-53.94117,2.2327],[-53.9413,2.22353],[-53.93998,2.22111],[-53.94433,2.21536],[-53.95262,2.21878],[-53.95626,2.21698],[-53.96236,2.21933],[-53.96953,2.21267],[-53.9735,2.20622],[-53.97875,2.20677],[-53.9824,2.20933],[-53.99041,2.20914],[-53.9963,2.20497],[-53.99929,2.20048],[-54.006,2.19609],[-54.00931,2.18916],[-54.01445,2.18646],[-54.0159,2.18255],[-54.02353,2.18137],[-54.02509,2.18587],[-54.02916,2.18502],[-54.03313,2.18842],[-54.04586,2.18643],[-54.04883,2.1891],[-54.05552,2.18956],[-54.05795,2.19209],[-54.05882,2.19797],[-54.0656,2.19679],[-54.06646,2.18988],[-54.07322,2.18293],[-54.07235,2.17871],[-54.07767,2.17449],[-54.08288,2.17253],[-54.08152,2.16591],[-54.08613,2.15902],[-54.08791,2.1541],[-54.08441,2.15024],[-54.08701,2.14174],[-54.08355,2.14008],[-54.0843,2.13618],[-54.08976,2.13928],[-54.09369,2.13978],[-54.0954,2.13207],[-54.0985,2.13151],[-54.10649,2.12131],[-54.10244,2.11595],[-54.10138,2.11176],[-54.10735,2.11132],[-54.11214,2.11761],[-54.11552,2.11747],[-54.11913,2.12168],[-54.12376,2.12181],[-54.12617,2.12407],[-54.13161,2.12053],[-54.13592,2.12156],[-54.14216,2.11306],[-54.14452,2.11678],[-54.1443,2.12041],[-54.15006,2.11953],[-54.15939,2.12351],[-54.15747,2.12711],[-54.15981,2.12942],[-54.1686,2.12948],[-54.16896,2.13343],[-54.17412,2.13669],[-54.17322,2.14446],[-54.17552,2.14977],[-54.18194,2.15146],[-54.18167,2.15549],[-54.18567,2.16506],[-54.18518,2.17297],[-54.18369,2.17806],[-54.18718,2.17891],[-54.19027,2.17666],[-54.19041,2.17112],[-54.19651,2.16801],[-54.19947,2.16816],[-54.20359,2.16316],[-54.21068,2.15935],[-54.21557,2.15856],[-54.22414,2.14983],[-54.22835,2.15224],[-54.23216,2.15056],[-54.23995,2.15183],[-54.24524,2.15606],[-54.25086,2.15333],[-54.25431,2.15581],[-54.25755,2.15451],[-54.26555,2.14547],[-54.28045,2.1464],[-54.28828,2.14768],[-54.29233,2.15008],[-54.30151,2.15332],[-54.30345,2.15532],[-54.30835,2.15424],[-54.31097,2.15748],[-54.32067,2.15925],[-54.32314,2.15441],[-54.3319,2.15516],[-54.34188,2.15183],[-54.34422,2.16078],[-54.33916,2.16931],[-54.34409,2.1707],[-54.34826,2.17371],[-54.35322,2.17063],[-54.35792,2.17514],[-54.36071,2.17493],[-54.36307,2.17967],[-54.36242,2.18298],[-54.36482,2.18694],[-54.36095,2.18824],[-54.36227,2.19483],[-54.35777,2.19736],[-54.35473,2.2025],[-54.36228,2.21178],[-54.36973,2.20606],[-54.38033,2.20268],[-54.38357,2.20574],[-54.39061,2.20515],[-54.39544,2.20155],[-54.39738,2.197],[-54.40511,2.19915],[-54.41043,2.19871],[-54.41565,2.19483],[-54.42106,2.2001],[-54.41588,2.20792],[-54.41898,2.21217],[-54.42675,2.21456],[-54.43123,2.2143],[-54.44172,2.20519],[-54.4489,2.20353],[-54.45676,2.20978],[-54.46088,2.2075],[-54.47274,2.21436],[-54.47724,2.21331],[-54.47817,2.21622],[-54.47629,2.2255],[-54.47813,2.22861],[-54.48289,2.22906],[-54.48551,2.2334],[-54.49584,2.2328],[-54.49605,2.23698],[-54.49871,2.24037],[-54.49433,2.24428],[-54.49589,2.24863],[-54.50533,2.25499],[-54.51225,2.25294],[-54.52313,2.252],[-54.52714,2.2609],[-54.53553,2.2605],[-54.54146,2.26644],[-54.54821,2.26951],[-54.54879,2.272],[-54.53884,2.2725],[-54.5293,2.27559],[-54.52684,2.27881],[-54.52029,2.27688],[-54.51455,2.27791],[-54.51391,2.28084],[-54.51939,2.28931],[-54.52754,2.29022],[-54.53371,2.29254],[-54.53515,2.29865],[-54.53872,2.3055],[-54.53419,2.31137],[-54.53273,2.31692],[-54.53899,2.32071],[-54.53912,2.32474],[-54.5431,2.32685],[-54.54955,2.32537],[-54.55456,2.32566],[-54.55721,2.33029],[-54.56044,2.32722],[-54.56786,2.32607],[-54.57558,2.32735],[-54.57939,2.32404],[-54.58392,2.32415],[-54.58765,2.32163],[-54.59187,2.32504],[-54.59322,2.32942],[-54.60155,2.33666],[-54.5967,2.34147],[-54.59308,2.34107],[-54.59367,2.34645],[-54.59049,2.35196],[-54.58473,2.3495],[-54.5778,2.3503],[-54.57474,2.35391],[-54.56974,2.35418],[-54.5628,2.35169],[-54.55836,2.35168],[-54.54335,2.34446],[-54.5353,2.34141],[-54.53336,2.33919],[-54.53363,2.33363],[-54.5253,2.33308],[-54.52225,2.33697],[-54.51002,2.33668],[-54.50642,2.33807],[-54.50558,2.34224],[-54.51003,2.35307],[-54.51159,2.36003],[-54.51031,2.37141],[-54.50502,2.37752],[-54.50502,2.39113],[-54.5003,2.39863],[-54.50002,2.40169],[-54.49614,2.40557],[-54.48558,2.41224],[-54.48392,2.41918],[-54.4778,2.42669],[-54.47501,2.43182],[-54.47616,2.43541],[-54.46127,2.43544],[-54.45216,2.43206],[-54.45071,2.43525],[-54.44453,2.43397],[-54.43779,2.43029],[-54.43371,2.43545],[-54.42489,2.43816],[-54.41956,2.43688],[-54.41609,2.44121],[-54.41181,2.44951],[-54.40895,2.44997],[-54.40349,2.45793],[-54.39924,2.46768],[-54.39563,2.46894],[-54.39111,2.46722],[-54.3871,2.47037],[-54.38754,2.4771],[-54.38912,2.48073],[-54.38424,2.48626],[-54.38017,2.48527],[-54.37278,2.49127],[-54.37455,2.49659],[-54.37244,2.50508],[-54.37004,2.50896],[-54.36047,2.50898],[-54.36063,2.51469],[-54.35296,2.5186],[-54.34863,2.52474],[-54.35157,2.52943],[-54.34618,2.53241],[-54.34443,2.53609],[-54.3435,2.54329],[-54.34479,2.54795],[-54.34307,2.55254],[-54.34533,2.56279],[-54.33479,2.56533],[-54.32818,2.57452],[-54.33014,2.57757],[-54.32783,2.58424],[-54.32454,2.58863],[-54.32282,2.59412],[-54.32206,2.60426],[-54.32081,2.60916],[-54.31652,2.61335],[-54.31281,2.61336],[-54.31276,2.61754],[-54.31711,2.61952],[-54.31842,2.63001],[-54.31272,2.63133],[-54.30766,2.64237],[-54.30494,2.64557],[-54.296,2.65155],[-54.29096,2.66067],[-54.28596,2.66379],[-54.28101,2.66347],[-54.27858,2.67012],[-54.27441,2.67598],[-54.27781,2.68345],[-54.27542,2.68587],[-54.26947,2.68517],[-54.26642,2.68884],[-54.27113,2.69019],[-54.27306,2.69327],[-54.27114,2.69697],[-54.27,2.70443],[-54.26477,2.72319],[-54.25681,2.72997],[-54.25167,2.73005],[-54.24483,2.73272],[-54.24554,2.73879],[-54.23527,2.7473],[-54.23338,2.75087],[-54.22886,2.74971],[-54.22288,2.75398],[-54.22594,2.75887],[-54.22474,2.76282],[-54.21796,2.76059],[-54.2164,2.76657],[-54.21274,2.77296],[-54.20821,2.77775],[-54.21083,2.78907],[-54.20818,2.79377],[-54.20337,2.79548],[-54.20268,2.79881],[-54.19792,2.80436],[-54.20389,2.81353],[-54.20548,2.82134],[-54.20266,2.8259],[-54.20809,2.82747],[-54.20784,2.83126],[-54.20313,2.83181],[-54.19753,2.83507],[-54.19516,2.83099],[-54.18596,2.83786],[-54.18652,2.84172],[-54.18319,2.8464],[-54.18329,2.85453],[-54.17945,2.85855],[-54.18101,2.86469],[-54.18946,2.86788],[-54.19158,2.87233],[-54.19311,2.88023],[-54.19521,2.88498],[-54.19206,2.8891],[-54.19147,2.89795],[-54.18573,2.90441],[-54.18644,2.90836],[-54.18534,2.91684],[-54.19134,2.91936],[-54.19114,2.92529],[-54.18528,2.92784],[-54.17941,2.92806],[-54.17288,2.93862],[-54.17236,2.9425],[-54.17658,2.94399],[-54.17286,2.94764],[-54.17596,2.95774],[-54.17158,2.96549],[-54.16454,2.96451],[-54.16072,2.9686],[-54.16266,2.97247],[-54.17013,2.97324],[-54.17695,2.97623],[-54.18145,2.98374],[-54.18122,2.99318],[-54.18558,2.99924],[-54.18244,3.0017],[-54.1781,3.00055],[-54.17564,3.00368],[-54.17032,3.0064],[-54.1717,3.0116],[-54.16961,3.0156],[-54.17306,3.02534],[-54.17655,3.02906],[-54.17873,3.03885],[-54.18209,3.0414],[-54.18216,3.04623],[-54.18508,3.05187],[-54.19063,3.05387],[-54.19234,3.0562],[-54.19265,3.0621],[-54.19464,3.06535],[-54.19072,3.06964],[-54.18374,3.07341],[-54.17431,3.07257],[-54.17342,3.07879],[-54.17539,3.08285],[-54.18098,3.08604],[-54.18114,3.09083],[-54.17696,3.09778],[-54.17372,3.10563],[-54.17445,3.10932],[-54.17795,3.10952],[-54.17957,3.11533],[-54.17872,3.1206],[-54.18071,3.12482],[-54.18392,3.12587],[-54.18776,3.1329],[-54.19178,3.13499],[-54.19561,3.13383],[-54.19658,3.12647],[-54.19852,3.1238],[-54.20298,3.12628],[-54.21139,3.12774],[-54.21436,3.13286],[-54.21409,3.1364],[-54.20839,3.13738],[-54.20119,3.14196],[-54.21125,3.14375],[-54.21389,3.15021],[-54.21236,3.15521],[-54.20829,3.15377],[-54.20316,3.15761],[-54.2009,3.16342],[-54.20417,3.16743],[-54.20251,3.17496],[-54.19892,3.17619],[-54.19889,3.18327],[-54.19579,3.18749],[-54.19664,3.19183],[-54.19406,3.19709],[-54.18884,3.20165],[-54.18909,3.20636],[-54.18178,3.20731],[-54.17529,3.20611],[-54.17256,3.21375],[-54.16757,3.21723],[-54.16667,3.22451],[-54.16277,3.22993],[-54.15369,3.23287],[-54.15155,3.24675],[-54.14539,3.25016],[-54.14268,3.25732],[-54.13635,3.26604],[-54.12188,3.2719],[-54.12043,3.28022],[-54.11802,3.2847],[-54.11042,3.28737],[-54.1042,3.29411],[-54.10052,3.30041],[-54.09354,3.2951],[-54.0863,3.29218],[-54.0809,3.29251],[-54.06994,3.30276],[-54.06429,3.31269],[-54.06356,3.31633],[-54.06721,3.32437],[-54.06542,3.3314],[-54.06309,3.33331],[-54.06325,3.34179],[-54.06142,3.34865],[-54.06223,3.35206],[-54.05904,3.35949],[-54.05534,3.36014],[-54.05354,3.36345],[-54.05394,3.3711],[-54.05915,3.37842],[-54.05851,3.38547],[-54.05045,3.38559],[-54.04162,3.39501],[-54.03667,3.40282],[-54.03424,3.40486],[-54.02072,3.412],[-54.01218,3.42707],[-54.01913,3.43617],[-54.02006,3.4427],[-54.0163,3.45141],[-54.01704,3.45702],[-54.00992,3.46381],[-54.0081,3.4681],[-54.00877,3.4915],[-54.00837,3.50671],[-54.0043,3.51664],[-54.00004,3.52421],[-54.00081,3.52756],[-54.00778,3.5328],[-54.00931,3.53556],[-54.00533,3.54944],[-54.00453,3.56063],[-53.99914,3.57098],[-53.99478,3.57519],[-53.98709,3.58039],[-53.98417,3.58881],[-53.98466,3.59368],[-53.98335,3.59999],[-53.98055,3.60426],[-53.98063,3.60836],[-53.98937,3.61496],[-53.99179,3.619],[-53.9921,3.62588],[-53.99772,3.63665],[-54.00324,3.64512],[-54.00669,3.64855],[-54.0125,3.65078],[-54.02266,3.64678],[-54.02644,3.64204],[-54.02549,3.63829],[-54.02946,3.63124],[-54.04311,3.63528],[-54.04637,3.63315],[-54.05101,3.63506],[-54.05218,3.63999],[-54.05038,3.64534],[-54.05039,3.65275],[-54.05693,3.66009],[-54.06522,3.6644],[-54.07222,3.66915],[-54.07737,3.67034],[-54.08289,3.67444],[-54.08436,3.68354],[-54.08665,3.6872],[-54.08605,3.69274],[-54.08305,3.6961],[-54.07903,3.70649],[-54.0791,3.71359],[-54.08163,3.71969],[-54.08481,3.72389],[-54.09567,3.73337],[-54.10078,3.75154],[-54.1064,3.7605],[-54.11313,3.76846],[-54.11483,3.77766],[-54.12195,3.79271],[-54.13043,3.80001],[-54.1498,3.80417],[-54.16629,3.80519],[-54.17261,3.80285],[-54.18641,3.80026],[-54.19078,3.80095],[-54.19776,3.80551],[-54.20105,3.81108],[-54.20035,3.81868],[-54.20181,3.82328],[-54.19832,3.829],[-54.19037,3.83696],[-54.18944,3.84186],[-54.1919,3.84741],[-54.19654,3.85143],[-54.21086,3.85515],[-54.21911,3.85636],[-54.22335,3.8556],[-54.23132,3.85707],[-54.23694,3.8605],[-54.23987,3.86555],[-54.24244,3.87349],[-54.25033,3.88682],[-54.25342,3.89866],[-54.24913,3.90396],[-54.24924,3.90887],[-54.26226,3.91524],[-54.26751,3.91871],[-54.26846,3.92305],[-54.27437,3.92843],[-54.2761,3.92463],[-54.2827,3.92688],[-54.29002,3.9358],[-54.29281,3.94458],[-54.29587,3.94849],[-54.29637,3.95422],[-54.29963,3.9678],[-54.30224,3.97462],[-54.30256,3.98347],[-54.30831,3.98868],[-54.31223,4.0015],[-54.3162,4.0081],[-54.31789,4.01481],[-54.32719,4.02335],[-54.33629,4.03713],[-54.34547,4.04517],[-54.35019,4.04323],[-54.35498,4.04561],[-54.35762,4.05018],[-54.35496,4.05698],[-54.35416,4.06523],[-54.35198,4.07317],[-54.34961,4.0759],[-54.34677,4.08329],[-54.34248,4.0896],[-54.34259,4.09303],[-54.34645,4.09898],[-54.34437,4.11348],[-54.3421,4.11645],[-54.33638,4.11936],[-54.3311,4.12772],[-54.32702,4.13032],[-54.32318,4.13535],[-54.32309,4.14444],[-54.32549,4.15014],[-54.33188,4.15335],[-54.33436,4.1528],[-54.34085,4.15565],[-54.34772,4.16387],[-54.35552,4.16852],[-54.3578,4.1679],[-54.36637,4.17632],[-54.37388,4.17763],[-54.37908,4.17696],[-54.38728,4.1794],[-54.39123,4.18717],[-54.39579,4.20219],[-54.39609,4.20874],[-54.39204,4.21865],[-54.3933,4.22427],[-54.3902,4.23105],[-54.38842,4.24581],[-54.38237,4.26331],[-54.38332,4.27208],[-54.38807,4.27633],[-54.39171,4.28322],[-54.39347,4.29026],[-54.39299,4.30047],[-54.39449,4.30657],[-54.39275,4.31314],[-54.39148,4.32376],[-54.39256,4.33034],[-54.3903,4.33619],[-54.39116,4.34118],[-54.38729,4.35405],[-54.39455,4.36501],[-54.39928,4.36852],[-54.40879,4.37053],[-54.41365,4.37546],[-54.41612,4.3759],[-54.43292,4.36513],[-54.43648,4.36171],[-54.43868,4.36741],[-54.44195,4.37081],[-54.43606,4.3836],[-54.43752,4.38667],[-54.43616,4.39495],[-54.43335,4.39998],[-54.43484,4.40755],[-54.43168,4.41016],[-54.43225,4.41511],[-54.4378,4.42445],[-54.44228,4.43785],[-54.43989,4.44004],[-54.43768,4.44598],[-54.43405,4.45023],[-54.43404,4.45684],[-54.43219,4.46316],[-54.43247,4.46798],[-54.44059,4.48792],[-54.43884,4.49158],[-54.4404,4.49911],[-54.44558,4.51124],[-54.45008,4.52592],[-54.44788,4.53013],[-54.44101,4.53547],[-54.43917,4.54157],[-54.43192,4.54767],[-54.42474,4.55499],[-54.42555,4.55859],[-54.42259,4.56789],[-54.42351,4.57244],[-54.41797,4.57856],[-54.4191,4.58644],[-54.41634,4.59021],[-54.41656,4.59766],[-54.41529,4.6065],[-54.42305,4.61706],[-54.4298,4.62744],[-54.43354,4.62933],[-54.43796,4.6426],[-54.43355,4.65559],[-54.42686,4.65906],[-54.42372,4.66549],[-54.42782,4.67259],[-54.42631,4.68321],[-54.4319,4.68761],[-54.43347,4.69737],[-54.43056,4.70145],[-54.42803,4.70868],[-54.42729,4.71498],[-54.42999,4.72004],[-54.43547,4.72481],[-54.44144,4.72487],[-54.45093,4.7233],[-54.4586,4.7258],[-54.46462,4.73563],[-54.46631,4.73988],[-54.4647,4.74688],[-54.46448,4.76027],[-54.46167,4.77326],[-54.46002,4.77781],[-54.46031,4.78306],[-54.46403,4.78837],[-54.46437,4.80134],[-54.46787,4.81496],[-54.46562,4.82408],[-54.4682,4.83993],[-54.46812,4.85521],[-54.46896,4.86342],[-54.46667,4.87252],[-54.47042,4.88009],[-54.46902,4.8904],[-54.4714,4.89335],[-54.4782,4.89504],[-54.47873,4.90356],[-54.47158,4.91021],[-54.46908,4.91515],[-54.46314,4.91848],[-54.45772,4.92362],[-54.45491,4.93027],[-54.44617,4.93501],[-54.44355,4.94013],[-54.4399,4.9526],[-54.43959,4.97215],[-54.4429,4.97987],[-54.44331,4.98659],[-54.43632,4.99329],[-54.43796,5.00496],[-54.4379,5.01734],[-54.43334,5.0241],[-54.42808,5.02938],[-54.42555,5.03405],[-54.41933,5.0517],[-54.41678,5.06053],[-54.41802,5.07551],[-54.41555,5.08471],[-54.40736,5.09114],[-54.39946,5.09235],[-54.39316,5.09575],[-54.38536,5.10167],[-54.37539,5.1079],[-54.37032,5.11522],[-54.36844,5.12248],[-54.37117,5.1273],[-54.36487,5.13797],[-54.35355,5.14194],[-54.35061,5.1439],[-54.3478,5.15019],[-54.34762,5.15829],[-54.34638,5.16167],[-54.33393,5.1763],[-54.32843,5.18819],[-54.32267,5.19786],[-54.31272,5.21286],[-54.30816,5.22531],[-54.28597,5.24922],[-54.27901,5.26252],[-54.26291,5.27642],[-54.25639,5.28051],[-54.24027,5.28641],[-54.23328,5.29411],[-54.22787,5.29885],[-54.21842,5.30251],[-54.20853,5.30327],[-54.20507,5.31128],[-54.19688,5.31882],[-54.1842,5.32338],[-54.18047,5.3285],[-54.17424,5.34179],[-54.17106,5.34516],[-54.15471,5.35644],[-54.14799,5.36265],[-54.14193,5.37062],[-54.13282,5.3847],[-54.13011,5.39031],[-54.12701,5.40218],[-54.11753,5.4174],[-54.11035,5.42348],[-54.10508,5.43111],[-54.09847,5.43515],[-54.09291,5.44054],[-54.08376,5.45463],[-54.07551,5.46517],[-54.07042,5.47276],[-54.06377,5.48069],[-54.05964,5.48405],[-54.04701,5.49188],[-54.04226,5.50251],[-54.03752,5.51014],[-54.02924,5.51613],[-54.01886,5.52147],[-54.0143,5.52975],[-54.00952,5.54536],[-54.0064,5.55841],[-54.0037,5.5731],[-54.00375,5.58165],[-54.00665,5.5893],[-54.00495,5.61188],[-54.00619,5.6181],[-54.01491,5.64085],[-54.01488,5.65248],[-54.012,5.6635],[-53.99027,5.70031],[-53.98406,5.71531],[-53.97913,5.72389],[-53.97155,5.73421],[-53.96839,5.74519],[-53.95117,5.74351],[-53.94621,5.74666],[-53.93447,5.74657],[-53.91168,5.74],[-53.90253,5.73544],[-53.89548,5.73309],[-53.8766,5.73166],[-53.86534,5.732],[-53.85449,5.73131],[-53.83676,5.73235],[-53.83228,5.73082],[-53.8174,5.72856],[-53.79928,5.72392],[-53.78702,5.71871],[-53.77625,5.71312],[-53.7714,5.70947],[-53.7531,5.69954],[-53.74706,5.69532],[-53.7358,5.68902],[-53.73468,5.69143],[-53.72931,5.6875],[-53.72209,5.6859],[-53.71469,5.68068],[-53.70917,5.6782],[-53.70907,5.67522],[-53.70365,5.67385],[-53.69721,5.66772],[-53.68923,5.66488],[-53.67485,5.65479],[-53.66405,5.64999],[-53.66169,5.64681],[-53.65107,5.64396],[-53.64708,5.64034],[-53.64285,5.63906],[-53.63305,5.6333],[-53.63015,5.63324],[-53.6194,5.62454],[-53.61446,5.62222],[-53.6106,5.61851],[-53.60022,5.61214],[-53.5926,5.6083],[-53.58705,5.60727],[-53.58247,5.60923],[-53.57583,5.60748],[-53.56552,5.60052],[-53.53928,5.59128],[-53.53829,5.58991],[-53.52466,5.58411],[-53.50892,5.57813],[-53.4901,5.57275],[-53.46939,5.56526]]],[[[-52.58621,5.28484],[-52.59398,5.2869],[-52.59264,5.28935],[-52.58662,5.289],[-52.58621,5.28484]]],[[[-52.5851,5.29029],[-52.58314,5.29646],[-52.58002,5.29501],[-52.5851,5.29029]]]]}},{"type":"Feature","properties":{"code":"974","nom":"La Réunion"},"geometry":{"type":"MultiPolygon","coordinates":[[[[55.56891,-21.3767],[55.56843,-21.37745],[55.56725,-21.37728],[55.56819,-21.37591],[55.56891,-21.3767]]],[[[55.25415,-21.10974],[55.25199,-21.10853],[55.24915,-21.1065],[55.24809,-21.10609],[55.24757,-21.10478],[55.24598,-21.10247],[55.24405,-21.10148],[55.24166,-21.09989],[55.238,-21.09682],[55.23516,-21.09486],[55.23094,-21.09094],[55.22849,-21.08777],[55.22643,-21.08406],[55.2258,-21.08379],[55.2221,-21.07959],[55.2209,-21.07737],[55.22038,-21.07434],[55.22058,-21.07028],[55.22136,-21.0668],[55.22112,-21.06595],[55.22156,-21.06334],[55.22176,-21.05838],[55.22261,-21.05572],[55.2233,-21.05596],[55.22545,-21.05486],[55.22603,-21.05346],[55.22416,-21.05454],[55.22378,-21.05329],[55.22249,-21.05122],[55.22129,-21.04987],[55.21985,-21.04698],[55.21836,-21.04454],[55.21653,-21.03957],[55.2167,-21.03785],[55.21714,-21.03647],[55.21909,-21.03521],[55.22145,-21.03228],[55.2227,-21.03148],[55.22511,-21.029],[55.22586,-21.02761],[55.22601,-21.02656],[55.22725,-21.02671],[55.22958,-21.02321],[55.23248,-21.02146],[55.23347,-21.02013],[55.2337,-21.0191],[55.23527,-21.01786],[55.23638,-21.01757],[55.23743,-21.01837],[55.23832,-21.01837],[55.23938,-21.01901],[55.24265,-21.01947],[55.24419,-21.01947],[55.24505,-21.01992],[55.2465,-21.0199],[55.24977,-21.01873],[55.25477,-21.01673],[55.25655,-21.01623],[55.25857,-21.01524],[55.26315,-21.01263],[55.26341,-21.01183],[55.26586,-21.01032],[55.26963,-21.00751],[55.27233,-21.0052],[55.27443,-21.00303],[55.27483,-21.00324],[55.27653,-21.00109],[55.27899,-20.99689],[55.27991,-20.99391],[55.28054,-20.99129],[55.28088,-20.98763],[55.28156,-20.98318],[55.28254,-20.98004],[55.28286,-20.97807],[55.28263,-20.9726],[55.2822,-20.97083],[55.281,-20.96781],[55.27966,-20.96487],[55.27875,-20.96338],[55.27765,-20.96004],[55.27735,-20.95672],[55.27748,-20.95501],[55.27823,-20.95205],[55.28,-20.95001],[55.28051,-20.94883],[55.28087,-20.94687],[55.28077,-20.94496],[55.28137,-20.94365],[55.28193,-20.94042],[55.28149,-20.93703],[55.28395,-20.93763],[55.28339,-20.93827],[55.28283,-20.94175],[55.28247,-20.94228],[55.28199,-20.9453],[55.28246,-20.94535],[55.28381,-20.94414],[55.28407,-20.94264],[55.28335,-20.94095],[55.28386,-20.94024],[55.28415,-20.93853],[55.28559,-20.93871],[55.2853,-20.9404],[55.28644,-20.94057],[55.2868,-20.93873],[55.28753,-20.93866],[55.28804,-20.93665],[55.28691,-20.93581],[55.28712,-20.93474],[55.28936,-20.9351],[55.28945,-20.93451],[55.28779,-20.93424],[55.28797,-20.93332],[55.2896,-20.93357],[55.28972,-20.93291],[55.28654,-20.93248],[55.28658,-20.93132],[55.28801,-20.93152],[55.28816,-20.93074],[55.28574,-20.93053],[55.28545,-20.93234],[55.28595,-20.93281],[55.28547,-20.93458],[55.28636,-20.93481],[55.2863,-20.93587],[55.28332,-20.93546],[55.28359,-20.93428],[55.28419,-20.93364],[55.28419,-20.93258],[55.28368,-20.93165],[55.28403,-20.92935],[55.28349,-20.92692],[55.28415,-20.92557],[55.28719,-20.92377],[55.28808,-20.92376],[55.28971,-20.92295],[55.29054,-20.92387],[55.29376,-20.92551],[55.2994,-20.92787],[55.30148,-20.92853],[55.30433,-20.92915],[55.30836,-20.92942],[55.31072,-20.92937],[55.31074,-20.92882],[55.31829,-20.9283],[55.31946,-20.92893],[55.31937,-20.93119],[55.31452,-20.93163],[55.31402,-20.93205],[55.31454,-20.9331],[55.31946,-20.9327],[55.32133,-20.93388],[55.32176,-20.93492],[55.32272,-20.93532],[55.32478,-20.93543],[55.32505,-20.93499],[55.32506,-20.92956],[55.3229,-20.92917],[55.3234,-20.92849],[55.32172,-20.92636],[55.32207,-20.92615],[55.32386,-20.92851],[55.32649,-20.92842],[55.32811,-20.92808],[55.33047,-20.92794],[55.33335,-20.92632],[55.33739,-20.92529],[55.34162,-20.9233],[55.34451,-20.92222],[55.34581,-20.92063],[55.34836,-20.91843],[55.3498,-20.91523],[55.35062,-20.91405],[55.35119,-20.91247],[55.35206,-20.91143],[55.35803,-20.90891],[55.35995,-20.90796],[55.3626,-20.90611],[55.36658,-20.90214],[55.36731,-20.90092],[55.36957,-20.89871],[55.37101,-20.89785],[55.37496,-20.89663],[55.37682,-20.89528],[55.37919,-20.89293],[55.38115,-20.89176],[55.38461,-20.89059],[55.38687,-20.88897],[55.39043,-20.8868],[55.39284,-20.8845],[55.39505,-20.88184],[55.40086,-20.87994],[55.40384,-20.87963],[55.40768,-20.87854],[55.41072,-20.87796],[55.41682,-20.8757],[55.41864,-20.87548],[55.42114,-20.87444],[55.42594,-20.87421],[55.43075,-20.87526],[55.4333,-20.87553],[55.43603,-20.8763],[55.43921,-20.87679],[55.44036,-20.87661],[55.44324,-20.87539],[55.44517,-20.87504],[55.44786,-20.87201],[55.45117,-20.87174],[55.45334,-20.87323],[55.4577,-20.87747],[55.46098,-20.87969],[55.46362,-20.8809],[55.46593,-20.88262],[55.46962,-20.88425],[55.47137,-20.88456],[55.47312,-20.8843],[55.47455,-20.88483],[55.47693,-20.88515],[55.48058,-20.8848],[55.48211,-20.88542],[55.4851,-20.88588],[55.48956,-20.88574],[55.49125,-20.88542],[55.49731,-20.8834],[55.50077,-20.88291],[55.50288,-20.88226],[55.50672,-20.88289],[55.51056,-20.88384],[55.51239,-20.88465],[55.51402,-20.88565],[55.51705,-20.88719],[55.51979,-20.88813],[55.52808,-20.88964],[55.53672,-20.89144],[55.53562,-20.89187],[55.53541,-20.89282],[55.538,-20.89345],[55.54156,-20.89468],[55.54459,-20.89468],[55.54665,-20.89526],[55.55064,-20.89544],[55.55228,-20.89417],[55.55357,-20.89363],[55.55492,-20.89251],[55.55718,-20.89155],[55.55881,-20.89151],[55.56122,-20.89227],[55.56256,-20.89191],[55.56419,-20.89195],[55.56703,-20.89272],[55.56799,-20.89327],[55.57025,-20.89285],[55.57371,-20.89362],[55.57539,-20.8947],[55.57933,-20.89677],[55.58179,-20.89755],[55.5838,-20.89768],[55.58554,-20.89731],[55.58851,-20.89605],[55.59053,-20.89582],[55.59245,-20.89596],[55.59428,-20.89677],[55.59658,-20.89821],[55.60067,-20.89938],[55.60294,-20.9015],[55.60438,-20.90259],[55.60649,-20.90381],[55.61044,-20.90566],[55.61217,-20.90669],[55.61633,-20.90817],[55.61904,-20.91007],[55.62058,-20.9108],[55.62192,-20.91106],[55.62676,-20.91056],[55.62893,-20.91058],[55.63525,-20.91254],[55.64038,-20.91326],[55.64773,-20.91561],[55.65128,-20.91732],[55.65663,-20.92065],[55.65952,-20.92209],[55.66144,-20.92372],[55.66491,-20.92543],[55.66606,-20.92647],[55.66737,-20.92868],[55.66813,-20.93039],[55.66929,-20.93197],[55.67025,-20.93278],[55.67448,-20.93716],[55.67867,-20.94104],[55.68084,-20.94276],[55.68261,-20.94368],[55.68322,-20.94434],[55.68402,-20.94618],[55.68763,-20.9512],[55.68792,-20.95286],[55.68927,-20.95539],[55.69067,-20.95706],[55.69124,-20.95828],[55.69341,-20.96153],[55.69582,-20.96423],[55.69683,-20.96581],[55.69746,-20.96739],[55.69784,-20.96929],[55.69878,-20.97171],[55.69944,-20.97464],[55.70069,-20.97861],[55.69989,-20.98491],[55.69989,-20.98667],[55.70019,-20.98974],[55.70004,-20.99051],[55.70048,-20.9939],[55.70039,-21.00252],[55.70054,-21.00532],[55.70132,-21.01133],[55.70175,-21.01313],[55.70225,-21.01634],[55.70282,-21.01805],[55.70335,-21.01868],[55.70455,-21.01909],[55.70508,-21.0199],[55.70442,-21.02116],[55.70548,-21.02419],[55.70683,-21.0269],[55.70779,-21.02803],[55.70929,-21.02883],[55.71357,-21.02991],[55.71547,-21.03025],[55.71832,-21.03233],[55.72001,-21.03482],[55.72081,-21.03542],[55.72143,-21.03724],[55.72265,-21.03896],[55.7238,-21.03903],[55.72649,-21.04534],[55.72976,-21.04779],[55.73122,-21.04831],[55.73235,-21.0499],[55.7311,-21.05414],[55.73078,-21.05725],[55.73141,-21.0601],[55.7322,-21.06197],[55.73586,-21.06686],[55.73662,-21.06867],[55.73874,-21.07151],[55.74147,-21.07439],[55.74356,-21.07712],[55.74837,-21.0817],[55.75145,-21.08386],[55.75426,-21.08757],[55.75576,-21.0891],[55.75884,-21.09315],[55.76142,-21.09907],[55.76262,-21.10061],[55.76531,-21.10268],[55.76729,-21.10363],[55.76979,-21.10542],[55.77144,-21.10697],[55.77347,-21.11019],[55.77661,-21.11563],[55.77725,-21.11644],[55.77828,-21.11875],[55.78003,-21.12198],[55.78152,-21.1227],[55.78157,-21.12329],[55.78354,-21.12473],[55.786,-21.12573],[55.78819,-21.12551],[55.78941,-21.12462],[55.79158,-21.12431],[55.79264,-21.12494],[55.79365,-21.12475],[55.80006,-21.12728],[55.80276,-21.13011],[55.80507,-21.13187],[55.80652,-21.1325],[55.80753,-21.13385],[55.80739,-21.13507],[55.80826,-21.13611],[55.8098,-21.13733],[55.81197,-21.13845],[55.81433,-21.13939],[55.81621,-21.13948],[55.81726,-21.13871],[55.81871,-21.13957],[55.82074,-21.14119],[55.82194,-21.14105],[55.82257,-21.14245],[55.82377,-21.14231],[55.82402,-21.14294],[55.82589,-21.14362],[55.82705,-21.14532],[55.82586,-21.14683],[55.82633,-21.14745],[55.82759,-21.14795],[55.8273,-21.14885],[55.82799,-21.15255],[55.82938,-21.15278],[55.82972,-21.15403],[55.83069,-21.15467],[55.83078,-21.15584],[55.83189,-21.15726],[55.83193,-21.15822],[55.83393,-21.16003],[55.83498,-21.16044],[55.8347,-21.16254],[55.83511,-21.16414],[55.83282,-21.16556],[55.83298,-21.1684],[55.83348,-21.17071],[55.8331,-21.17137],[55.83389,-21.17684],[55.83454,-21.17822],[55.83483,-21.17996],[55.83668,-21.18259],[55.83663,-21.18341],[55.83562,-21.18421],[55.8342,-21.18454],[55.8333,-21.18573],[55.83188,-21.18645],[55.83084,-21.18625],[55.82868,-21.18642],[55.82663,-21.18571],[55.82584,-21.1861],[55.82478,-21.18974],[55.82497,-21.19039],[55.82473,-21.19314],[55.82534,-21.19408],[55.8252,-21.19604],[55.82465,-21.19659],[55.8254,-21.1981],[55.82495,-21.1988],[55.82553,-21.20049],[55.82471,-21.20325],[55.82275,-21.20618],[55.82122,-21.20775],[55.81873,-21.20878],[55.81658,-21.21081],[55.81406,-21.21429],[55.81378,-21.2151],[55.81403,-21.21662],[55.81344,-21.21712],[55.81334,-21.21865],[55.81268,-21.21993],[55.81251,-21.22204],[55.81135,-21.2226],[55.81033,-21.22483],[55.80852,-21.22753],[55.80785,-21.23252],[55.80805,-21.23397],[55.80856,-21.23476],[55.80805,-21.23883],[55.80703,-21.24085],[55.80584,-21.24211],[55.80534,-21.24363],[55.80472,-21.2477],[55.8048,-21.25081],[55.80423,-21.2529],[55.80293,-21.25515],[55.80295,-21.25586],[55.80202,-21.25782],[55.80159,-21.25972],[55.80175,-21.26229],[55.80319,-21.26554],[55.80343,-21.26676],[55.80334,-21.26865],[55.80417,-21.27213],[55.80369,-21.27304],[55.80321,-21.27502],[55.80322,-21.27642],[55.80378,-21.27886],[55.80461,-21.27948],[55.80494,-21.28152],[55.80655,-21.28535],[55.80828,-21.28731],[55.8083,-21.28804],[55.80756,-21.29063],[55.80685,-21.29162],[55.80564,-21.29255],[55.80528,-21.29552],[55.80563,-21.29809],[55.8051,-21.29913],[55.80458,-21.30193],[55.80496,-21.30346],[55.80458,-21.30496],[55.80507,-21.30572],[55.80454,-21.30668],[55.80482,-21.3073],[55.80444,-21.30884],[55.80382,-21.30976],[55.80427,-21.31075],[55.80425,-21.31252],[55.80473,-21.31372],[55.80461,-21.31564],[55.80494,-21.31728],[55.8057,-21.31887],[55.80497,-21.31962],[55.80621,-21.32629],[55.80867,-21.33018],[55.80925,-21.33084],[55.80821,-21.33286],[55.80729,-21.33676],[55.80619,-21.33774],[55.80451,-21.33967],[55.80189,-21.34345],[55.80045,-21.34532],[55.79916,-21.34791],[55.79744,-21.34925],[55.79693,-21.35058],[55.79566,-21.35069],[55.79248,-21.35238],[55.79252,-21.3529],[55.79133,-21.35397],[55.78884,-21.35455],[55.7886,-21.35528],[55.78631,-21.35744],[55.78601,-21.35724],[55.78322,-21.35939],[55.78217,-21.36084],[55.78124,-21.3616],[55.77989,-21.36191],[55.7781,-21.36333],[55.77732,-21.36322],[55.77558,-21.3645],[55.77525,-21.36552],[55.77231,-21.36503],[55.77081,-21.36569],[55.76935,-21.36525],[55.76872,-21.36558],[55.76701,-21.36521],[55.76664,-21.36444],[55.76399,-21.3641],[55.76334,-21.36353],[55.76211,-21.36415],[55.76029,-21.36442],[55.75949,-21.36371],[55.75639,-21.363],[55.75469,-21.3637],[55.75398,-21.3644],[55.75295,-21.36635],[55.75136,-21.36698],[55.7505,-21.36779],[55.74975,-21.36742],[55.74844,-21.36768],[55.74744,-21.36852],[55.74613,-21.36834],[55.74284,-21.36907],[55.74115,-21.36903],[55.73979,-21.36935],[55.73714,-21.36872],[55.73568,-21.36876],[55.73467,-21.3692],[55.73392,-21.36881],[55.73281,-21.3696],[55.73101,-21.36986],[55.73028,-21.36933],[55.72708,-21.36985],[55.72334,-21.3722],[55.72155,-21.37304],[55.71829,-21.37402],[55.71719,-21.37487],[55.71443,-21.37524],[55.71127,-21.37492],[55.70919,-21.37579],[55.70879,-21.37657],[55.70608,-21.37604],[55.70407,-21.37635],[55.70255,-21.37689],[55.70017,-21.37652],[55.69809,-21.3758],[55.69597,-21.37566],[55.69347,-21.37612],[55.69264,-21.3758],[55.69033,-21.37585],[55.68565,-21.37477],[55.68155,-21.37474],[55.67895,-21.37546],[55.6776,-21.37645],[55.67741,-21.37921],[55.67679,-21.37961],[55.67587,-21.37885],[55.6749,-21.3802],[55.67467,-21.38147],[55.67303,-21.38192],[55.67086,-21.38382],[55.66855,-21.38391],[55.66724,-21.38349],[55.66618,-21.3836],[55.66353,-21.38247],[55.66127,-21.3828],[55.6592,-21.38284],[55.65462,-21.38483],[55.65283,-21.38583],[55.65067,-21.3866],[55.64917,-21.389],[55.64786,-21.38892],[55.64681,-21.38936],[55.64503,-21.38909],[55.64319,-21.38756],[55.64338,-21.38565],[55.64184,-21.38439],[55.63803,-21.383],[55.6334,-21.3825],[55.62752,-21.38264],[55.62563,-21.38282],[55.62274,-21.38355],[55.61909,-21.38559],[55.61542,-21.38635],[55.61378,-21.38622],[55.612,-21.3865],[55.61088,-21.38717],[55.60934,-21.38713],[55.60544,-21.3851],[55.60254,-21.38384],[55.60032,-21.38118],[55.59936,-21.37937],[55.59806,-21.3786],[55.59637,-21.37879],[55.59405,-21.37734],[55.59189,-21.37689],[55.59063,-21.37612],[55.58962,-21.37621],[55.58947,-21.37441],[55.5887,-21.37427],[55.58841,-21.37333],[55.58667,-21.3717],[55.58571,-21.37165],[55.58499,-21.3722],[55.582,-21.37265],[55.57853,-21.37446],[55.57727,-21.37428],[55.57597,-21.37496],[55.57564,-21.37563],[55.57197,-21.37601],[55.56855,-21.37518],[55.56729,-21.37393],[55.56541,-21.37307],[55.56301,-21.37235],[55.56122,-21.37298],[55.55913,-21.37298],[55.55907,-21.37233],[55.55808,-21.37181],[55.55655,-21.37213],[55.55549,-21.37122],[55.55404,-21.3714],[55.55341,-21.37249],[55.55244,-21.37281],[55.5511,-21.37447],[55.54999,-21.37348],[55.54994,-21.3714],[55.5495,-21.37059],[55.54608,-21.36779],[55.54512,-21.36743],[55.54304,-21.3677],[55.54203,-21.36657],[55.54097,-21.36657],[55.54082,-21.36585],[55.53894,-21.36504],[55.53856,-21.36396],[55.53672,-21.36309],[55.53244,-21.36328],[55.52725,-21.36206],[55.52525,-21.3608],[55.52361,-21.36118],[55.52285,-21.36085],[55.5212,-21.35917],[55.51949,-21.35911],[55.51874,-21.35791],[55.51744,-21.35823],[55.51599,-21.35813],[55.51478,-21.35706],[55.51439,-21.35745],[55.50978,-21.35475],[55.50848,-21.35457],[55.50775,-21.35372],[55.5065,-21.35412],[55.50476,-21.35304],[55.50327,-21.3515],[55.50101,-21.35059],[55.49778,-21.35042],[55.49671,-21.35083],[55.49522,-21.3501],[55.49199,-21.35014],[55.48989,-21.35093],[55.48813,-21.35019],[55.48719,-21.35129],[55.48661,-21.35111],[55.4841,-21.35238],[55.48372,-21.3501],[55.48288,-21.3488],[55.48177,-21.34852],[55.48148,-21.34762],[55.48037,-21.3468],[55.48037,-21.34577],[55.47874,-21.34356],[55.47838,-21.34439],[55.47634,-21.34399],[55.47464,-21.34441],[55.46992,-21.3446],[55.46764,-21.34419],[55.46678,-21.34337],[55.46384,-21.34225],[55.46141,-21.34185],[55.45952,-21.34114],[55.45617,-21.33816],[55.45604,-21.3366],[55.45421,-21.3347],[55.45478,-21.33159],[55.44895,-21.32838],[55.44539,-21.32797],[55.44389,-21.32851],[55.44312,-21.32815],[55.44167,-21.32819],[55.43979,-21.32761],[55.43638,-21.32688],[55.43517,-21.32716],[55.43088,-21.32634],[55.43006,-21.32639],[55.42813,-21.32576],[55.42452,-21.3243],[55.4196,-21.32155],[55.41652,-21.31951],[55.41459,-21.31766],[55.4131,-21.3159],[55.41151,-21.31445],[55.41083,-21.31324],[55.41046,-21.31095],[55.40901,-21.30905],[55.40872,-21.30784],[55.40631,-21.30529],[55.40323,-21.30303],[55.40256,-21.30195],[55.39923,-21.29892],[55.39828,-21.2978],[55.39799,-21.2969],[55.39662,-21.29553],[55.39396,-21.29396],[55.39119,-21.29263],[55.39069,-21.29216],[55.38665,-21.29056],[55.3858,-21.29002],[55.38164,-21.28875],[55.37823,-21.28748],[55.36998,-21.28592],[55.3685,-21.28504],[55.36701,-21.28454],[55.36565,-21.28445],[55.36363,-21.28386],[55.36161,-21.28377],[55.36079,-21.2834],[55.35872,-21.28367],[55.35563,-21.28331],[55.35245,-21.28218],[55.35078,-21.28252],[55.34687,-21.28204],[55.34548,-21.2815],[55.34379,-21.2814],[55.34241,-21.28083],[55.34077,-21.28157],[55.33948,-21.28101],[55.33834,-21.27933],[55.33535,-21.27776],[55.33343,-21.27532],[55.33223,-21.27304],[55.33286,-21.27132],[55.33368,-21.27106],[55.3346,-21.27006],[55.33426,-21.26853],[55.33258,-21.26573],[55.33173,-21.26504],[55.33191,-21.26303],[55.33168,-21.26131],[55.33056,-21.25868],[55.32926,-21.25732],[55.32729,-21.25601],[55.32464,-21.25393],[55.32219,-21.25305],[55.32145,-21.25251],[55.32013,-21.2527],[55.3202,-21.25156],[55.32112,-21.25072],[55.32108,-21.24918],[55.31886,-21.24697],[55.31516,-21.24484],[55.31357,-21.24453],[55.31319,-21.24367],[55.31128,-21.24159],[55.31083,-21.2401],[55.309,-21.23897],[55.30766,-21.23874],[55.30756,-21.23788],[55.30628,-21.23745],[55.30419,-21.23634],[55.30347,-21.23679],[55.30235,-21.23661],[55.30163,-21.23562],[55.29899,-21.23427],[55.29548,-21.23123],[55.29297,-21.22979],[55.29307,-21.22861],[55.29216,-21.22752],[55.29236,-21.22427],[55.29159,-21.2235],[55.29106,-21.22179],[55.28882,-21.21948],[55.28769,-21.21564],[55.28697,-21.21465],[55.28674,-21.21316],[55.28568,-21.21144],[55.28616,-21.20968],[55.28573,-21.20932],[55.28516,-21.20729],[55.28198,-21.20485],[55.28191,-21.20382],[55.28055,-21.20247],[55.2808,-21.20185],[55.28266,-21.2011],[55.28309,-21.19938],[55.28276,-21.19793],[55.28415,-21.19677],[55.28479,-21.19505],[55.28503,-21.19266],[55.28585,-21.19008],[55.28638,-21.18778],[55.28634,-21.18688],[55.28687,-21.18566],[55.28677,-21.18435],[55.28735,-21.18304],[55.28731,-21.18187],[55.28678,-21.18001],[55.28702,-21.17685],[55.28664,-21.17311],[55.28612,-21.16953],[55.28584,-21.16584],[55.28718,-21.16466],[55.28762,-21.16313],[55.2869,-21.16087],[55.28243,-21.15517],[55.28127,-21.15327],[55.27897,-21.15273],[55.27623,-21.15092],[55.27257,-21.15042],[55.27209,-21.1492],[55.27228,-21.14658],[55.27123,-21.1464],[55.27133,-21.14482],[55.27023,-21.14359],[55.27139,-21.14326],[55.27099,-21.14225],[55.27134,-21.1384],[55.27086,-21.13741],[55.27139,-21.13542],[55.27067,-21.13285],[55.27101,-21.13172],[55.27029,-21.13113],[55.26797,-21.13037],[55.26798,-21.12793],[55.26587,-21.12675],[55.26409,-21.12684],[55.26327,-21.12521],[55.26081,-21.12272],[55.25984,-21.1206],[55.25853,-21.11918],[55.25741,-21.11843],[55.25621,-21.11716],[55.25607,-21.11631],[55.25375,-21.11404],[55.25318,-21.11395],[55.25289,-21.11273],[55.25424,-21.11178],[55.25472,-21.11088],[55.25415,-21.10974]]]]}},{"type":"Feature","properties":{"code":"976","nom":"Mayotte"},"geometry":{"type":"MultiPolygon","coordinates":[[[[45.04101,-12.64686],[45.04139,-12.64715],[45.04161,-12.64723],[45.04201,-12.64774],[45.042,-12.64811],[45.04158,-12.64865],[45.04138,-12.64883],[45.0413,-12.64898],[45.04093,-12.64917],[45.04081,-12.64932],[45.04056,-12.64924],[45.04037,-12.64925],[45.03992,-12.6494],[45.0398,-12.64952],[45.03975,-12.6497],[45.03943,-12.64992],[45.03898,-12.64999],[45.03875,-12.64994],[45.03847,-12.65011],[45.03807,-12.65011],[45.03759,-12.6502],[45.03658,-12.65052],[45.03636,-12.65062],[45.03599,-12.651],[45.03572,-12.65156],[45.03546,-12.65174],[45.03509,-12.65209],[45.035,-12.65229],[45.03476,-12.6525],[45.03449,-12.65289],[45.0344,-12.65309],[45.03408,-12.65362],[45.0341,-12.65383],[45.03399,-12.65415],[45.03365,-12.65447],[45.03333,-12.65515],[45.03326,-12.65519],[45.03308,-12.65554],[45.03283,-12.6557],[45.03284,-12.65586],[45.03254,-12.65587],[45.0323,-12.65573],[45.03213,-12.65577],[45.03175,-12.65602],[45.03154,-12.65579],[45.03141,-12.65582],[45.03118,-12.65577],[45.03101,-12.65543],[45.03089,-12.65532],[45.03056,-12.65531],[45.03029,-12.65518],[45.02914,-12.65527],[45.02876,-12.65509],[45.02909,-12.65485],[45.02955,-12.65418],[45.02961,-12.65389],[45.02994,-12.65314],[45.0301,-12.65267],[45.03037,-12.65209],[45.03047,-12.65157],[45.03039,-12.65128],[45.03023,-12.65097],[45.02984,-12.65048],[45.02932,-12.64994],[45.02887,-12.64951],[45.02783,-12.64862],[45.02687,-12.648],[45.02629,-12.64767],[45.02606,-12.64758],[45.02533,-12.64712],[45.02499,-12.64687],[45.02467,-12.64682],[45.02428,-12.64663],[45.02355,-12.64635],[45.02322,-12.64635],[45.02277,-12.64656],[45.0224,-12.647],[45.02228,-12.64724],[45.02225,-12.64741],[45.02199,-12.64761],[45.02184,-12.64758],[45.02135,-12.64766],[45.02116,-12.64773],[45.02096,-12.64759],[45.02046,-12.64736],[45.02006,-12.64724],[45.01961,-12.64724],[45.01928,-12.64737],[45.01881,-12.64717],[45.01869,-12.64705],[45.01866,-12.64689],[45.01883,-12.64661],[45.01897,-12.64652],[45.01899,-12.64618],[45.01915,-12.64563],[45.01914,-12.64551],[45.01893,-12.64523],[45.01888,-12.64493],[45.01869,-12.64463],[45.01834,-12.64435],[45.01833,-12.64406],[45.01845,-12.6438],[45.01841,-12.64345],[45.01848,-12.64327],[45.0189,-12.64307],[45.01904,-12.64312],[45.01935,-12.64304],[45.01953,-12.64318],[45.02033,-12.64307],[45.02054,-12.64282],[45.02094,-12.64263],[45.02165,-12.64244],[45.02186,-12.64235],[45.02228,-12.642],[45.02274,-12.64177],[45.02293,-12.64163],[45.02295,-12.64148],[45.02328,-12.64107],[45.02356,-12.64101],[45.02426,-12.64049],[45.02473,-12.64],[45.02494,-12.63955],[45.02511,-12.63934],[45.02514,-12.63898],[45.02506,-12.63888],[45.02523,-12.63875],[45.02511,-12.63852],[45.02515,-12.63823],[45.02524,-12.63799],[45.02542,-12.63789],[45.02561,-12.63758],[45.02555,-12.63755],[45.0258,-12.63724],[45.02615,-12.63692],[45.02635,-12.6368],[45.0266,-12.63659],[45.02701,-12.63667],[45.0271,-12.63681],[45.02753,-12.63701],[45.02774,-12.63715],[45.02823,-12.63734],[45.02984,-12.63802],[45.03027,-12.63837],[45.03046,-12.63847],[45.03077,-12.6387],[45.0313,-12.63885],[45.03158,-12.63887],[45.03182,-12.63898],[45.03232,-12.63929],[45.03263,-12.63965],[45.03287,-12.63977],[45.03308,-12.63996],[45.03323,-12.63998],[45.03347,-12.64029],[45.03375,-12.64074],[45.03389,-12.64126],[45.03427,-12.64183],[45.03474,-12.64215],[45.03508,-12.64229],[45.03531,-12.64235],[45.03565,-12.64266],[45.03601,-12.64286],[45.03628,-12.64306],[45.0366,-12.64346],[45.03686,-12.64368],[45.03714,-12.64376],[45.03725,-12.64389],[45.03725,-12.64405],[45.03736,-12.64427],[45.03804,-12.64484],[45.03837,-12.64504],[45.03889,-12.64545],[45.03939,-12.64579],[45.03981,-12.64624],[45.04009,-12.6465],[45.04043,-12.64659],[45.04056,-12.64656],[45.04085,-12.6467],[45.04101,-12.64686]]],[[[45.02801,-12.65673],[45.02791,-12.65712],[45.02766,-12.65735],[45.02765,-12.65749],[45.02741,-12.65765],[45.02737,-12.65786],[45.02702,-12.65815],[45.02693,-12.65794],[45.02691,-12.65754],[45.02701,-12.6574],[45.02682,-12.65691],[45.0269,-12.65674],[45.02727,-12.65645],[45.02734,-12.65623],[45.02766,-12.65594],[45.02773,-12.6557],[45.02795,-12.65542],[45.0283,-12.65543],[45.02825,-12.65591],[45.02817,-12.65592],[45.02822,-12.65623],[45.02815,-12.65653],[45.02801,-12.65673]]],[[[45.13822,-13.00341],[45.13799,-13.00454],[45.13798,-13.00471],[45.13788,-13.00503],[45.13772,-13.00523],[45.13757,-13.00526],[45.13735,-13.00498],[45.13704,-13.00488],[45.13703,-13.00471],[45.13683,-13.00428],[45.13678,-13.00401],[45.13683,-13.00366],[45.13701,-13.00325],[45.13701,-13.003],[45.13715,-13.00289],[45.13756,-13.00219],[45.13769,-13.0019],[45.1381,-13.00132],[45.13845,-13.0012],[45.13853,-13.00155],[45.13846,-13.00247],[45.13842,-13.00273],[45.13832,-13.00296],[45.13822,-13.00341]]],[[[45.2342,-12.89812],[45.23422,-12.89827],[45.23413,-12.89893],[45.23405,-12.89907],[45.23379,-12.89927],[45.23368,-12.89923],[45.23349,-12.89956],[45.23351,-12.89976],[45.23343,-12.89988],[45.2329,-12.90018],[45.23256,-12.90027],[45.23232,-12.90066],[45.23229,-12.90081],[45.23239,-12.90095],[45.23235,-12.90122],[45.23255,-12.90144],[45.23237,-12.90149],[45.23223,-12.90143],[45.23209,-12.90165],[45.23186,-12.90161],[45.23174,-12.90177],[45.23151,-12.90181],[45.23138,-12.90162],[45.23155,-12.90141],[45.23157,-12.90104],[45.23136,-12.90072],[45.23096,-12.90067],[45.23086,-12.9003],[45.23065,-12.90015],[45.23051,-12.90031],[45.23035,-12.90021],[45.23047,-12.89999],[45.23034,-12.89954],[45.23011,-12.89942],[45.22988,-12.89945],[45.22965,-12.89936],[45.22952,-12.89908],[45.22971,-12.8989],[45.2299,-12.89851],[45.2299,-12.89826],[45.23005,-12.89822],[45.23009,-12.89799],[45.22997,-12.89784],[45.23008,-12.89775],[45.23014,-12.89756],[45.23016,-12.89708],[45.23014,-12.89671],[45.23024,-12.89623],[45.23045,-12.89578],[45.23065,-12.89561],[45.23065,-12.89553],[45.23124,-12.89531],[45.23123,-12.89514],[45.23158,-12.8952],[45.23195,-12.89544],[45.23225,-12.89546],[45.23239,-12.8954],[45.23275,-12.89546],[45.23306,-12.89575],[45.23318,-12.89593],[45.23357,-12.8961],[45.23383,-12.89639],[45.23398,-12.89649],[45.2341,-12.89677],[45.23408,-12.89691],[45.23419,-12.8971],[45.23416,-12.89748],[45.23409,-12.8977],[45.23409,-12.89796],[45.2342,-12.89812]]],[[[45.06653,-12.7597],[45.0663,-12.75988],[45.06612,-12.75985],[45.06636,-12.75955],[45.06653,-12.7595],[45.06653,-12.7597]]],[[[45.08976,-12.84651],[45.08966,-12.84694],[45.08957,-12.84697],[45.08929,-12.84683],[45.08907,-12.84707],[45.08893,-12.84714],[45.08873,-12.84707],[45.08857,-12.84687],[45.08866,-12.8466],[45.08881,-12.84649],[45.08894,-12.84625],[45.08932,-12.84611],[45.08949,-12.84598],[45.08974,-12.8464],[45.08976,-12.84651]]],[[[45.21881,-12.98296],[45.21833,-12.98359],[45.21804,-12.98435],[45.21784,-12.985],[45.21757,-12.9857],[45.21724,-12.98618],[45.2168,-12.98641],[45.21637,-12.98644],[45.21604,-12.98632],[45.21591,-12.98613],[45.21576,-12.98552],[45.21594,-12.98502],[45.2163,-12.98453],[45.21646,-12.98408],[45.21643,-12.98359],[45.21651,-12.98333],[45.21703,-12.98268],[45.21714,-12.98219],[45.2169,-12.98146],[45.21706,-12.98111],[45.21729,-12.98083],[45.21742,-12.98087],[45.21767,-12.98124],[45.218,-12.98127],[45.21841,-12.98159],[45.21867,-12.9817],[45.21924,-12.98164],[45.2193,-12.98183],[45.21917,-12.9824],[45.21881,-12.98296]]],[[[45.1604,-12.97564],[45.15978,-12.97592],[45.15946,-12.97587],[45.15955,-12.97567],[45.15978,-12.97554],[45.16031,-12.97546],[45.16073,-12.97533],[45.16078,-12.9754],[45.16105,-12.97534],[45.1609,-12.97567],[45.16068,-12.97561],[45.1604,-12.97564]]],[[[45.14365,-12.91995],[45.14364,-12.9202],[45.14336,-12.92042],[45.14317,-12.92063],[45.14294,-12.92076],[45.14282,-12.92094],[45.14247,-12.92117],[45.14231,-12.9215],[45.14207,-12.92168],[45.14195,-12.92206],[45.142,-12.92225],[45.1418,-12.92254],[45.14157,-12.9226],[45.14138,-12.92244],[45.14127,-12.92224],[45.1411,-12.9221],[45.14095,-12.92175],[45.14078,-12.92197],[45.14057,-12.92213],[45.14031,-12.92201],[45.14016,-12.9217],[45.13971,-12.92176],[45.13945,-12.92175],[45.13906,-12.9214],[45.13938,-12.92091],[45.13946,-12.92073],[45.1397,-12.92059],[45.13995,-12.92058],[45.1402,-12.92004],[45.14034,-12.91992],[45.14085,-12.91911],[45.14093,-12.91869],[45.14115,-12.91839],[45.1412,-12.9181],[45.14122,-12.91759],[45.14159,-12.9173],[45.14189,-12.91733],[45.14201,-12.91742],[45.14239,-12.91784],[45.14268,-12.91786],[45.14279,-12.91793],[45.14296,-12.9182],[45.14306,-12.91861],[45.14328,-12.91876],[45.14345,-12.91902],[45.14364,-12.91955],[45.14373,-12.91969],[45.14365,-12.91995]]],[[[45.20258,-12.93363],[45.20244,-12.93385],[45.20257,-12.93417],[45.2025,-12.93452],[45.20232,-12.93484],[45.20232,-12.93503],[45.20218,-12.93507],[45.20134,-12.9345],[45.20114,-12.93447],[45.20104,-12.93437],[45.20072,-12.93428],[45.20039,-12.93403],[45.19994,-12.93377],[45.19975,-12.93373],[45.19971,-12.93354],[45.1995,-12.93337],[45.19917,-12.93317],[45.19879,-12.93287],[45.19847,-12.93273],[45.19822,-12.93269],[45.19787,-12.93243],[45.19846,-12.93245],[45.19885,-12.9324],[45.19898,-12.93229],[45.19984,-12.9324],[45.20012,-12.93258],[45.20055,-12.93266],[45.20126,-12.93271],[45.2017,-12.93289],[45.2019,-12.93304],[45.20231,-12.93328],[45.20258,-12.93363]]],[[[45.20736,-12.92046],[45.20779,-12.92066],[45.20768,-12.92083],[45.20772,-12.92109],[45.20793,-12.92116],[45.20785,-12.92132],[45.2076,-12.92127],[45.20753,-12.92114],[45.20641,-12.92063],[45.20612,-12.92055],[45.20558,-12.92054],[45.20546,-12.92045],[45.20543,-12.92016],[45.20552,-12.9201],[45.20629,-12.92016],[45.20656,-12.92022],[45.20675,-12.9202],[45.20713,-12.9203],[45.20736,-12.92046]]],[[[45.20585,-12.91095],[45.20535,-12.91109],[45.20561,-12.91086],[45.20585,-12.91095]]],[[[45.20534,-12.90965],[45.2052,-12.90982],[45.20502,-12.90977],[45.20522,-12.9096],[45.20534,-12.90965]]],[[[45.12806,-12.72462],[45.12851,-12.72483],[45.12836,-12.7249],[45.1279,-12.72475],[45.12778,-12.72463],[45.12768,-12.72436],[45.12785,-12.72431],[45.12806,-12.72462]]],[[[45.17379,-12.71833],[45.1735,-12.71845],[45.17327,-12.71881],[45.17314,-12.71866],[45.17342,-12.71834],[45.17372,-12.71816],[45.17379,-12.71833]]],[[[45.12781,-12.72325],[45.12775,-12.72349],[45.12757,-12.72337],[45.1277,-12.72311],[45.12781,-12.72325]]],[[[45.19556,-12.90685],[45.19559,-12.90717],[45.19548,-12.9072],[45.19544,-12.90692],[45.19556,-12.90685]]],[[[45.11818,-12.67502],[45.11813,-12.67508],[45.11801,-12.67568],[45.11833,-12.67651],[45.11824,-12.67669],[45.11749,-12.67646],[45.11727,-12.67634],[45.11695,-12.67609],[45.11671,-12.67598],[45.11622,-12.67585],[45.11578,-12.67579],[45.11551,-12.6757],[45.11532,-12.67572],[45.11497,-12.67558],[45.11476,-12.67555],[45.11434,-12.67566],[45.11396,-12.67569],[45.1135,-12.67581],[45.11333,-12.67592],[45.11295,-12.67631],[45.11273,-12.67645],[45.11258,-12.67634],[45.11245,-12.67613],[45.11201,-12.67583],[45.11148,-12.6758],[45.11124,-12.67573],[45.1109,-12.67556],[45.11088,-12.67547],[45.11108,-12.6752],[45.11143,-12.67495],[45.11189,-12.67456],[45.11202,-12.67434],[45.11226,-12.67408],[45.11267,-12.67386],[45.11283,-12.67372],[45.11304,-12.67363],[45.11359,-12.67322],[45.11391,-12.67343],[45.11403,-12.67368],[45.11426,-12.67388],[45.11468,-12.67416],[45.1149,-12.67436],[45.11505,-12.67458],[45.11572,-12.67494],[45.11591,-12.67501],[45.11655,-12.67497],[45.11676,-12.675],[45.11723,-12.67501],[45.11808,-12.67486],[45.11818,-12.67502]]],[[[45.05929,-12.67671],[45.05935,-12.6769],[45.05947,-12.67696],[45.05949,-12.67716],[45.05888,-12.677],[45.05877,-12.67714],[45.0584,-12.67723],[45.0582,-12.67745],[45.05767,-12.67743],[45.05742,-12.67752],[45.05727,-12.67765],[45.05708,-12.67767],[45.05698,-12.67759],[45.05677,-12.67764],[45.05659,-12.6776],[45.05628,-12.67745],[45.05616,-12.67757],[45.05608,-12.67733],[45.05577,-12.677],[45.05564,-12.67698],[45.05546,-12.67679],[45.05535,-12.6769],[45.05515,-12.67673],[45.05516,-12.67646],[45.0553,-12.67642],[45.05553,-12.67651],[45.05559,-12.67637],[45.05578,-12.67645],[45.05598,-12.6767],[45.05625,-12.6767],[45.05668,-12.67644],[45.0566,-12.67625],[45.05682,-12.67618],[45.05693,-12.67595],[45.05709,-12.67577],[45.05709,-12.67558],[45.05723,-12.67558],[45.05732,-12.67601],[45.05779,-12.67605],[45.05814,-12.67594],[45.05821,-12.67565],[45.05847,-12.67581],[45.05857,-12.67581],[45.05864,-12.67559],[45.05876,-12.67545],[45.05872,-12.67514],[45.05881,-12.67512],[45.05891,-12.67533],[45.05924,-12.6753],[45.05958,-12.67539],[45.05996,-12.67518],[45.06006,-12.67537],[45.05991,-12.6755],[45.05966,-12.67561],[45.05961,-12.67582],[45.05928,-12.67659],[45.05929,-12.67671]]],[[[45.04898,-12.67178],[45.04906,-12.67204],[45.04953,-12.67283],[45.04945,-12.67305],[45.04925,-12.67308],[45.04901,-12.67299],[45.04853,-12.6726],[45.04811,-12.67242],[45.04796,-12.67246],[45.04768,-12.67229],[45.04756,-12.67237],[45.04701,-12.67198],[45.04657,-12.67179],[45.04641,-12.67193],[45.04613,-12.6718],[45.04621,-12.67158],[45.04647,-12.67149],[45.04686,-12.67152],[45.04713,-12.67145],[45.04741,-12.67147],[45.04865,-12.67127],[45.04886,-12.67155],[45.04898,-12.67178]]],[[[45.13021,-12.68939],[45.12994,-12.68952],[45.1293,-12.68964],[45.12881,-12.68979],[45.12854,-12.68974],[45.12832,-12.68938],[45.12814,-12.68916],[45.12824,-12.68907],[45.12849,-12.68906],[45.12894,-12.68911],[45.12954,-12.68912],[45.13011,-12.68927],[45.13021,-12.68939]]],[[[45.11909,-12.68858],[45.11878,-12.68869],[45.1187,-12.68853],[45.11898,-12.68848],[45.11909,-12.68858]]],[[[45.05146,-12.67552],[45.0516,-12.67576],[45.05141,-12.67579],[45.05132,-12.6756],[45.05146,-12.67552]]],[[[45.09984,-12.80194],[45.09982,-12.80138],[45.09971,-12.80089],[45.09983,-12.80048],[45.09995,-12.7996],[45.09985,-12.79944],[45.10002,-12.79936],[45.10014,-12.79918],[45.10025,-12.7984],[45.10012,-12.79817],[45.10023,-12.7981],[45.10024,-12.79792],[45.10046,-12.7976],[45.10068,-12.79742],[45.10113,-12.79695],[45.10164,-12.79672],[45.10202,-12.79666],[45.10285,-12.79672],[45.10321,-12.79661],[45.10335,-12.79669],[45.10355,-12.79659],[45.10429,-12.79659],[45.10466,-12.79647],[45.10476,-12.79649],[45.10534,-12.79621],[45.10567,-12.79618],[45.10575,-12.79612],[45.10628,-12.79612],[45.1065,-12.79603],[45.10712,-12.79569],[45.10737,-12.79574],[45.1077,-12.79556],[45.1078,-12.79544],[45.10814,-12.79488],[45.10845,-12.79492],[45.10879,-12.79508],[45.10876,-12.79524],[45.10901,-12.79547],[45.10912,-12.79566],[45.10977,-12.79574],[45.11003,-12.7958],[45.11019,-12.79594],[45.11014,-12.79611],[45.11026,-12.7962],[45.11047,-12.79648],[45.11091,-12.79673],[45.11132,-12.79662],[45.11172,-12.79632],[45.11183,-12.79643],[45.1121,-12.79636],[45.11224,-12.79612],[45.11226,-12.79588],[45.11236,-12.79555],[45.11249,-12.79539],[45.11251,-12.79513],[45.11244,-12.79498],[45.11247,-12.79444],[45.11262,-12.79396],[45.1125,-12.79374],[45.11239,-12.79372],[45.11234,-12.79334],[45.11208,-12.79332],[45.11198,-12.79318],[45.11162,-12.793],[45.1113,-12.79258],[45.11132,-12.79237],[45.11121,-12.79228],[45.11097,-12.79238],[45.11082,-12.79234],[45.11052,-12.79216],[45.11046,-12.79197],[45.1101,-12.79181],[45.10996,-12.79171],[45.10973,-12.79137],[45.10945,-12.7912],[45.10919,-12.7911],[45.10871,-12.79097],[45.10833,-12.79101],[45.10823,-12.79097],[45.10796,-12.7911],[45.10757,-12.79108],[45.10685,-12.79121],[45.10648,-12.79145],[45.10625,-12.79168],[45.10623,-12.79213],[45.10643,-12.79228],[45.10627,-12.79238],[45.10606,-12.79229],[45.10596,-12.79237],[45.1057,-12.7924],[45.10556,-12.79279],[45.10535,-12.79291],[45.10487,-12.79272],[45.10439,-12.7929],[45.1042,-12.7929],[45.10383,-12.79282],[45.10343,-12.7929],[45.10301,-12.79273],[45.10255,-12.79269],[45.10239,-12.79274],[45.10159,-12.79267],[45.1014,-12.79276],[45.1012,-12.79274],[45.10102,-12.79265],[45.1007,-12.79265],[45.1005,-12.79253],[45.09998,-12.79209],[45.09948,-12.79197],[45.09936,-12.79208],[45.09897,-12.79205],[45.09857,-12.79205],[45.0978,-12.79224],[45.09768,-12.7924],[45.0973,-12.79207],[45.09709,-12.79199],[45.09698,-12.79174],[45.09676,-12.79172],[45.09677,-12.79152],[45.09659,-12.79145],[45.09686,-12.79095],[45.09676,-12.79053],[45.09652,-12.78994],[45.09646,-12.7895],[45.09675,-12.78913],[45.09687,-12.78867],[45.09683,-12.78851],[45.09702,-12.78833],[45.097,-12.78796],[45.09696,-12.78785],[45.09702,-12.78756],[45.09698,-12.78735],[45.09668,-12.78696],[45.09679,-12.78687],[45.09674,-12.78673],[45.09686,-12.78664],[45.09697,-12.78672],[45.09709,-12.78639],[45.09738,-12.7862],[45.09782,-12.7861],[45.09819,-12.78612],[45.0985,-12.7858],[45.09817,-12.78565],[45.09824,-12.78541],[45.09824,-12.78505],[45.09816,-12.78479],[45.09831,-12.78445],[45.09813,-12.78428],[45.09778,-12.78419],[45.09738,-12.78425],[45.09732,-12.78436],[45.09694,-12.78455],[45.0967,-12.78473],[45.09653,-12.78497],[45.0963,-12.78511],[45.09596,-12.78563],[45.09603,-12.78597],[45.09628,-12.7861],[45.09642,-12.7861],[45.09616,-12.78646],[45.09622,-12.78667],[45.09613,-12.7868],[45.09591,-12.78674],[45.09568,-12.7865],[45.09564,-12.78637],[45.09535,-12.78632],[45.09506,-12.78613],[45.0946,-12.78545],[45.09466,-12.7853],[45.0945,-12.7849],[45.09432,-12.78461],[45.09415,-12.78449],[45.09389,-12.78454],[45.09386,-12.78441],[45.09415,-12.78442],[45.09446,-12.78432],[45.09467,-12.78452],[45.0949,-12.78451],[45.09505,-12.78441],[45.09532,-12.78437],[45.09565,-12.78419],[45.0958,-12.78394],[45.09599,-12.7838],[45.09637,-12.78378],[45.09662,-12.78347],[45.09688,-12.78336],[45.0971,-12.78334],[45.09728,-12.78314],[45.09759,-12.78292],[45.09787,-12.7828],[45.09801,-12.78286],[45.09822,-12.78274],[45.09832,-12.78256],[45.09842,-12.78219],[45.0984,-12.78206],[45.0986,-12.78201],[45.09876,-12.78216],[45.09904,-12.78207],[45.09936,-12.78178],[45.09944,-12.78138],[45.09967,-12.78104],[45.09983,-12.78087],[45.1,-12.78082],[45.10058,-12.78086],[45.10088,-12.78095],[45.10101,-12.78108],[45.10142,-12.7809],[45.10149,-12.78077],[45.1018,-12.78057],[45.10193,-12.78031],[45.10188,-12.7801],[45.10187,-12.77973],[45.10157,-12.77925],[45.10108,-12.77876],[45.10092,-12.77849],[45.10091,-12.77824],[45.10096,-12.77786],[45.10109,-12.77774],[45.10162,-12.77772],[45.10179,-12.77744],[45.10181,-12.77723],[45.10172,-12.77654],[45.10173,-12.77601],[45.10164,-12.77545],[45.10149,-12.77485],[45.10141,-12.7747],[45.10134,-12.77419],[45.10138,-12.77397],[45.10183,-12.77355],[45.10236,-12.77344],[45.10286,-12.7735],[45.10326,-12.77333],[45.10337,-12.7729],[45.10336,-12.77227],[45.10327,-12.77211],[45.10292,-12.77106],[45.10291,-12.77087],[45.10268,-12.77055],[45.10263,-12.77029],[45.1025,-12.77016],[45.10228,-12.76976],[45.10204,-12.76955],[45.10204,-12.76941],[45.10221,-12.76925],[45.10224,-12.76896],[45.1022,-12.76866],[45.10208,-12.7684],[45.10198,-12.7683],[45.10193,-12.76806],[45.10205,-12.76791],[45.10219,-12.76745],[45.1022,-12.76708],[45.10243,-12.76719],[45.10263,-12.76685],[45.10243,-12.76677],[45.10248,-12.76653],[45.1022,-12.76673],[45.10204,-12.76669],[45.10198,-12.76652],[45.10184,-12.76646],[45.10192,-12.76621],[45.10165,-12.76598],[45.1015,-12.76617],[45.10099,-12.7659],[45.10086,-12.76573],[45.10068,-12.76568],[45.10007,-12.7654],[45.09996,-12.7653],[45.09945,-12.76516],[45.09911,-12.76515],[45.09886,-12.76522],[45.09805,-12.76553],[45.09783,-12.7657],[45.09772,-12.76596],[45.09725,-12.76645],[45.09705,-12.7667],[45.09686,-12.76685],[45.09665,-12.76673],[45.09657,-12.76646],[45.09634,-12.76651],[45.09609,-12.76635],[45.0958,-12.76622],[45.09542,-12.76619],[45.09507,-12.76625],[45.09448,-12.76629],[45.09441,-12.76653],[45.09442,-12.76671],[45.09474,-12.76735],[45.09473,-12.76754],[45.09461,-12.76796],[45.09479,-12.76821],[45.09492,-12.76813],[45.09491,-12.76795],[45.09501,-12.76775],[45.09539,-12.76793],[45.09504,-12.76833],[45.09497,-12.76849],[45.09509,-12.7687],[45.09501,-12.7691],[45.09507,-12.76934],[45.09497,-12.7696],[45.09489,-12.77032],[45.0945,-12.77065],[45.09405,-12.77088],[45.09374,-12.77083],[45.09329,-12.77094],[45.093,-12.77098],[45.09283,-12.77114],[45.09239,-12.77141],[45.0921,-12.77139],[45.09186,-12.77122],[45.09171,-12.77091],[45.09164,-12.77063],[45.09169,-12.77046],[45.09191,-12.77017],[45.09188,-12.77003],[45.09167,-12.76969],[45.09128,-12.76938],[45.09081,-12.76893],[45.09065,-12.76883],[45.09011,-12.76836],[45.08996,-12.76827],[45.08917,-12.76764],[45.08908,-12.76753],[45.08857,-12.7671],[45.08839,-12.76718],[45.08799,-12.76716],[45.0877,-12.76663],[45.08772,-12.76639],[45.08746,-12.76601],[45.08719,-12.76553],[45.08709,-12.76524],[45.08733,-12.76461],[45.08726,-12.76455],[45.08708,-12.76492],[45.08689,-12.76523],[45.08657,-12.76535],[45.08592,-12.76524],[45.08534,-12.76503],[45.08508,-12.76489],[45.08476,-12.76481],[45.08444,-12.7648],[45.08421,-12.76485],[45.08336,-12.76466],[45.08255,-12.7644],[45.0818,-12.7641],[45.08111,-12.76402],[45.08083,-12.76387],[45.08071,-12.76397],[45.08032,-12.76466],[45.08039,-12.76481],[45.08035,-12.76498],[45.08008,-12.76518],[45.07965,-12.76556],[45.07958,-12.7658],[45.07956,-12.76612],[45.07941,-12.76647],[45.07908,-12.7669],[45.07892,-12.76688],[45.07849,-12.7667],[45.0783,-12.7667],[45.07806,-12.76677],[45.07782,-12.7667],[45.07767,-12.76659],[45.07731,-12.76652],[45.07697,-12.76659],[45.07682,-12.76651],[45.07645,-12.7661],[45.07614,-12.76591],[45.07575,-12.76574],[45.07537,-12.76569],[45.07516,-12.76577],[45.07485,-12.76559],[45.07483,-12.7654],[45.07461,-12.7652],[45.0741,-12.76526],[45.07386,-12.76523],[45.07384,-12.76481],[45.07404,-12.7646],[45.07416,-12.76433],[45.07416,-12.76413],[45.07407,-12.76392],[45.07356,-12.76327],[45.07337,-12.76284],[45.07296,-12.76158],[45.07282,-12.76164],[45.07239,-12.76165],[45.07194,-12.76149],[45.07155,-12.76158],[45.07128,-12.76144],[45.07106,-12.7611],[45.07063,-12.76068],[45.07061,-12.76058],[45.07021,-12.76001],[45.07007,-12.75989],[45.06964,-12.7598],[45.06946,-12.75955],[45.06948,-12.75932],[45.0693,-12.75927],[45.06899,-12.75899],[45.06872,-12.7588],[45.0684,-12.75867],[45.06777,-12.7583],[45.06732,-12.75815],[45.06692,-12.75814],[45.06669,-12.75823],[45.0664,-12.75827],[45.06612,-12.75812],[45.06591,-12.75791],[45.06562,-12.75748],[45.06541,-12.75739],[45.06493,-12.75723],[45.06466,-12.75705],[45.0646,-12.75678],[45.06471,-12.75622],[45.06478,-12.75597],[45.06462,-12.7553],[45.06447,-12.75503],[45.06421,-12.75473],[45.06417,-12.75456],[45.06394,-12.75424],[45.0637,-12.75353],[45.06323,-12.75335],[45.06292,-12.75333],[45.06279,-12.75301],[45.06287,-12.75284],[45.06274,-12.75233],[45.06214,-12.75211],[45.06205,-12.75201],[45.06198,-12.75174],[45.06164,-12.75146],[45.06166,-12.75176],[45.0616,-12.75183],[45.06086,-12.75137],[45.06022,-12.75107],[45.06017,-12.75088],[45.06004,-12.75087],[45.0599,-12.75104],[45.0597,-12.75101],[45.05936,-12.75108],[45.05898,-12.75111],[45.05894,-12.75134],[45.05875,-12.75149],[45.0586,-12.75182],[45.05797,-12.75156],[45.05729,-12.75146],[45.05705,-12.75147],[45.05682,-12.75141],[45.05693,-12.75125],[45.05704,-12.7509],[45.05691,-12.75092],[45.05667,-12.75117],[45.05652,-12.75123],[45.05643,-12.7514],[45.05576,-12.75152],[45.0554,-12.75161],[45.05516,-12.75174],[45.05477,-12.75182],[45.05426,-12.75214],[45.05423,-12.75231],[45.05446,-12.75274],[45.05447,-12.75297],[45.05423,-12.75412],[45.05405,-12.7544],[45.05356,-12.75465],[45.05343,-12.7548],[45.05321,-12.75525],[45.05301,-12.75535],[45.0528,-12.75556],[45.05213,-12.75581],[45.05198,-12.75591],[45.05179,-12.75616],[45.05164,-12.75623],[45.05152,-12.75611],[45.05147,-12.75584],[45.05128,-12.7557],[45.05124,-12.75553],[45.0511,-12.75534],[45.05096,-12.75502],[45.05084,-12.75467],[45.05072,-12.75445],[45.05039,-12.75378],[45.0501,-12.75345],[45.04975,-12.75325],[45.04977,-12.75292],[45.04989,-12.75276],[45.04996,-12.75223],[45.04994,-12.752],[45.04943,-12.7514],[45.049,-12.75109],[45.0489,-12.75106],[45.04843,-12.75106],[45.04801,-12.75116],[45.04769,-12.75146],[45.04759,-12.7515],[45.04716,-12.7515],[45.04696,-12.75143],[45.04646,-12.75101],[45.0461,-12.75081],[45.04575,-12.75051],[45.04542,-12.75015],[45.04521,-12.75019],[45.04503,-12.75003],[45.04521,-12.74983],[45.04517,-12.74971],[45.04495,-12.74951],[45.04466,-12.74947],[45.04451,-12.74961],[45.04436,-12.74959],[45.04422,-12.74927],[45.04406,-12.74932],[45.04396,-12.74924],[45.04378,-12.74882],[45.0436,-12.74874],[45.0433,-12.74848],[45.04328,-12.7483],[45.04308,-12.74781],[45.04293,-12.74773],[45.04298,-12.74761],[45.04281,-12.74734],[45.04274,-12.74692],[45.04263,-12.7467],[45.04249,-12.74619],[45.04238,-12.7461],[45.04233,-12.74582],[45.04247,-12.74561],[45.04251,-12.74525],[45.04238,-12.74508],[45.04245,-12.74491],[45.04253,-12.74449],[45.04258,-12.74402],[45.04266,-12.74393],[45.04299,-12.7438],[45.04359,-12.74345],[45.04395,-12.74298],[45.04404,-12.74282],[45.04441,-12.74258],[45.04471,-12.74225],[45.04498,-12.74206],[45.04531,-12.74156],[45.04557,-12.74136],[45.04591,-12.74098],[45.04601,-12.74075],[45.04605,-12.74052],[45.04599,-12.73999],[45.04615,-12.73985],[45.04633,-12.73978],[45.04689,-12.73972],[45.04796,-12.73938],[45.04831,-12.73919],[45.04931,-12.73889],[45.04983,-12.73883],[45.05032,-12.73862],[45.05061,-12.73855],[45.05096,-12.73833],[45.05148,-12.73783],[45.05196,-12.73727],[45.05254,-12.73651],[45.05278,-12.7361],[45.05314,-12.73565],[45.05366,-12.73546],[45.05395,-12.73518],[45.05406,-12.73501],[45.05444,-12.73394],[45.05498,-12.7334],[45.05511,-12.73319],[45.0552,-12.7329],[45.05547,-12.73226],[45.05581,-12.73185],[45.05599,-12.73172],[45.05636,-12.73135],[45.05651,-12.73095],[45.05641,-12.73045],[45.05653,-12.73013],[45.05681,-12.72992],[45.05723,-12.7294],[45.05732,-12.72924],[45.05733,-12.72902],[45.05745,-12.72888],[45.05799,-12.72805],[45.05801,-12.72785],[45.05791,-12.72771],[45.05781,-12.72735],[45.05777,-12.72699],[45.05759,-12.72666],[45.05726,-12.72633],[45.05678,-12.72568],[45.05666,-12.72547],[45.05659,-12.72521],[45.05658,-12.72496],[45.05676,-12.72481],[45.05669,-12.72461],[45.05647,-12.72464],[45.05599,-12.72419],[45.05525,-12.72328],[45.05504,-12.7233],[45.05488,-12.72346],[45.05425,-12.72333],[45.0541,-12.72343],[45.05378,-12.72344],[45.0534,-12.72336],[45.05294,-12.72344],[45.05266,-12.72367],[45.05235,-12.72357],[45.05202,-12.72369],[45.05171,-12.72358],[45.05155,-12.72347],[45.05103,-12.72337],[45.05086,-12.72315],[45.0501,-12.72258],[45.0497,-12.72234],[45.04923,-12.72224],[45.04852,-12.72237],[45.04796,-12.72258],[45.0477,-12.72266],[45.04687,-12.72254],[45.0461,-12.72251],[45.0455,-12.72255],[45.04493,-12.72254],[45.04466,-12.72257],[45.04438,-12.72268],[45.04421,-12.72284],[45.04392,-12.72295],[45.04341,-12.72322],[45.04316,-12.7233],[45.04254,-12.72342],[45.04207,-12.72358],[45.04184,-12.72354],[45.04139,-12.72333],[45.04106,-12.72326],[45.04048,-12.72329],[45.04029,-12.72322],[45.04013,-12.72324],[45.04002,-12.72281],[45.03986,-12.72247],[45.03981,-12.72219],[45.03989,-12.72186],[45.04026,-12.72164],[45.04066,-12.72163],[45.0408,-12.72169],[45.04135,-12.72175],[45.04153,-12.72167],[45.0419,-12.72162],[45.04222,-12.72174],[45.04256,-12.72164],[45.04285,-12.72142],[45.04326,-12.72118],[45.04341,-12.72103],[45.04377,-12.72041],[45.04402,-12.72016],[45.04414,-12.71993],[45.04446,-12.71952],[45.04444,-12.71922],[45.04451,-12.71894],[45.04496,-12.71848],[45.04515,-12.71824],[45.04521,-12.71809],[45.04555,-12.71798],[45.0457,-12.71787],[45.04589,-12.7176],[45.04609,-12.71746],[45.04645,-12.71709],[45.04667,-12.71704],[45.04715,-12.71671],[45.04758,-12.71611],[45.04779,-12.71574],[45.04787,-12.71546],[45.04783,-12.71524],[45.04798,-12.71463],[45.04817,-12.71438],[45.04834,-12.71431],[45.04844,-12.71392],[45.04842,-12.71368],[45.04852,-12.71342],[45.04898,-12.71302],[45.04904,-12.71287],[45.04932,-12.71265],[45.04963,-12.71246],[45.05,-12.71216],[45.05014,-12.71188],[45.05019,-12.71149],[45.05032,-12.7113],[45.0503,-12.71104],[45.05017,-12.71094],[45.04998,-12.71058],[45.05009,-12.71004],[45.05032,-12.70991],[45.05054,-12.70957],[45.05112,-12.70937],[45.05118,-12.70923],[45.05119,-12.70872],[45.05133,-12.70845],[45.05144,-12.70793],[45.05151,-12.70742],[45.05143,-12.70694],[45.05131,-12.70675],[45.05107,-12.70668],[45.05081,-12.70637],[45.05084,-12.70612],[45.05064,-12.70591],[45.05055,-12.70562],[45.0506,-12.70546],[45.05048,-12.70515],[45.05038,-12.70505],[45.05034,-12.70476],[45.05024,-12.70468],[45.05001,-12.70469],[45.04994,-12.70457],[45.04964,-12.70434],[45.04917,-12.70428],[45.04933,-12.70407],[45.04944,-12.70405],[45.04966,-12.70362],[45.04977,-12.70357],[45.04999,-12.70331],[45.05002,-12.70273],[45.05043,-12.70248],[45.05047,-12.70237],[45.05073,-12.70209],[45.05086,-12.70209],[45.05101,-12.70194],[45.05128,-12.70178],[45.05151,-12.70175],[45.05174,-12.70148],[45.05175,-12.70118],[45.05157,-12.7011],[45.05163,-12.70084],[45.05154,-12.70049],[45.0516,-12.70009],[45.05172,-12.70012],[45.05211,-12.70007],[45.05261,-12.69973],[45.05315,-12.6998],[45.05349,-12.69989],[45.05358,-12.70003],[45.05376,-12.7001],[45.05425,-12.70064],[45.05446,-12.70106],[45.05463,-12.70126],[45.0549,-12.70137],[45.0552,-12.70134],[45.05582,-12.70116],[45.05604,-12.70121],[45.05628,-12.70149],[45.05689,-12.7015],[45.05749,-12.70145],[45.05758,-12.70153],[45.05784,-12.70145],[45.05811,-12.70113],[45.05853,-12.70091],[45.05896,-12.70109],[45.05932,-12.70087],[45.05967,-12.70079],[45.05972,-12.70099],[45.06006,-12.70118],[45.06028,-12.70137],[45.06078,-12.70128],[45.06102,-12.70108],[45.06126,-12.70118],[45.06144,-12.7015],[45.06176,-12.70183],[45.06198,-12.70188],[45.06227,-12.70184],[45.06244,-12.70172],[45.06279,-12.70156],[45.06319,-12.70132],[45.06365,-12.70098],[45.064,-12.70055],[45.06416,-12.70023],[45.06438,-12.70023],[45.06474,-12.70013],[45.06512,-12.70032],[45.06531,-12.70026],[45.06601,-12.70014],[45.06628,-12.69998],[45.06679,-12.69952],[45.067,-12.69921],[45.06731,-12.69899],[45.06736,-12.69878],[45.06747,-12.6986],[45.06773,-12.69833],[45.06798,-12.69803],[45.06846,-12.69757],[45.06878,-12.69724],[45.06926,-12.69659],[45.0693,-12.69618],[45.06917,-12.69587],[45.0688,-12.69556],[45.06856,-12.6954],[45.06825,-12.69531],[45.06824,-12.69515],[45.06806,-12.69469],[45.06794,-12.69452],[45.06747,-12.69436],[45.06736,-12.69412],[45.06742,-12.69385],[45.06758,-12.69391],[45.06778,-12.69388],[45.06797,-12.69392],[45.06901,-12.69448],[45.06912,-12.69487],[45.06923,-12.69502],[45.06967,-12.69527],[45.06998,-12.69522],[45.07033,-12.69504],[45.07058,-12.69479],[45.07094,-12.69423],[45.07107,-12.69396],[45.0712,-12.69381],[45.07154,-12.69308],[45.07165,-12.69291],[45.07172,-12.69253],[45.07192,-12.69239],[45.07225,-12.69225],[45.07264,-12.69188],[45.07287,-12.6914],[45.07305,-12.69068],[45.07334,-12.69031],[45.07341,-12.69015],[45.07349,-12.68949],[45.07354,-12.68792],[45.07352,-12.68756],[45.0734,-12.68694],[45.07332,-12.68639],[45.07321,-12.68596],[45.07304,-12.68552],[45.07286,-12.68529],[45.07258,-12.68507],[45.07248,-12.68508],[45.07219,-12.68481],[45.07176,-12.68455],[45.07138,-12.68407],[45.07111,-12.6839],[45.07085,-12.68364],[45.07067,-12.68352],[45.0703,-12.6835],[45.06993,-12.68358],[45.0696,-12.68379],[45.06927,-12.68394],[45.06908,-12.68397],[45.06876,-12.68392],[45.06839,-12.6836],[45.06814,-12.68344],[45.06778,-12.68311],[45.06747,-12.68306],[45.06731,-12.68273],[45.06706,-12.68253],[45.06692,-12.68233],[45.0667,-12.68228],[45.06666,-12.68196],[45.06656,-12.68173],[45.06633,-12.68166],[45.06646,-12.68151],[45.06643,-12.68132],[45.06655,-12.68108],[45.06681,-12.68095],[45.06702,-12.68101],[45.06703,-12.68116],[45.06722,-12.68124],[45.06774,-12.68162],[45.0681,-12.6817],[45.06867,-12.68172],[45.06943,-12.68191],[45.06986,-12.68217],[45.07017,-12.68239],[45.07078,-12.68266],[45.07153,-12.68297],[45.07204,-12.6831],[45.07245,-12.68331],[45.07273,-12.68337],[45.07287,-12.68347],[45.07319,-12.6835],[45.07414,-12.68349],[45.0748,-12.68343],[45.0756,-12.68322],[45.07582,-12.68309],[45.07591,-12.68324],[45.07607,-12.68367],[45.0766,-12.68368],[45.07705,-12.68364],[45.07749,-12.68356],[45.07812,-12.68328],[45.07838,-12.68319],[45.07968,-12.68244],[45.08,-12.6822],[45.08046,-12.6818],[45.08093,-12.68148],[45.08111,-12.68145],[45.08118,-12.68129],[45.08206,-12.68064],[45.08223,-12.68035],[45.08231,-12.68004],[45.08285,-12.67965],[45.08326,-12.67914],[45.08338,-12.67884],[45.08333,-12.67856],[45.08312,-12.67794],[45.08293,-12.67776],[45.08297,-12.6774],[45.08285,-12.67712],[45.08285,-12.67668],[45.08263,-12.67625],[45.08224,-12.67584],[45.08234,-12.6757],[45.08219,-12.67549],[45.08222,-12.67532],[45.08194,-12.67498],[45.0821,-12.67488],[45.0822,-12.67458],[45.08204,-12.67407],[45.08231,-12.67409],[45.08246,-12.67396],[45.08273,-12.67347],[45.08275,-12.67318],[45.08257,-12.67277],[45.08243,-12.67252],[45.08247,-12.6723],[45.08228,-12.67183],[45.08248,-12.67158],[45.08258,-12.67133],[45.08256,-12.67116],[45.0832,-12.67078],[45.0834,-12.67095],[45.08359,-12.67099],[45.0839,-12.67095],[45.08418,-12.67108],[45.08446,-12.67098],[45.08469,-12.67085],[45.0852,-12.67043],[45.08558,-12.66996],[45.08565,-12.66971],[45.08556,-12.66952],[45.08563,-12.66934],[45.08562,-12.66909],[45.08554,-12.66898],[45.0853,-12.66887],[45.08526,-12.66878],[45.08531,-12.66847],[45.08546,-12.66799],[45.08545,-12.66784],[45.08564,-12.66771],[45.08566,-12.66756],[45.08546,-12.66703],[45.08556,-12.66679],[45.08601,-12.66637],[45.08624,-12.6663],[45.08652,-12.66639],[45.08689,-12.66633],[45.08723,-12.66649],[45.08768,-12.66649],[45.08811,-12.66625],[45.08836,-12.66621],[45.08882,-12.66606],[45.08933,-12.66585],[45.08941,-12.66574],[45.08995,-12.66556],[45.0901,-12.66566],[45.09064,-12.66538],[45.09081,-12.66533],[45.09115,-12.66509],[45.09145,-12.66493],[45.09157,-12.66481],[45.09154,-12.66461],[45.09168,-12.66458],[45.09215,-12.66432],[45.0924,-12.66412],[45.09272,-12.66366],[45.09322,-12.66303],[45.09338,-12.66275],[45.09351,-12.6624],[45.09355,-12.66199],[45.09344,-12.66169],[45.09357,-12.66128],[45.09366,-12.66056],[45.09354,-12.66045],[45.09351,-12.66018],[45.09342,-12.65998],[45.09321,-12.6597],[45.09293,-12.65945],[45.09269,-12.65905],[45.0926,-12.65866],[45.09268,-12.65811],[45.09284,-12.65787],[45.09263,-12.65749],[45.09262,-12.65724],[45.09276,-12.65729],[45.09317,-12.65764],[45.09338,-12.658],[45.09353,-12.65804],[45.09374,-12.65835],[45.09442,-12.65862],[45.09452,-12.65859],[45.09471,-12.65872],[45.09496,-12.65865],[45.09505,-12.65876],[45.09527,-12.65887],[45.0962,-12.6589],[45.09663,-12.65885],[45.09688,-12.65876],[45.09752,-12.65838],[45.09837,-12.65798],[45.09867,-12.65758],[45.09868,-12.65741],[45.09884,-12.65722],[45.09914,-12.65699],[45.09988,-12.6568],[45.10042,-12.65659],[45.10056,-12.65662],[45.10083,-12.65653],[45.10101,-12.6563],[45.1011,-12.65598],[45.10152,-12.6559],[45.10182,-12.6557],[45.10193,-12.65536],[45.10209,-12.6552],[45.10216,-12.65483],[45.1021,-12.65454],[45.10226,-12.65441],[45.1025,-12.65434],[45.10256,-12.65422],[45.103,-12.65399],[45.10332,-12.65379],[45.10339,-12.65361],[45.10361,-12.65352],[45.10381,-12.65287],[45.10378,-12.65262],[45.10367,-12.65251],[45.10413,-12.65195],[45.10437,-12.65195],[45.10451,-12.65187],[45.10487,-12.65131],[45.10491,-12.65081],[45.10501,-12.65074],[45.10515,-12.65087],[45.10509,-12.65109],[45.1054,-12.65129],[45.10558,-12.65126],[45.10581,-12.6515],[45.10599,-12.65149],[45.10628,-12.65164],[45.10655,-12.65211],[45.10691,-12.65233],[45.1071,-12.65275],[45.1069,-12.65285],[45.10669,-12.65304],[45.10622,-12.65306],[45.10576,-12.65338],[45.10524,-12.65392],[45.10496,-12.65394],[45.10483,-12.65417],[45.1046,-12.65417],[45.10429,-12.65427],[45.10356,-12.65465],[45.10341,-12.65485],[45.10304,-12.65568],[45.10297,-12.65611],[45.10276,-12.65632],[45.10256,-12.65661],[45.10246,-12.6571],[45.10252,-12.65728],[45.10266,-12.65749],[45.10276,-12.6579],[45.10244,-12.65825],[45.1024,-12.65839],[45.10215,-12.65871],[45.10223,-12.65896],[45.10212,-12.65927],[45.10213,-12.65948],[45.10221,-12.65972],[45.10235,-12.65992],[45.10241,-12.66032],[45.10255,-12.66051],[45.10329,-12.66089],[45.10344,-12.66106],[45.10363,-12.66116],[45.10404,-12.66126],[45.10428,-12.6616],[45.10468,-12.66168],[45.10501,-12.66194],[45.10521,-12.66194],[45.10558,-12.66178],[45.10561,-12.66193],[45.10542,-12.6623],[45.10504,-12.66234],[45.10483,-12.66248],[45.10453,-12.66248],[45.10437,-12.66268],[45.10414,-12.66256],[45.10383,-12.66258],[45.10355,-12.66244],[45.10251,-12.66249],[45.10232,-12.66255],[45.10161,-12.66252],[45.10136,-12.66263],[45.10111,-12.66268],[45.10041,-12.66294],[45.10009,-12.66309],[45.09994,-12.66325],[45.09919,-12.66349],[45.09908,-12.66349],[45.09848,-12.6637],[45.09772,-12.66402],[45.09743,-12.66419],[45.09671,-12.66447],[45.09639,-12.66454],[45.09569,-12.66485],[45.09548,-12.66488],[45.09491,-12.66504],[45.094,-12.6655],[45.09346,-12.66582],[45.09265,-12.66647],[45.09241,-12.66669],[45.09198,-12.66699],[45.09155,-12.66722],[45.09109,-12.66735],[45.09059,-12.66736],[45.0901,-12.66744],[45.08988,-12.66751],[45.08968,-12.66766],[45.08926,-12.66829],[45.08908,-12.66836],[45.08873,-12.66863],[45.08842,-12.66912],[45.08819,-12.66981],[45.08825,-12.67017],[45.08833,-12.67039],[45.08843,-12.67039],[45.08848,-12.6707],[45.08863,-12.67106],[45.08878,-12.67128],[45.08925,-12.67133],[45.08943,-12.67143],[45.08971,-12.67175],[45.08979,-12.6719],[45.0902,-12.67216],[45.0903,-12.67238],[45.09076,-12.67246],[45.09154,-12.67247],[45.09179,-12.67235],[45.09232,-12.67217],[45.0928,-12.67215],[45.09349,-12.67228],[45.09403,-12.67244],[45.09474,-12.67258],[45.09504,-12.67267],[45.09565,-12.67272],[45.09653,-12.67282],[45.09705,-12.67294],[45.09741,-12.67313],[45.09748,-12.67321],[45.09738,-12.67364],[45.09714,-12.67405],[45.09716,-12.67423],[45.09727,-12.67447],[45.09757,-12.67494],[45.09802,-12.67528],[45.09865,-12.67552],[45.09924,-12.67561],[45.09975,-12.67554],[45.10006,-12.67545],[45.10126,-12.67557],[45.10146,-12.67571],[45.10157,-12.67588],[45.10192,-12.67632],[45.10244,-12.67668],[45.10264,-12.67675],[45.10314,-12.67675],[45.10344,-12.67667],[45.1037,-12.67655],[45.10401,-12.67646],[45.1046,-12.67642],[45.10479,-12.67655],[45.10484,-12.67673],[45.10464,-12.6767],[45.10455,-12.67682],[45.10435,-12.67689],[45.10416,-12.67705],[45.10394,-12.67756],[45.10361,-12.67793],[45.1031,-12.67896],[45.10295,-12.67922],[45.10282,-12.67923],[45.10182,-12.67982],[45.10098,-12.68006],[45.10105,-12.68013],[45.101,-12.68044],[45.10101,-12.68064],[45.10113,-12.68095],[45.10136,-12.68133],[45.10151,-12.68172],[45.10153,-12.68205],[45.10163,-12.68228],[45.10177,-12.68244],[45.1018,-12.68265],[45.10214,-12.68317],[45.10265,-12.68358],[45.10305,-12.68359],[45.10343,-12.68354],[45.1038,-12.68341],[45.1046,-12.68349],[45.10524,-12.68323],[45.10557,-12.68323],[45.10603,-12.68329],[45.10666,-12.68311],[45.107,-12.68289],[45.10724,-12.68279],[45.10745,-12.68281],[45.10806,-12.68299],[45.10825,-12.68325],[45.1083,-12.68407],[45.10851,-12.68478],[45.10874,-12.68524],[45.10896,-12.68572],[45.10933,-12.68597],[45.10966,-12.68599],[45.11034,-12.68592],[45.11058,-12.68596],[45.1108,-12.68606],[45.1113,-12.68612],[45.11141,-12.68618],[45.11196,-12.68617],[45.11216,-12.68629],[45.11221,-12.68657],[45.11254,-12.68702],[45.11325,-12.68771],[45.11359,-12.68801],[45.11376,-12.68825],[45.11368,-12.6885],[45.11343,-12.68853],[45.11318,-12.68849],[45.11282,-12.68853],[45.11236,-12.68844],[45.11198,-12.68849],[45.11159,-12.68873],[45.11146,-12.68874],[45.11131,-12.68905],[45.11131,-12.68926],[45.1112,-12.68978],[45.11102,-12.68994],[45.11114,-12.6901],[45.11118,-12.69056],[45.11115,-12.6908],[45.11122,-12.69123],[45.11131,-12.69138],[45.11166,-12.69175],[45.11168,-12.69195],[45.11159,-12.69221],[45.11175,-12.69254],[45.11205,-12.69283],[45.11218,-12.69316],[45.1123,-12.69331],[45.11308,-12.69409],[45.11326,-12.69451],[45.11351,-12.69491],[45.11415,-12.69537],[45.11427,-12.69554],[45.11456,-12.69577],[45.11489,-12.69593],[45.11541,-12.69597],[45.1158,-12.6961],[45.11633,-12.69618],[45.11692,-12.69618],[45.11737,-12.69643],[45.11801,-12.69703],[45.11849,-12.69729],[45.11908,-12.69742],[45.11981,-12.69789],[45.12003,-12.69823],[45.12022,-12.69839],[45.12047,-12.69851],[45.12153,-12.69886],[45.122,-12.69906],[45.12306,-12.69946],[45.12338,-12.6997],[45.1239,-12.70002],[45.12428,-12.70011],[45.12486,-12.70034],[45.12596,-12.70094],[45.12641,-12.70115],[45.1271,-12.70135],[45.12773,-12.7014],[45.12827,-12.70138],[45.12895,-12.70127],[45.12923,-12.7011],[45.1297,-12.70058],[45.12984,-12.70036],[45.13027,-12.70047],[45.13052,-12.70045],[45.13056,-12.70058],[45.13047,-12.70132],[45.13046,-12.70211],[45.13054,-12.70258],[45.13051,-12.70317],[45.13061,-12.70375],[45.13069,-12.70392],[45.13056,-12.70403],[45.13022,-12.70394],[45.12962,-12.70387],[45.12917,-12.70396],[45.12895,-12.70383],[45.1287,-12.70349],[45.12844,-12.70329],[45.12834,-12.70307],[45.12747,-12.7028],[45.12716,-12.70256],[45.1267,-12.70244],[45.12621,-12.70224],[45.12594,-12.70217],[45.1258,-12.70242],[45.12539,-12.70274],[45.12504,-12.70288],[45.12492,-12.70311],[45.12484,-12.70342],[45.12431,-12.70391],[45.124,-12.7045],[45.12361,-12.70505],[45.12342,-12.70537],[45.12313,-12.70521],[45.12296,-12.70526],[45.12274,-12.70545],[45.12261,-12.7057],[45.12261,-12.70601],[45.12273,-12.70629],[45.12294,-12.70627],[45.1232,-12.70596],[45.12322,-12.70568],[45.1234,-12.70559],[45.12328,-12.70646],[45.1233,-12.70662],[45.12323,-12.70718],[45.12322,-12.70751],[45.12336,-12.70757],[45.12344,-12.70775],[45.12341,-12.70795],[45.12344,-12.70829],[45.12356,-12.70907],[45.12348,-12.70924],[45.12357,-12.70945],[45.12369,-12.71018],[45.12378,-12.71049],[45.12404,-12.71113],[45.12427,-12.71154],[45.12445,-12.71172],[45.12494,-12.71206],[45.12545,-12.71225],[45.12596,-12.71221],[45.12633,-12.71237],[45.12674,-12.71262],[45.12692,-12.7128],[45.1272,-12.71317],[45.12768,-12.71393],[45.12794,-12.71422],[45.12822,-12.71444],[45.12877,-12.71483],[45.12936,-12.71516],[45.12954,-12.71541],[45.12956,-12.71591],[45.12968,-12.71643],[45.1298,-12.71661],[45.12997,-12.71711],[45.12998,-12.71728],[45.13016,-12.71764],[45.13015,-12.71802],[45.13008,-12.71818],[45.12978,-12.7184],[45.12971,-12.71876],[45.12939,-12.71897],[45.12926,-12.71925],[45.12925,-12.71962],[45.12941,-12.72003],[45.13002,-12.72094],[45.13051,-12.72156],[45.13083,-12.72183],[45.13157,-12.72108],[45.1316,-12.72111],[45.13084,-12.7219],[45.13078,-12.72202],[45.13085,-12.72225],[45.13063,-12.72235],[45.1305,-12.72218],[45.13008,-12.72227],[45.12989,-12.72225],[45.12922,-12.7224],[45.12864,-12.72266],[45.12825,-12.7227],[45.12796,-12.72279],[45.12762,-12.72302],[45.12754,-12.72327],[45.12733,-12.72333],[45.12709,-12.72314],[45.12673,-12.72296],[45.1263,-12.72301],[45.12581,-12.72319],[45.12521,-12.72353],[45.12506,-12.72352],[45.1247,-12.72326],[45.12426,-12.72303],[45.12402,-12.72298],[45.12352,-12.72303],[45.12299,-12.72303],[45.12264,-12.72292],[45.12246,-12.72295],[45.1222,-12.7231],[45.12209,-12.72306],[45.12198,-12.72284],[45.12179,-12.72273],[45.12163,-12.72276],[45.12148,-12.72288],[45.12145,-12.72317],[45.1217,-12.72286],[45.12187,-12.72285],[45.12201,-12.72314],[45.12228,-12.72322],[45.12256,-12.72306],[45.12271,-12.72305],[45.12294,-12.72318],[45.12317,-12.7232],[45.12362,-12.72316],[45.1241,-12.72316],[45.12446,-12.72328],[45.12475,-12.7235],[45.12499,-12.72373],[45.12517,-12.72382],[45.12538,-12.72379],[45.12611,-12.72331],[45.1264,-12.72318],[45.12665,-12.72317],[45.12726,-12.72356],[45.12755,-12.72379],[45.1275,-12.724],[45.12731,-12.72405],[45.12687,-12.72396],[45.1266,-12.72399],[45.1263,-12.72409],[45.12614,-12.72421],[45.12605,-12.72439],[45.12605,-12.72494],[45.12616,-12.72527],[45.12613,-12.72555],[45.12594,-12.72582],[45.12591,-12.72619],[45.12597,-12.72632],[45.12544,-12.72734],[45.12566,-12.72744],[45.12645,-12.72767],[45.12677,-12.72774],[45.12806,-12.72784],[45.12838,-12.72783],[45.12877,-12.72769],[45.12895,-12.72748],[45.12925,-12.72735],[45.12958,-12.72747],[45.12977,-12.72791],[45.12988,-12.72836],[45.1302,-12.72877],[45.13029,-12.72895],[45.13032,-12.72917],[45.13029,-12.72965],[45.13045,-12.73005],[45.13059,-12.73062],[45.13073,-12.73087],[45.13097,-12.73095],[45.13119,-12.73069],[45.13149,-12.73043],[45.13188,-12.72992],[45.13207,-12.72972],[45.13232,-12.72965],[45.13247,-12.72973],[45.13333,-12.73062],[45.13351,-12.73085],[45.13376,-12.73131],[45.134,-12.73147],[45.1344,-12.73144],[45.13459,-12.73113],[45.13492,-12.73108],[45.13547,-12.73084],[45.13598,-12.73072],[45.13622,-12.73071],[45.13653,-12.73076],[45.13688,-12.731],[45.13701,-12.73102],[45.13745,-12.73081],[45.1377,-12.73087],[45.13777,-12.73153],[45.13737,-12.73189],[45.13747,-12.73247],[45.13741,-12.73267],[45.1375,-12.73294],[45.13766,-12.73304],[45.13796,-12.73302],[45.1382,-12.73293],[45.13839,-12.73275],[45.13849,-12.73256],[45.13869,-12.73259],[45.13885,-12.7331],[45.13896,-12.73324],[45.13913,-12.73328],[45.13938,-12.73327],[45.13956,-12.73314],[45.13978,-12.73315],[45.13988,-12.73348],[45.13944,-12.73386],[45.13951,-12.73408],[45.13969,-12.73411],[45.13988,-12.73448],[45.1401,-12.7346],[45.14027,-12.73447],[45.14068,-12.7345],[45.14032,-12.73427],[45.14007,-12.73443],[45.13992,-12.73433],[45.13973,-12.73392],[45.13981,-12.73376],[45.13995,-12.73372],[45.14002,-12.73353],[45.13997,-12.73321],[45.13977,-12.73301],[45.13945,-12.73306],[45.1392,-12.73318],[45.13902,-12.73316],[45.139,-12.73281],[45.13891,-12.73257],[45.13864,-12.73238],[45.13843,-12.73242],[45.13819,-12.73276],[45.13807,-12.73285],[45.13782,-12.73286],[45.13762,-12.73276],[45.13758,-12.73258],[45.13766,-12.73234],[45.13764,-12.73196],[45.13794,-12.73157],[45.13804,-12.73161],[45.1381,-12.73199],[45.13856,-12.73189],[45.139,-12.73218],[45.13941,-12.7326],[45.13966,-12.73262],[45.14002,-12.73277],[45.1403,-12.73308],[45.14065,-12.73296],[45.14128,-12.7331],[45.14169,-12.73345],[45.14201,-12.73362],[45.14216,-12.73339],[45.14229,-12.73331],[45.14242,-12.73309],[45.14237,-12.73277],[45.14264,-12.7326],[45.14266,-12.73231],[45.14326,-12.73201],[45.14398,-12.73203],[45.14426,-12.73191],[45.14418,-12.73151],[45.14432,-12.73132],[45.14438,-12.73107],[45.14409,-12.73055],[45.14384,-12.72991],[45.14374,-12.72979],[45.14362,-12.72948],[45.14353,-12.72936],[45.14318,-12.7291],[45.1426,-12.72914],[45.14236,-12.72925],[45.142,-12.72924],[45.14185,-12.7292],[45.14124,-12.72934],[45.14051,-12.72914],[45.14037,-12.72899],[45.14044,-12.72887],[45.14066,-12.72873],[45.14077,-12.72852],[45.14084,-12.72813],[45.14093,-12.7279],[45.14121,-12.72788],[45.14179,-12.72807],[45.14232,-12.72813],[45.14288,-12.72837],[45.14307,-12.72839],[45.14374,-12.72853],[45.14417,-12.72858],[45.14507,-12.72861],[45.14522,-12.72855],[45.14526,-12.72838],[45.14541,-12.7282],[45.14561,-12.72828],[45.14603,-12.72816],[45.14635,-12.72799],[45.14654,-12.72798],[45.14681,-12.72816],[45.14695,-12.72833],[45.14739,-12.72845],[45.14755,-12.72845],[45.14787,-12.72817],[45.148,-12.72814],[45.1483,-12.72827],[45.14873,-12.72853],[45.1492,-12.72858],[45.14956,-12.7288],[45.14997,-12.72898],[45.15073,-12.72921],[45.1508,-12.7294],[45.15068,-12.72947],[45.15065,-12.72966],[45.15036,-12.7299],[45.15036,-12.7301],[45.15027,-12.73016],[45.15024,-12.73051],[45.15009,-12.7306],[45.14998,-12.73076],[45.14995,-12.73098],[45.1501,-12.73135],[45.15006,-12.73162],[45.14995,-12.73195],[45.14992,-12.73231],[45.15004,-12.73253],[45.15005,-12.73267],[45.15021,-12.73282],[45.15031,-12.73303],[45.15026,-12.73336],[45.15031,-12.73363],[45.1506,-12.73412],[45.15056,-12.73436],[45.15066,-12.73459],[45.15098,-12.73482],[45.15147,-12.73511],[45.15176,-12.73525],[45.15271,-12.73557],[45.15289,-12.73556],[45.15323,-12.73572],[45.15335,-12.73585],[45.15327,-12.73611],[45.15375,-12.7367],[45.15411,-12.73671],[45.15483,-12.73668],[45.1554,-12.73621],[45.15588,-12.7362],[45.15627,-12.73589],[45.15667,-12.73563],[45.15723,-12.73542],[45.15742,-12.73543],[45.15786,-12.73515],[45.15815,-12.7351],[45.15862,-12.73458],[45.15878,-12.73448],[45.15911,-12.73401],[45.15918,-12.73382],[45.15956,-12.73323],[45.15969,-12.73307],[45.15994,-12.73267],[45.16035,-12.7324],[45.16045,-12.73239],[45.161,-12.73251],[45.16136,-12.73236],[45.1614,-12.73249],[45.16161,-12.73245],[45.16154,-12.73228],[45.16127,-12.73214],[45.16121,-12.73167],[45.16136,-12.73141],[45.1616,-12.73125],[45.16205,-12.73107],[45.16215,-12.73092],[45.16215,-12.73074],[45.16208,-12.73035],[45.16214,-12.73017],[45.16201,-12.72965],[45.16177,-12.72931],[45.16159,-12.72888],[45.16151,-12.72844],[45.16166,-12.72821],[45.16151,-12.72787],[45.16197,-12.72771],[45.16251,-12.72746],[45.16263,-12.72737],[45.1628,-12.72709],[45.16298,-12.72689],[45.16318,-12.72697],[45.16343,-12.72697],[45.16394,-12.72678],[45.16453,-12.72644],[45.16479,-12.72622],[45.16504,-12.72609],[45.16549,-12.72566],[45.1655,-12.72555],[45.16505,-12.72548],[45.16482,-12.72541],[45.16426,-12.72531],[45.16415,-12.72524],[45.16358,-12.72436],[45.16349,-12.72418],[45.16338,-12.72348],[45.16352,-12.72306],[45.16553,-12.72344],[45.16548,-12.7237],[45.16559,-12.72377],[45.16561,-12.72408],[45.16568,-12.72417],[45.16666,-12.72435],[45.16676,-12.72433],[45.16697,-12.72338],[45.16721,-12.72204],[45.16721,-12.72191],[45.16693,-12.7218],[45.16653,-12.72159],[45.16632,-12.72154],[45.16501,-12.72131],[45.16482,-12.72162],[45.16469,-12.72159],[45.16482,-12.72122],[45.16473,-12.72118],[45.16454,-12.72093],[45.16439,-12.72082],[45.16421,-12.72093],[45.16361,-12.71991],[45.16381,-12.7198],[45.16378,-12.71971],[45.16395,-12.71953],[45.1645,-12.71923],[45.16464,-12.71902],[45.16487,-12.71881],[45.1652,-12.71861],[45.16543,-12.71836],[45.16558,-12.71811],[45.16551,-12.7179],[45.1656,-12.71769],[45.16589,-12.71749],[45.1662,-12.71753],[45.1664,-12.71772],[45.16702,-12.71865],[45.16726,-12.71896],[45.16811,-12.72021],[45.16833,-12.72051],[45.16896,-12.72144],[45.16917,-12.72183],[45.16981,-12.72261],[45.17009,-12.72305],[45.17014,-12.72325],[45.1698,-12.72346],[45.16999,-12.72413],[45.16997,-12.72434],[45.16971,-12.72512],[45.16979,-12.7254],[45.17003,-12.72575],[45.17075,-12.72615],[45.17135,-12.72637],[45.17147,-12.72647],[45.17156,-12.72686],[45.17185,-12.72698],[45.17212,-12.72722],[45.17244,-12.72738],[45.17261,-12.72739],[45.1731,-12.72723],[45.17328,-12.72727],[45.17365,-12.72763],[45.17382,-12.72798],[45.17419,-12.72839],[45.17453,-12.72862],[45.17498,-12.72874],[45.17523,-12.72898],[45.17549,-12.72906],[45.17602,-12.72916],[45.17622,-12.72925],[45.17648,-12.7295],[45.17653,-12.72986],[45.17663,-12.73007],[45.17679,-12.73014],[45.17743,-12.73013],[45.17784,-12.73016],[45.17825,-12.73024],[45.17886,-12.73044],[45.17932,-12.73045],[45.17955,-12.73031],[45.18029,-12.72975],[45.18041,-12.72957],[45.18029,-12.72906],[45.18029,-12.72879],[45.18062,-12.72887],[45.18124,-12.72881],[45.18158,-12.72863],[45.18156,-12.72814],[45.18176,-12.72807],[45.18195,-12.72777],[45.1823,-12.72771],[45.18243,-12.72761],[45.18257,-12.72723],[45.18269,-12.72712],[45.18322,-12.72692],[45.18387,-12.72705],[45.18405,-12.72704],[45.18466,-12.72719],[45.18506,-12.72726],[45.18524,-12.72751],[45.18524,-12.72797],[45.18528,-12.72883],[45.18538,-12.7291],[45.1857,-12.72939],[45.186,-12.72953],[45.18639,-12.72962],[45.1866,-12.72955],[45.18694,-12.72951],[45.18782,-12.72928],[45.18802,-12.72935],[45.18819,-12.72951],[45.18847,-12.72938],[45.18878,-12.72935],[45.18912,-12.72937],[45.18931,-12.72919],[45.18952,-12.72853],[45.18952,-12.72821],[45.18968,-12.72815],[45.18981,-12.72828],[45.18997,-12.72857],[45.19037,-12.7289],[45.19064,-12.729],[45.19102,-12.72922],[45.19128,-12.72931],[45.19179,-12.72939],[45.19217,-12.72936],[45.19247,-12.72915],[45.19268,-12.72922],[45.19274,-12.72953],[45.19263,-12.72986],[45.19271,-12.72998],[45.19301,-12.73019],[45.19339,-12.7303],[45.19356,-12.73042],[45.19376,-12.7307],[45.19419,-12.73075],[45.19457,-12.7309],[45.19532,-12.73104],[45.1962,-12.73112],[45.1963,-12.7312],[45.19648,-12.73095],[45.19646,-12.73084],[45.19677,-12.73044],[45.19686,-12.73044],[45.19712,-12.73024],[45.19726,-12.73037],[45.19755,-12.73039],[45.19788,-12.73015],[45.19813,-12.73011],[45.19824,-12.73028],[45.19827,-12.73074],[45.1984,-12.73088],[45.19875,-12.73101],[45.19939,-12.73106],[45.20055,-12.731],[45.20072,-12.73096],[45.20099,-12.73079],[45.2009,-12.73025],[45.20097,-12.73009],[45.2015,-12.72954],[45.20173,-12.72959],[45.20183,-12.72987],[45.20198,-12.73009],[45.2023,-12.73029],[45.20252,-12.73035],[45.203,-12.73042],[45.20332,-12.73039],[45.20367,-12.73025],[45.20392,-12.73021],[45.20414,-12.73053],[45.20448,-12.7308],[45.20491,-12.73099],[45.20511,-12.73103],[45.20552,-12.73096],[45.20572,-12.73111],[45.20564,-12.73147],[45.20571,-12.73168],[45.20573,-12.73204],[45.20579,-12.73217],[45.20616,-12.73226],[45.20645,-12.73246],[45.20677,-12.7325],[45.207,-12.73216],[45.20705,-12.73231],[45.20687,-12.73263],[45.20676,-12.73305],[45.20671,-12.7336],[45.2065,-12.73391],[45.20646,-12.73414],[45.20664,-12.73436],[45.20694,-12.73457],[45.20743,-12.73478],[45.20792,-12.7348],[45.20855,-12.7351],[45.20905,-12.73525],[45.20926,-12.73516],[45.2093,-12.73492],[45.20947,-12.73455],[45.20977,-12.73439],[45.20992,-12.7344],[45.21,-12.73455],[45.20998,-12.73477],[45.2097,-12.73517],[45.20985,-12.73535],[45.21028,-12.73554],[45.21079,-12.73557],[45.21102,-12.73562],[45.21138,-12.73562],[45.21152,-12.73552],[45.21165,-12.73508],[45.21194,-12.73489],[45.21208,-12.73466],[45.21212,-12.73429],[45.21204,-12.73422],[45.21213,-12.73398],[45.21236,-12.73393],[45.21243,-12.73376],[45.21289,-12.73331],[45.21287,-12.73293],[45.21266,-12.73255],[45.21276,-12.73242],[45.21297,-12.7324],[45.21312,-12.73225],[45.21335,-12.73219],[45.21358,-12.73232],[45.21361,-12.73247],[45.21377,-12.73247],[45.21391,-12.73233],[45.2142,-12.73244],[45.21406,-12.7327],[45.2141,-12.73309],[45.21436,-12.73322],[45.21452,-12.73337],[45.21452,-12.73355],[45.21437,-12.73365],[45.2143,-12.73382],[45.21412,-12.73407],[45.21396,-12.73408],[45.21383,-12.73432],[45.21384,-12.73452],[45.21376,-12.73465],[45.21381,-12.73485],[45.21381,-12.73522],[45.21394,-12.7354],[45.21372,-12.73582],[45.21373,-12.7359],[45.21347,-12.73609],[45.21325,-12.73632],[45.2129,-12.73658],[45.21252,-12.73678],[45.21222,-12.73698],[45.21187,-12.73731],[45.21185,-12.73759],[45.21189,-12.73778],[45.21177,-12.73813],[45.21176,-12.73834],[45.21188,-12.73873],[45.21205,-12.73903],[45.21235,-12.73943],[45.21274,-12.73978],[45.21306,-12.74055],[45.21329,-12.74087],[45.21355,-12.74105],[45.2146,-12.74167],[45.21519,-12.742],[45.21556,-12.74203],[45.21569,-12.74213],[45.21593,-12.74219],[45.21626,-12.74202],[45.21695,-12.74185],[45.21744,-12.74183],[45.21786,-12.74168],[45.21813,-12.74173],[45.21848,-12.74186],[45.21849,-12.74198],[45.21882,-12.74281],[45.21884,-12.743],[45.2187,-12.74314],[45.21899,-12.7432],[45.21945,-12.74356],[45.22003,-12.74395],[45.22107,-12.74445],[45.22144,-12.74446],[45.22168,-12.74455],[45.2221,-12.74463],[45.22227,-12.74459],[45.22246,-12.74445],[45.22283,-12.74434],[45.22348,-12.74435],[45.22362,-12.74438],[45.22434,-12.74436],[45.22457,-12.74423],[45.22468,-12.74375],[45.2249,-12.7434],[45.22504,-12.7433],[45.22527,-12.74339],[45.22545,-12.74363],[45.22566,-12.74365],[45.22602,-12.7441],[45.226,-12.74419],[45.2261,-12.74453],[45.22645,-12.74484],[45.22646,-12.74503],[45.22624,-12.74505],[45.22616,-12.74516],[45.22619,-12.74546],[45.22628,-12.74562],[45.22662,-12.74585],[45.22662,-12.74616],[45.22713,-12.74666],[45.22734,-12.7468],[45.22759,-12.74703],[45.22805,-12.7474],[45.22828,-12.74775],[45.22821,-12.74804],[45.22812,-12.74817],[45.2279,-12.74884],[45.22792,-12.74913],[45.22818,-12.74926],[45.22836,-12.74941],[45.22867,-12.74982],[45.22852,-12.74999],[45.22881,-12.75024],[45.2295,-12.75067],[45.22944,-12.75049],[45.22912,-12.75031],[45.22911,-12.75015],[45.22975,-12.75061],[45.22998,-12.7508],[45.23039,-12.75104],[45.23052,-12.75121],[45.23118,-12.75188],[45.23125,-12.75201],[45.23162,-12.75234],[45.23172,-12.7525],[45.2319,-12.75249],[45.23241,-12.75256],[45.23331,-12.75281],[45.23354,-12.75252],[45.23367,-12.75246],[45.23386,-12.75223],[45.23422,-12.75189],[45.23454,-12.7518],[45.23499,-12.75176],[45.23515,-12.7518],[45.23549,-12.75177],[45.23577,-12.75191],[45.23591,-12.75212],[45.23585,-12.75243],[45.23587,-12.75258],[45.23602,-12.75283],[45.23622,-12.75295],[45.23658,-12.75297],[45.23691,-12.75348],[45.23695,-12.75374],[45.23689,-12.75428],[45.23662,-12.75476],[45.23607,-12.75542],[45.23596,-12.75552],[45.23536,-12.75583],[45.23516,-12.75599],[45.23511,-12.75637],[45.23496,-12.75654],[45.23496,-12.75674],[45.23522,-12.75698],[45.23559,-12.75709],[45.23571,-12.75735],[45.2358,-12.75775],[45.23599,-12.75818],[45.23605,-12.75846],[45.2363,-12.75897],[45.23645,-12.7592],[45.23657,-12.75953],[45.23657,-12.75969],[45.23648,-12.75998],[45.23676,-12.76005],[45.23702,-12.76036],[45.23745,-12.76051],[45.23791,-12.7604],[45.2381,-12.76041],[45.23871,-12.76039],[45.23871,-12.7605],[45.23905,-12.76069],[45.23916,-12.7606],[45.23943,-12.76095],[45.23963,-12.76103],[45.23979,-12.76123],[45.23982,-12.76163],[45.2399,-12.76182],[45.23985,-12.762],[45.23991,-12.76219],[45.23991,-12.76266],[45.23972,-12.76296],[45.23954,-12.76309],[45.23917,-12.76318],[45.23894,-12.7633],[45.23859,-12.76332],[45.23821,-12.76327],[45.23779,-12.76316],[45.23713,-12.76359],[45.23674,-12.7639],[45.23647,-12.76419],[45.23621,-12.7644],[45.23598,-12.76468],[45.23578,-12.76522],[45.23579,-12.76549],[45.23588,-12.76582],[45.23602,-12.76604],[45.23617,-12.7661],[45.23616,-12.76663],[45.2362,-12.7669],[45.23618,-12.76711],[45.23601,-12.76732],[45.23583,-12.76765],[45.23573,-12.76796],[45.23557,-12.76814],[45.23504,-12.76915],[45.2348,-12.76968],[45.23466,-12.77042],[45.23464,-12.77068],[45.23469,-12.771],[45.23462,-12.77123],[45.23446,-12.77142],[45.23426,-12.77207],[45.23437,-12.77254],[45.23427,-12.77286],[45.23438,-12.77319],[45.23446,-12.7733],[45.23406,-12.7733],[45.23368,-12.77313],[45.23309,-12.77321],[45.23291,-12.77315],[45.23278,-12.77321],[45.23255,-12.77303],[45.23228,-12.77309],[45.23219,-12.77317],[45.2317,-12.7732],[45.23133,-12.77339],[45.23113,-12.7734],[45.23103,-12.77349],[45.23055,-12.77365],[45.2303,-12.77357],[45.23006,-12.77331],[45.22976,-12.77324],[45.2297,-12.77313],[45.22974,-12.77293],[45.22985,-12.77277],[45.23013,-12.77219],[45.23028,-12.77197],[45.23045,-12.77184],[45.23058,-12.7716],[45.23088,-12.77131],[45.23085,-12.77118],[45.23125,-12.7709],[45.23158,-12.77063],[45.23168,-12.77046],[45.23242,-12.76955],[45.23277,-12.76918],[45.23297,-12.76909],[45.2334,-12.76926],[45.23352,-12.76872],[45.23354,-12.76811],[45.23363,-12.76785],[45.23369,-12.76752],[45.23369,-12.76713],[45.2335,-12.76674],[45.23337,-12.7667],[45.23235,-12.76672],[45.23234,-12.76666],[45.23291,-12.76662],[45.23292,-12.76632],[45.23286,-12.766],[45.23214,-12.76411],[45.23187,-12.76349],[45.23162,-12.76303],[45.23137,-12.76268],[45.23096,-12.76227],[45.23073,-12.76211],[45.23035,-12.7621],[45.23006,-12.76226],[45.23,-12.76246],[45.2302,-12.76314],[45.23037,-12.76336],[45.23037,-12.7635],[45.23017,-12.76382],[45.23013,-12.76422],[45.2304,-12.76497],[45.23041,-12.7653],[45.23054,-12.76542],[45.23065,-12.76594],[45.23044,-12.76624],[45.23102,-12.76636],[45.23115,-12.76649],[45.2311,-12.7667],[45.23221,-12.76667],[45.23222,-12.76674],[45.23107,-12.76682],[45.23083,-12.76704],[45.23061,-12.76698],[45.23044,-12.76704],[45.23021,-12.76725],[45.23015,-12.76771],[45.23018,-12.76804],[45.23009,-12.76831],[45.22994,-12.76844],[45.22977,-12.7684],[45.22959,-12.76871],[45.22948,-12.76902],[45.22909,-12.76891],[45.22869,-12.76903],[45.22855,-12.76898],[45.22861,-12.76861],[45.2285,-12.76839],[45.22827,-12.76821],[45.22783,-12.76804],[45.22785,-12.7682],[45.22827,-12.76836],[45.22847,-12.76855],[45.22837,-12.76882],[45.22841,-12.769],[45.22856,-12.76917],[45.22882,-12.76919],[45.22905,-12.76909],[45.22938,-12.76922],[45.22945,-12.76944],[45.22936,-12.76965],[45.22916,-12.76981],[45.22916,-12.77005],[45.22908,-12.77022],[45.22854,-12.77053],[45.22803,-12.77055],[45.22775,-12.77038],[45.22758,-12.77011],[45.22737,-12.76996],[45.22717,-12.77009],[45.22709,-12.7703],[45.22724,-12.7705],[45.22742,-12.77057],[45.22765,-12.7708],[45.2276,-12.77095],[45.22733,-12.77096],[45.22719,-12.7711],[45.2271,-12.77138],[45.22696,-12.77138],[45.22702,-12.77168],[45.22697,-12.77198],[45.22703,-12.77211],[45.22728,-12.77226],[45.2277,-12.77266],[45.22768,-12.77296],[45.22742,-12.77325],[45.22748,-12.77379],[45.22739,-12.77407],[45.22718,-12.77422],[45.22689,-12.77431],[45.22656,-12.77429],[45.22628,-12.77418],[45.22604,-12.77392],[45.22581,-12.77395],[45.22564,-12.77427],[45.22563,-12.77446],[45.22591,-12.77455],[45.22611,-12.77474],[45.22634,-12.77486],[45.22658,-12.77508],[45.22684,-12.7751],[45.22715,-12.7753],[45.22724,-12.77555],[45.22742,-12.77565],[45.22779,-12.77554],[45.22803,-12.77538],[45.22815,-12.77521],[45.22841,-12.77512],[45.22869,-12.77488],[45.22883,-12.77471],[45.22899,-12.77467],[45.22984,-12.77474],[45.23017,-12.77492],[45.23062,-12.77539],[45.2309,-12.7755],[45.23118,-12.7755],[45.2315,-12.77538],[45.23184,-12.77544],[45.23201,-12.77566],[45.23208,-12.77591],[45.23231,-12.77601],[45.23367,-12.77615],[45.23339,-12.77668],[45.23334,-12.77684],[45.23337,-12.77704],[45.2335,-12.77707],[45.23354,-12.77726],[45.23341,-12.77735],[45.23339,-12.77767],[45.23327,-12.77785],[45.23272,-12.77788],[45.23259,-12.77801],[45.23263,-12.77813],[45.23258,-12.7786],[45.23264,-12.77879],[45.2325,-12.77886],[45.2327,-12.77918],[45.23297,-12.77907],[45.23305,-12.77925],[45.2328,-12.77936],[45.23289,-12.77954],[45.23283,-12.77973],[45.23353,-12.78049],[45.23384,-12.78077],[45.23448,-12.78127],[45.23474,-12.78143],[45.23518,-12.78176],[45.23536,-12.78179],[45.23557,-12.78166],[45.23587,-12.78133],[45.23602,-12.78142],[45.23628,-12.78138],[45.23645,-12.78126],[45.23695,-12.78124],[45.23707,-12.78134],[45.23747,-12.78136],[45.23781,-12.78152],[45.23814,-12.78185],[45.23828,-12.78205],[45.23819,-12.78234],[45.23827,-12.78287],[45.23818,-12.78303],[45.23819,-12.78318],[45.2381,-12.78335],[45.23819,-12.78342],[45.23796,-12.78384],[45.23809,-12.78401],[45.23796,-12.7842],[45.23803,-12.78444],[45.23791,-12.78482],[45.23771,-12.78464],[45.23763,-12.78466],[45.23769,-12.78498],[45.23755,-12.78521],[45.23709,-12.78568],[45.23697,-12.78566],[45.23665,-12.786],[45.23628,-12.78627],[45.23595,-12.7861],[45.23558,-12.78608],[45.23542,-12.78596],[45.23539,-12.78566],[45.23519,-12.78549],[45.23544,-12.78516],[45.23573,-12.78498],[45.23566,-12.78453],[45.23506,-12.784],[45.23486,-12.78355],[45.23473,-12.78335],[45.23433,-12.78326],[45.23392,-12.78337],[45.23242,-12.78386],[45.23158,-12.78412],[45.23133,-12.78413],[45.23057,-12.78403],[45.23026,-12.78401],[45.23021,-12.78415],[45.23058,-12.7843],[45.23066,-12.78461],[45.23042,-12.7848],[45.2302,-12.78525],[45.23022,-12.78566],[45.23032,-12.78582],[45.2303,-12.78604],[45.23053,-12.78627],[45.23084,-12.78632],[45.23072,-12.78652],[45.23056,-12.7865],[45.23029,-12.78631],[45.23023,-12.78613],[45.22995,-12.78605],[45.22978,-12.78609],[45.22973,-12.78594],[45.22935,-12.78585],[45.22891,-12.78592],[45.22857,-12.78617],[45.22765,-12.78617],[45.22748,-12.78593],[45.2267,-12.7866],[45.2265,-12.78673],[45.22645,-12.78689],[45.22602,-12.78717],[45.2257,-12.78719],[45.22561,-12.78772],[45.22552,-12.788],[45.22539,-12.78823],[45.22504,-12.78871],[45.22439,-12.78945],[45.22344,-12.79059],[45.22323,-12.79081],[45.22298,-12.79117],[45.22289,-12.7912],[45.2226,-12.7909],[45.22259,-12.7906],[45.22278,-12.79032],[45.22249,-12.79012],[45.22237,-12.78998],[45.22223,-12.78995],[45.22196,-12.79015],[45.22142,-12.78976],[45.22093,-12.78962],[45.22097,-12.78978],[45.2213,-12.78994],[45.22172,-12.79023],[45.22155,-12.79049],[45.22188,-12.79104],[45.22218,-12.79097],[45.22234,-12.79099],[45.22259,-12.79126],[45.22263,-12.79138],[45.22214,-12.79165],[45.22161,-12.79198],[45.22104,-12.7924],[45.2202,-12.79307],[45.219,-12.79397],[45.21879,-12.79416],[45.21847,-12.79454],[45.2182,-12.79474],[45.21804,-12.79479],[45.21774,-12.7948],[45.21698,-12.79469],[45.21691,-12.79488],[45.21675,-12.79502],[45.21641,-12.79488],[45.21637,-12.795],[45.21661,-12.79516],[45.21653,-12.79542],[45.21637,-12.79572],[45.21625,-12.79608],[45.21624,-12.79647],[45.21614,-12.79676],[45.21601,-12.79736],[45.21589,-12.79825],[45.21584,-12.79887],[45.21582,-12.79972],[45.21585,-12.79987],[45.21602,-12.8002],[45.21635,-12.80001],[45.21666,-12.79969],[45.21652,-12.80009],[45.21635,-12.80024],[45.21585,-12.80052],[45.21577,-12.80066],[45.21559,-12.80121],[45.21541,-12.80152],[45.21518,-12.80179],[45.21479,-12.80212],[45.21412,-12.80197],[45.21395,-12.80185],[45.21379,-12.80199],[45.21423,-12.80224],[45.21443,-12.8024],[45.21407,-12.80276],[45.21386,-12.80303],[45.21363,-12.80302],[45.21333,-12.80319],[45.21144,-12.80442],[45.21122,-12.80462],[45.21119,-12.80486],[45.21091,-12.80515],[45.21072,-12.80514],[45.21072,-12.80532],[45.21053,-12.80549],[45.21026,-12.80588],[45.21016,-12.80607],[45.21001,-12.80661],[45.20987,-12.80666],[45.20979,-12.80647],[45.20963,-12.80628],[45.20978,-12.80591],[45.21003,-12.80574],[45.21011,-12.8055],[45.21002,-12.80541],[45.20932,-12.80561],[45.20941,-12.80592],[45.20935,-12.80612],[45.20894,-12.80647],[45.20836,-12.80661],[45.20809,-12.80692],[45.20758,-12.80711],[45.20652,-12.80747],[45.20629,-12.8076],[45.20629,-12.80798],[45.20604,-12.80827],[45.20559,-12.80841],[45.20542,-12.80841],[45.20512,-12.80818],[45.2049,-12.80817],[45.20479,-12.80835],[45.20486,-12.80859],[45.20478,-12.80873],[45.20463,-12.8088],[45.20438,-12.80878],[45.20424,-12.8087],[45.20395,-12.80864],[45.20383,-12.80868],[45.20358,-12.809],[45.20359,-12.80918],[45.20381,-12.80946],[45.20375,-12.80954],[45.20324,-12.80942],[45.20311,-12.80952],[45.20304,-12.80969],[45.20322,-12.80972],[45.20378,-12.80989],[45.20399,-12.81023],[45.20349,-12.81002],[45.20309,-12.81015],[45.20308,-12.81039],[45.20334,-12.81076],[45.20328,-12.81107],[45.20351,-12.81135],[45.20355,-12.81167],[45.20364,-12.81193],[45.20361,-12.81201],[45.20383,-12.81254],[45.2042,-12.81279],[45.20425,-12.8129],[45.2045,-12.813],[45.20472,-12.81281],[45.20491,-12.8125],[45.205,-12.81223],[45.20518,-12.81233],[45.205,-12.81269],[45.20488,-12.81281],[45.20441,-12.8135],[45.20426,-12.81367],[45.20408,-12.81377],[45.20399,-12.81395],[45.20382,-12.81407],[45.20376,-12.81462],[45.20391,-12.81549],[45.20419,-12.81558],[45.20426,-12.81576],[45.20455,-12.81597],[45.20475,-12.81627],[45.20409,-12.81686],[45.20386,-12.81714],[45.20369,-12.81749],[45.20377,-12.81817],[45.2039,-12.81852],[45.20385,-12.81875],[45.20396,-12.81889],[45.20403,-12.81913],[45.20372,-12.81965],[45.20344,-12.81992],[45.20272,-12.82024],[45.20216,-12.82031],[45.20206,-12.82026],[45.20167,-12.82043],[45.20157,-12.82058],[45.20144,-12.82062],[45.20125,-12.8208],[45.20099,-12.82089],[45.20092,-12.82063],[45.20073,-12.8204],[45.20042,-12.82047],[45.20012,-12.82064],[45.19927,-12.82135],[45.19877,-12.8218],[45.19858,-12.8218],[45.19825,-12.82193],[45.19807,-12.8221],[45.19797,-12.8221],[45.19759,-12.82234],[45.19733,-12.8224],[45.19716,-12.82253],[45.19668,-12.82259],[45.1961,-12.82289],[45.196,-12.82301],[45.1957,-12.82313],[45.1954,-12.8235],[45.19499,-12.82412],[45.1948,-12.8241],[45.19464,-12.82425],[45.19428,-12.82494],[45.19405,-12.8255],[45.19387,-12.82586],[45.19366,-12.82635],[45.19337,-12.82684],[45.19309,-12.82749],[45.193,-12.82809],[45.19298,-12.8286],[45.19301,-12.82904],[45.19309,-12.82972],[45.19323,-12.83014],[45.19302,-12.83013],[45.19301,-12.82989],[45.19289,-12.82904],[45.19285,-12.82797],[45.1927,-12.82802],[45.19279,-12.82819],[45.19263,-12.82838],[45.19244,-12.82892],[45.19223,-12.82921],[45.19218,-12.82946],[45.19206,-12.82966],[45.19197,-12.82999],[45.19218,-12.83025],[45.19215,-12.83046],[45.19223,-12.83061],[45.19203,-12.83072],[45.19207,-12.831],[45.19223,-12.83104],[45.19212,-12.83137],[45.19235,-12.83142],[45.19261,-12.83128],[45.19284,-12.83083],[45.19297,-12.83038],[45.19304,-12.83039],[45.1929,-12.83089],[45.19295,-12.83111],[45.1931,-12.83112],[45.19351,-12.83101],[45.19385,-12.83084],[45.19417,-12.83086],[45.19434,-12.83101],[45.19446,-12.83095],[45.19484,-12.83105],[45.19517,-12.83107],[45.19541,-12.83113],[45.19564,-12.83099],[45.19579,-12.83099],[45.19638,-12.83068],[45.19688,-12.83051],[45.19702,-12.83049],[45.19752,-12.83055],[45.19773,-12.83064],[45.19776,-12.83076],[45.19758,-12.83109],[45.19739,-12.83118],[45.19722,-12.83137],[45.19695,-12.83177],[45.19677,-12.83218],[45.19651,-12.83297],[45.19639,-12.83315],[45.19604,-12.83333],[45.19558,-12.83366],[45.19517,-12.83387],[45.19493,-12.83411],[45.19457,-12.8343],[45.19419,-12.83443],[45.19414,-12.83435],[45.19378,-12.83448],[45.19362,-12.83462],[45.19332,-12.83519],[45.19293,-12.83585],[45.19271,-12.83631],[45.19255,-12.8365],[45.19231,-12.8367],[45.19202,-12.83684],[45.1911,-12.83705],[45.19079,-12.83707],[45.19035,-12.83715],[45.19021,-12.83721],[45.18997,-12.83743],[45.1898,-12.83781],[45.18972,-12.83814],[45.18956,-12.83843],[45.18931,-12.8386],[45.18891,-12.83866],[45.18837,-12.83862],[45.18762,-12.83846],[45.18729,-12.83842],[45.18701,-12.83834],[45.18662,-12.83835],[45.18581,-12.83829],[45.18548,-12.8383],[45.18521,-12.83842],[45.18516,-12.83851],[45.18564,-12.83895],[45.18606,-12.8395],[45.18609,-12.83998],[45.18599,-12.84057],[45.18586,-12.8407],[45.18584,-12.84089],[45.186,-12.84143],[45.18572,-12.84151],[45.18541,-12.84153],[45.18481,-12.84154],[45.18464,-12.84162],[45.18443,-12.84183],[45.1842,-12.84182],[45.18407,-12.84207],[45.1842,-12.84219],[45.18449,-12.84222],[45.18434,-12.84239],[45.18457,-12.84247],[45.18473,-12.84205],[45.18489,-12.84192],[45.18508,-12.84186],[45.18613,-12.84179],[45.18617,-12.84198],[45.18613,-12.84247],[45.18621,-12.84274],[45.18647,-12.84286],[45.1867,-12.84306],[45.18712,-12.84362],[45.18729,-12.8437],[45.18767,-12.8436],[45.1879,-12.84341],[45.18809,-12.8434],[45.18822,-12.84354],[45.18841,-12.84351],[45.18863,-12.84332],[45.18895,-12.84312],[45.18923,-12.84306],[45.18962,-12.84264],[45.18991,-12.8424],[45.19031,-12.84225],[45.1907,-12.84229],[45.1909,-12.84261],[45.19122,-12.84269],[45.1918,-12.84258],[45.19224,-12.84286],[45.19249,-12.84283],[45.19288,-12.84305],[45.19316,-12.84358],[45.19341,-12.84391],[45.19355,-12.84397],[45.19383,-12.84427],[45.19392,-12.84417],[45.19424,-12.84437],[45.19427,-12.84458],[45.19394,-12.84492],[45.19387,-12.84519],[45.19391,-12.84546],[45.19411,-12.84564],[45.1942,-12.84558],[45.19463,-12.84569],[45.19499,-12.84558],[45.19519,-12.84558],[45.19547,-12.84531],[45.19566,-12.84488],[45.19575,-12.84504],[45.19563,-12.8452],[45.19562,-12.84538],[45.19542,-12.84563],[45.19529,-12.84569],[45.19523,-12.84589],[45.19499,-12.846],[45.19478,-12.84657],[45.19461,-12.84765],[45.1946,-12.84803],[45.19462,-12.84855],[45.19489,-12.84967],[45.19532,-12.85016],[45.19546,-12.85029],[45.19584,-12.85049],[45.19618,-12.8509],[45.19629,-12.85133],[45.19657,-12.85148],[45.19668,-12.85189],[45.19689,-12.85316],[45.19678,-12.85316],[45.19666,-12.8537],[45.19666,-12.85386],[45.1968,-12.85416],[45.19717,-12.85476],[45.19759,-12.85505],[45.19784,-12.85505],[45.19801,-12.85548],[45.19848,-12.85575],[45.19863,-12.85558],[45.1989,-12.855],[45.19891,-12.85483],[45.1991,-12.85453],[45.19947,-12.85428],[45.19948,-12.8542],[45.19978,-12.85399],[45.20028,-12.85391],[45.20042,-12.85403],[45.20066,-12.85412],[45.20078,-12.85443],[45.20075,-12.85455],[45.20079,-12.85489],[45.20092,-12.85521],[45.20125,-12.85582],[45.20156,-12.85636],[45.20177,-12.85661],[45.20205,-12.8568],[45.20213,-12.85708],[45.20212,-12.85747],[45.20233,-12.85827],[45.20241,-12.8589],[45.20231,-12.85932],[45.20224,-12.85947],[45.20223,-12.85993],[45.20211,-12.86002],[45.20157,-12.86018],[45.2015,-12.86028],[45.20124,-12.86036],[45.20085,-12.86065],[45.20084,-12.86097],[45.20117,-12.8611],[45.2013,-12.86109],[45.20177,-12.86134],[45.20186,-12.86156],[45.20162,-12.86163],[45.20168,-12.86194],[45.20184,-12.86192],[45.20202,-12.86208],[45.2015,-12.86248],[45.20153,-12.86268],[45.20172,-12.86265],[45.20203,-12.86282],[45.20226,-12.86289],[45.20239,-12.86283],[45.20259,-12.86296],[45.2027,-12.86315],[45.20271,-12.86334],[45.20298,-12.86328],[45.2031,-12.86348],[45.20333,-12.86326],[45.20338,-12.86312],[45.20369,-12.86318],[45.2038,-12.86309],[45.20416,-12.86305],[45.20449,-12.86317],[45.20468,-12.86308],[45.20494,-12.86319],[45.20517,-12.863],[45.20529,-12.86258],[45.20539,-12.86243],[45.2056,-12.86264],[45.20591,-12.86287],[45.20658,-12.86362],[45.20685,-12.86366],[45.20734,-12.86347],[45.2076,-12.8634],[45.2083,-12.8637],[45.20873,-12.86359],[45.20901,-12.86321],[45.20929,-12.86313],[45.20977,-12.8626],[45.20983,-12.86243],[45.21009,-12.86235],[45.21039,-12.86246],[45.21089,-12.86255],[45.21132,-12.86269],[45.21159,-12.86269],[45.21244,-12.86299],[45.21256,-12.86324],[45.21276,-12.86353],[45.21277,-12.86381],[45.21252,-12.86399],[45.21226,-12.86428],[45.21217,-12.86447],[45.21192,-12.8648],[45.21162,-12.86504],[45.21144,-12.8653],[45.21116,-12.86592],[45.21085,-12.86707],[45.21075,-12.86758],[45.2104,-12.86829],[45.2101,-12.86866],[45.21002,-12.86888],[45.21013,-12.8693],[45.21041,-12.86989],[45.21152,-12.87126],[45.21191,-12.8717],[45.21213,-12.872],[45.21244,-12.87232],[45.21328,-12.87307],[45.21391,-12.87349],[45.21448,-12.87342],[45.21512,-12.87315],[45.21565,-12.87275],[45.21635,-12.87228],[45.21766,-12.87169],[45.21793,-12.87164],[45.21867,-12.87132],[45.21919,-12.87119],[45.22027,-12.87099],[45.22065,-12.87099],[45.22114,-12.87123],[45.22166,-12.87135],[45.22187,-12.87137],[45.2219,-12.87166],[45.22206,-12.8719],[45.22196,-12.87233],[45.22195,-12.8727],[45.22175,-12.87352],[45.22138,-12.87388],[45.22122,-12.87418],[45.22079,-12.8747],[45.22066,-12.87492],[45.22047,-12.87492],[45.22019,-12.87482],[45.21963,-12.87518],[45.21909,-12.87562],[45.21902,-12.87563],[45.21856,-12.87606],[45.2183,-12.87639],[45.21797,-12.8767],[45.21767,-12.87708],[45.2173,-12.87772],[45.21727,-12.87798],[45.21757,-12.87817],[45.21763,-12.8785],[45.21739,-12.87855],[45.21739,-12.87867],[45.21708,-12.87901],[45.21692,-12.87905],[45.21668,-12.87957],[45.21654,-12.88007],[45.21631,-12.8805],[45.21601,-12.88124],[45.21586,-12.88182],[45.21572,-12.88268],[45.21573,-12.88297],[45.21587,-12.88346],[45.21609,-12.8838],[45.21652,-12.88412],[45.21672,-12.88414],[45.21691,-12.8843],[45.21703,-12.88432],[45.21754,-12.88426],[45.21784,-12.88428],[45.2179,-12.88446],[45.2177,-12.88473],[45.21739,-12.88526],[45.21748,-12.88557],[45.21735,-12.88589],[45.2173,-12.88618],[45.21709,-12.88615],[45.2167,-12.88618],[45.21615,-12.88637],[45.21573,-12.88655],[45.21572,-12.88664],[45.2153,-12.88666],[45.21491,-12.88684],[45.2143,-12.88732],[45.21381,-12.88762],[45.21328,-12.88816],[45.21267,-12.8887],[45.21228,-12.88914],[45.21176,-12.88947],[45.21167,-12.8895],[45.21149,-12.88972],[45.21137,-12.89],[45.21127,-12.89007],[45.21114,-12.8904],[45.21121,-12.89058],[45.21147,-12.89069],[45.21151,-12.89087],[45.21101,-12.89105],[45.21083,-12.89139],[45.21044,-12.89134],[45.21019,-12.89135],[45.20993,-12.89145],[45.20882,-12.89207],[45.20855,-12.89236],[45.20824,-12.89234],[45.20809,-12.89227],[45.20733,-12.89252],[45.20704,-12.89278],[45.20687,-12.89298],[45.20655,-12.89301],[45.20584,-12.89326],[45.20565,-12.89326],[45.20529,-12.89297],[45.20504,-12.8929],[45.20476,-12.89298],[45.20457,-12.89312],[45.20427,-12.89323],[45.2042,-12.8934],[45.20354,-12.89399],[45.20331,-12.89411],[45.20284,-12.89457],[45.20237,-12.89459],[45.20177,-12.89482],[45.20122,-12.89488],[45.20093,-12.89495],[45.20069,-12.89514],[45.20049,-12.89517],[45.20028,-12.89532],[45.20002,-12.89568],[45.19977,-12.89593],[45.19938,-12.89611],[45.19896,-12.89609],[45.19873,-12.89595],[45.19841,-12.89607],[45.19819,-12.89682],[45.19795,-12.89717],[45.19744,-12.89769],[45.19723,-12.89768],[45.19674,-12.89744],[45.19605,-12.89731],[45.19584,-12.89743],[45.1958,-12.8976],[45.19592,-12.89778],[45.19593,-12.89796],[45.19607,-12.89797],[45.19631,-12.89785],[45.19641,-12.89769],[45.19676,-12.89778],[45.19698,-12.89775],[45.19727,-12.89787],[45.19726,-12.89831],[45.19742,-12.89869],[45.19741,-12.89911],[45.19717,-12.89935],[45.19672,-12.89999],[45.19652,-12.90044],[45.19636,-12.90069],[45.196,-12.90116],[45.19588,-12.90164],[45.19579,-12.90171],[45.19563,-12.90199],[45.19554,-12.90243],[45.19541,-12.90282],[45.19553,-12.90316],[45.19572,-12.90354],[45.19568,-12.9038],[45.19553,-12.90409],[45.19556,-12.90439],[45.1954,-12.90485],[45.19536,-12.90535],[45.19539,-12.90565],[45.19549,-12.90621],[45.19543,-12.90636],[45.19528,-12.90629],[45.19525,-12.90609],[45.19513,-12.90576],[45.19511,-12.90538],[45.1952,-12.90462],[45.19536,-12.90411],[45.19543,-12.90368],[45.19538,-12.90354],[45.195,-12.90367],[45.19484,-12.90402],[45.19463,-12.90434],[45.19448,-12.90468],[45.19451,-12.90484],[45.19434,-12.90504],[45.19414,-12.90512],[45.19401,-12.90535],[45.19386,-12.9054],[45.19346,-12.90519],[45.19313,-12.90543],[45.19246,-12.90576],[45.19251,-12.90603],[45.19273,-12.90619],[45.19292,-12.90652],[45.19292,-12.90683],[45.19302,-12.90685],[45.19316,-12.90704],[45.19339,-12.90719],[45.19357,-12.90743],[45.19377,-12.90755],[45.19412,-12.9076],[45.19458,-12.90777],[45.19471,-12.90786],[45.19487,-12.90785],[45.19554,-12.90794],[45.19577,-12.90795],[45.19571,-12.90757],[45.19579,-12.90744],[45.19602,-12.90742],[45.19609,-12.90749],[45.19624,-12.90826],[45.19629,-12.90933],[45.19624,-12.90954],[45.19588,-12.90955],[45.1957,-12.90951],[45.19515,-12.90951],[45.19497,-12.90963],[45.19474,-12.91018],[45.19481,-12.91026],[45.19505,-12.90984],[45.19522,-12.90974],[45.19547,-12.90971],[45.19592,-12.90982],[45.19618,-12.90992],[45.19655,-12.91031],[45.1966,-12.91046],[45.19656,-12.9107],[45.19635,-12.91127],[45.19629,-12.91161],[45.19631,-12.91183],[45.19661,-12.91243],[45.19665,-12.91261],[45.19669,-12.9131],[45.19683,-12.91328],[45.1969,-12.91359],[45.197,-12.91375],[45.1971,-12.91423],[45.19732,-12.91437],[45.19828,-12.91487],[45.1986,-12.91525],[45.19899,-12.91521],[45.19945,-12.91509],[45.20004,-12.91521],[45.20037,-12.9156],[45.20065,-12.91575],[45.20091,-12.91583],[45.20105,-12.91606],[45.2012,-12.91668],[45.20145,-12.91706],[45.20158,-12.91718],[45.20182,-12.91755],[45.20208,-12.91754],[45.20253,-12.91774],[45.2027,-12.91789],[45.20306,-12.91841],[45.20334,-12.91901],[45.20346,-12.91915],[45.20356,-12.91944],[45.20369,-12.91957],[45.20459,-12.92005],[45.20498,-12.92002],[45.205,-12.92014],[45.2048,-12.92024],[45.20456,-12.92011],[45.20426,-12.92014],[45.20357,-12.92052],[45.20333,-12.92047],[45.20295,-12.92029],[45.20263,-12.92023],[45.20239,-12.92026],[45.20206,-12.92019],[45.20158,-12.92001],[45.20042,-12.92024],[45.2,-12.92011],[45.19942,-12.92],[45.19912,-12.9199],[45.19884,-12.91962],[45.19857,-12.91953],[45.19816,-12.91952],[45.19774,-12.9193],[45.19753,-12.91923],[45.19727,-12.91922],[45.19687,-12.91912],[45.19653,-12.91898],[45.1965,-12.91886],[45.19613,-12.91836],[45.19557,-12.91789],[45.19541,-12.91772],[45.19508,-12.91754],[45.19426,-12.9173],[45.19328,-12.91714],[45.19306,-12.91715],[45.1929,-12.91707],[45.1924,-12.91694],[45.19147,-12.91675],[45.1909,-12.91684],[45.19042,-12.917],[45.19019,-12.91703],[45.18982,-12.917],[45.18957,-12.91685],[45.18881,-12.91653],[45.18834,-12.91642],[45.1877,-12.91642],[45.18705,-12.91667],[45.18645,-12.91703],[45.186,-12.91745],[45.18551,-12.91807],[45.18512,-12.9185],[45.18496,-12.91881],[45.1846,-12.91929],[45.18457,-12.91943],[45.1843,-12.91985],[45.18424,-12.92014],[45.18412,-12.9205],[45.1841,-12.92074],[45.1839,-12.92136],[45.18446,-12.92222],[45.18467,-12.92239],[45.18479,-12.92257],[45.1848,-12.92271],[45.18464,-12.92327],[45.18473,-12.92375],[45.185,-12.92428],[45.18499,-12.92441],[45.18471,-12.9245],[45.18418,-12.92439],[45.18395,-12.92431],[45.18375,-12.92436],[45.18335,-12.92468],[45.18326,-12.92481],[45.18301,-12.92499],[45.18254,-12.92523],[45.18223,-12.92525],[45.18196,-12.92537],[45.18165,-12.92535],[45.18072,-12.92513],[45.18047,-12.92517],[45.18014,-12.92542],[45.17979,-12.92574],[45.17961,-12.92584],[45.17923,-12.92634],[45.17897,-12.92679],[45.17856,-12.92738],[45.17839,-12.92772],[45.17827,-12.92774],[45.17818,-12.92809],[45.17774,-12.92876],[45.17712,-12.92939],[45.17701,-12.92962],[45.17676,-12.93044],[45.17648,-12.93111],[45.17633,-12.93139],[45.17611,-12.93199],[45.17596,-12.93254],[45.17584,-12.93335],[45.17581,-12.93381],[45.17585,-12.93456],[45.17582,-12.93488],[45.17574,-12.93503],[45.17587,-12.93528],[45.17625,-12.9355],[45.1765,-12.93592],[45.1767,-12.93612],[45.17709,-12.9363],[45.17728,-12.93645],[45.17753,-12.93681],[45.1777,-12.93692],[45.17788,-12.93693],[45.17823,-12.93718],[45.17857,-12.93765],[45.17866,-12.93796],[45.17915,-12.93851],[45.17929,-12.93877],[45.17949,-12.93896],[45.17968,-12.9392],[45.17955,-12.94042],[45.17965,-12.94056],[45.17963,-12.94091],[45.17968,-12.9413],[45.17963,-12.94172],[45.1797,-12.94192],[45.17962,-12.94231],[45.17951,-12.94239],[45.1794,-12.94283],[45.17937,-12.94334],[45.17945,-12.94345],[45.17908,-12.94352],[45.17885,-12.94341],[45.17882,-12.94332],[45.17839,-12.94316],[45.17801,-12.94299],[45.17772,-12.943],[45.17735,-12.94295],[45.17691,-12.94274],[45.17664,-12.94274],[45.17631,-12.94259],[45.1758,-12.94261],[45.17538,-12.94215],[45.17523,-12.94187],[45.17486,-12.94153],[45.1739,-12.9414],[45.17341,-12.94147],[45.17324,-12.94147],[45.1727,-12.94163],[45.17235,-12.94192],[45.17206,-12.94204],[45.17159,-12.94236],[45.17118,-12.94273],[45.17048,-12.9436],[45.17028,-12.94375],[45.1702,-12.94357],[45.1704,-12.94325],[45.17083,-12.94281],[45.17085,-12.94262],[45.17038,-12.94274],[45.17043,-12.94285],[45.17031,-12.94298],[45.17003,-12.943],[45.16985,-12.94313],[45.16978,-12.94328],[45.16958,-12.94324],[45.16936,-12.94303],[45.16953,-12.94374],[45.16959,-12.9444],[45.16972,-12.94439],[45.16985,-12.94423],[45.16994,-12.94399],[45.17008,-12.94419],[45.16978,-12.9448],[45.16967,-12.94512],[45.16948,-12.94545],[45.16943,-12.94579],[45.16926,-12.9462],[45.16915,-12.94666],[45.16889,-12.94741],[45.16882,-12.94786],[45.16876,-12.94884],[45.16865,-12.94903],[45.16883,-12.94935],[45.16882,-12.94957],[45.16898,-12.94984],[45.16914,-12.94999],[45.16924,-12.95039],[45.16934,-12.95047],[45.16947,-12.95081],[45.16963,-12.95149],[45.16999,-12.95198],[45.17018,-12.95208],[45.17035,-12.95229],[45.17045,-12.9529],[45.17066,-12.95319],[45.17086,-12.95333],[45.17126,-12.95347],[45.17184,-12.95362],[45.17253,-12.95394],[45.17272,-12.95415],[45.1732,-12.95447],[45.17366,-12.95508],[45.174,-12.95539],[45.17418,-12.95563],[45.17438,-12.95579],[45.1749,-12.95606],[45.17514,-12.95633],[45.17535,-12.95692],[45.17535,-12.95708],[45.17559,-12.9577],[45.17583,-12.95808],[45.17596,-12.95844],[45.17622,-12.95874],[45.17626,-12.95887],[45.17627,-12.9593],[45.17619,-12.95993],[45.17598,-12.96042],[45.17606,-12.96088],[45.17625,-12.96174],[45.17608,-12.96189],[45.17633,-12.96218],[45.17659,-12.96301],[45.17678,-12.96344],[45.17684,-12.96367],[45.17674,-12.96402],[45.17644,-12.96407],[45.17611,-12.96388],[45.17623,-12.96431],[45.1765,-12.96446],[45.17667,-12.96444],[45.1768,-12.96459],[45.17692,-12.96516],[45.17692,-12.96537],[45.17722,-12.96526],[45.17741,-12.96514],[45.17732,-12.96501],[45.17713,-12.96454],[45.17696,-12.96429],[45.17707,-12.9641],[45.17749,-12.965],[45.17779,-12.96541],[45.17791,-12.96575],[45.1781,-12.9659],[45.17878,-12.96599],[45.17889,-12.96614],[45.17925,-12.96634],[45.17944,-12.96636],[45.17981,-12.96676],[45.18025,-12.96688],[45.18048,-12.96702],[45.18077,-12.9673],[45.18127,-12.96797],[45.18156,-12.96819],[45.18215,-12.96841],[45.18233,-12.96851],[45.18266,-12.96851],[45.18279,-12.96841],[45.18293,-12.96855],[45.18353,-12.96925],[45.1838,-12.96951],[45.18428,-12.96973],[45.18473,-12.97006],[45.18513,-12.97014],[45.18593,-12.97003],[45.18657,-12.97013],[45.18725,-12.97037],[45.18754,-12.97035],[45.18824,-12.97045],[45.18867,-12.97063],[45.18893,-12.97059],[45.18929,-12.97048],[45.19049,-12.97123],[45.1905,-12.97143],[45.19067,-12.97167],[45.19069,-12.97186],[45.19096,-12.97209],[45.19114,-12.97252],[45.19109,-12.97262],[45.19157,-12.97332],[45.19185,-12.97368],[45.19222,-12.97382],[45.19275,-12.97382],[45.193,-12.97389],[45.19313,-12.97441],[45.19376,-12.97494],[45.19376,-12.97508],[45.19352,-12.97524],[45.19324,-12.97531],[45.19299,-12.97552],[45.19298,-12.97566],[45.19307,-12.97595],[45.1932,-12.97601],[45.19355,-12.97603],[45.1937,-12.97596],[45.19392,-12.97558],[45.19397,-12.97515],[45.19405,-12.9751],[45.19478,-12.97543],[45.19504,-12.97559],[45.19582,-12.97586],[45.19623,-12.97596],[45.19661,-12.97595],[45.19709,-12.97569],[45.19732,-12.97545],[45.19782,-12.97465],[45.19835,-12.97454],[45.19881,-12.97437],[45.19965,-12.97429],[45.19976,-12.97432],[45.20077,-12.97425],[45.20118,-12.97427],[45.20178,-12.97442],[45.20221,-12.97445],[45.20253,-12.97442],[45.20312,-12.97425],[45.2036,-12.97421],[45.20393,-12.97426],[45.20426,-12.97445],[45.20436,-12.97456],[45.20435,-12.97491],[45.20426,-12.97507],[45.20387,-12.97551],[45.20338,-12.97583],[45.20309,-12.97608],[45.20284,-12.97634],[45.20261,-12.97652],[45.20241,-12.97675],[45.20234,-12.97704],[45.20218,-12.97719],[45.20181,-12.97796],[45.20155,-12.97803],[45.20118,-12.97831],[45.20087,-12.97882],[45.20075,-12.97932],[45.20077,-12.97949],[45.20094,-12.97971],[45.20081,-12.97986],[45.2009,-12.98064],[45.20068,-12.98091],[45.20033,-12.98094],[45.20004,-12.98085],[45.19956,-12.98063],[45.19912,-12.98081],[45.19869,-12.98114],[45.19867,-12.98144],[45.19841,-12.98162],[45.19811,-12.98159],[45.19783,-12.98151],[45.19758,-12.98162],[45.19744,-12.98185],[45.19704,-12.9822],[45.19677,-12.98252],[45.19655,-12.98294],[45.19655,-12.98319],[45.19663,-12.98336],[45.19683,-12.98351],[45.19688,-12.98362],[45.1968,-12.9838],[45.19607,-12.98373],[45.1958,-12.98387],[45.19533,-12.98426],[45.195,-12.98405],[45.19489,-12.98391],[45.19471,-12.98382],[45.19459,-12.9841],[45.1947,-12.9845],[45.19501,-12.98456],[45.19447,-12.9851],[45.19424,-12.9853],[45.19401,-12.98557],[45.19373,-12.98662],[45.19369,-12.98714],[45.19386,-12.98748],[45.19348,-12.98725],[45.19326,-12.98728],[45.19321,-12.98742],[45.19275,-12.98749],[45.19224,-12.98739],[45.192,-12.98723],[45.1918,-12.98701],[45.19146,-12.98678],[45.19118,-12.98665],[45.19063,-12.98643],[45.19038,-12.98609],[45.18979,-12.98584],[45.1894,-12.98564],[45.18868,-12.98552],[45.1881,-12.98521],[45.18722,-12.98497],[45.18684,-12.98482],[45.18641,-12.98474],[45.18631,-12.98464],[45.18608,-12.98403],[45.18595,-12.98397],[45.18552,-12.98398],[45.18504,-12.9839],[45.18458,-12.9839],[45.18421,-12.98396],[45.18344,-12.98396],[45.18265,-12.98423],[45.18239,-12.9842],[45.18229,-12.98411],[45.18215,-12.98381],[45.1819,-12.9836],[45.18165,-12.98372],[45.18153,-12.98393],[45.18157,-12.98411],[45.18186,-12.98426],[45.18189,-12.98446],[45.18171,-12.98461],[45.1811,-12.98482],[45.18101,-12.98473],[45.18095,-12.98449],[45.18075,-12.98429],[45.18066,-12.98436],[45.18055,-12.98507],[45.18045,-12.9852],[45.18019,-12.98523],[45.18003,-12.98544],[45.17994,-12.98581],[45.17946,-12.98644],[45.17914,-12.98698],[45.17906,-12.98733],[45.17908,-12.98759],[45.17896,-12.98819],[45.17881,-12.98838],[45.17863,-12.98892],[45.17845,-12.98911],[45.17827,-12.98945],[45.17813,-12.98981],[45.17765,-12.99054],[45.17753,-12.99067],[45.17753,-12.99103],[45.17748,-12.99132],[45.1775,-12.99188],[45.17758,-12.99251],[45.17794,-12.99305],[45.17815,-12.99324],[45.1784,-12.99339],[45.17861,-12.99358],[45.1789,-12.99373],[45.17916,-12.99406],[45.17938,-12.99412],[45.17942,-12.99432],[45.17902,-12.99451],[45.17885,-12.99447],[45.17841,-12.99467],[45.17838,-12.99483],[45.17818,-12.99497],[45.17811,-12.99487],[45.1777,-12.99479],[45.17714,-12.99487],[45.17694,-12.99482],[45.17652,-12.9949],[45.17608,-12.99528],[45.17576,-12.99514],[45.17561,-12.99501],[45.1754,-12.99459],[45.17542,-12.9944],[45.17556,-12.99388],[45.17552,-12.99351],[45.17544,-12.99334],[45.1755,-12.99315],[45.1755,-12.99292],[45.17558,-12.99263],[45.17554,-12.99234],[45.17532,-12.99201],[45.17534,-12.9918],[45.1751,-12.99126],[45.17492,-12.99074],[45.17491,-12.9905],[45.17468,-12.99002],[45.17448,-12.98951],[45.17453,-12.98938],[45.17441,-12.98898],[45.17447,-12.98887],[45.17434,-12.9884],[45.17419,-12.98802],[45.17433,-12.98783],[45.17436,-12.98721],[45.17444,-12.98685],[45.1744,-12.98663],[45.17451,-12.98636],[45.17449,-12.98618],[45.17455,-12.98585],[45.17453,-12.98563],[45.17438,-12.9851],[45.17444,-12.98472],[45.17433,-12.98431],[45.17415,-12.98403],[45.17368,-12.98353],[45.17355,-12.98355],[45.1734,-12.98332],[45.17322,-12.98286],[45.17314,-12.98277],[45.17288,-12.98206],[45.17287,-12.98181],[45.17272,-12.9815],[45.17236,-12.98114],[45.17201,-12.98049],[45.17199,-12.98035],[45.17216,-12.97973],[45.17213,-12.97964],[45.17221,-12.97931],[45.17219,-12.97903],[45.1721,-12.97878],[45.17185,-12.97844],[45.17091,-12.97775],[45.17065,-12.97746],[45.17055,-12.97726],[45.17026,-12.9769],[45.16976,-12.97663],[45.16937,-12.97651],[45.16908,-12.97658],[45.16885,-12.97636],[45.16808,-12.9763],[45.1679,-12.97618],[45.16806,-12.97594],[45.16806,-12.97581],[45.16792,-12.97567],[45.1677,-12.97558],[45.16699,-12.97544],[45.16686,-12.97549],[45.16663,-12.97541],[45.16651,-12.97495],[45.1663,-12.97492],[45.16507,-12.97502],[45.16432,-12.97511],[45.16388,-12.97526],[45.1631,-12.97565],[45.1626,-12.97588],[45.16227,-12.97597],[45.1618,-12.97601],[45.16129,-12.97584],[45.16152,-12.97562],[45.16186,-12.97568],[45.16214,-12.97561],[45.16249,-12.97542],[45.1628,-12.97541],[45.16288,-12.97525],[45.16311,-12.97509],[45.16256,-12.97483],[45.16235,-12.97478],[45.16239,-12.97505],[45.16218,-12.97529],[45.16189,-12.97538],[45.16186,-12.97528],[45.16155,-12.97522],[45.16141,-12.9749],[45.1612,-12.97484],[45.16108,-12.97453],[45.16109,-12.97433],[45.16087,-12.97436],[45.16069,-12.97428],[45.16041,-12.97425],[45.16035,-12.97403],[45.16047,-12.97378],[45.16045,-12.97356],[45.16048,-12.97319],[45.1607,-12.9731],[45.1608,-12.97298],[45.16076,-12.97284],[45.16048,-12.97259],[45.16034,-12.97275],[45.16037,-12.97284],[45.16071,-12.97295],[45.16061,-12.97306],[45.16035,-12.97316],[45.16033,-12.97349],[45.16036,-12.97368],[45.16031,-12.97391],[45.16017,-12.97417],[45.16037,-12.97463],[45.16017,-12.97482],[45.15981,-12.97505],[45.15918,-12.97512],[45.15919,-12.97543],[45.15895,-12.97569],[45.15894,-12.97577],[45.15857,-12.97605],[45.15842,-12.97625],[45.15814,-12.97632],[45.15817,-12.97669],[45.15807,-12.97687],[45.1579,-12.97693],[45.15796,-12.97723],[45.15779,-12.97773],[45.15779,-12.97786],[45.1579,-12.97807],[45.15815,-12.97792],[45.15829,-12.97767],[45.15852,-12.9775],[45.15915,-12.9772],[45.15934,-12.97675],[45.15953,-12.97683],[45.15952,-12.97702],[45.1594,-12.97738],[45.15915,-12.97766],[45.1585,-12.97811],[45.15828,-12.97822],[45.15775,-12.9787],[45.15753,-12.97872],[45.1571,-12.97898],[45.15685,-12.97936],[45.15647,-12.97971],[45.15617,-12.98016],[45.15599,-12.98031],[45.15616,-12.98068],[45.15628,-12.98111],[45.15627,-12.98157],[45.1563,-12.98199],[45.15641,-12.98224],[45.15668,-12.98248],[45.15679,-12.98265],[45.15697,-12.98324],[45.15702,-12.98378],[45.15697,-12.98432],[45.15706,-12.9846],[45.15737,-12.9849],[45.1575,-12.98519],[45.15734,-12.9857],[45.15738,-12.98607],[45.1575,-12.98632],[45.15769,-12.98704],[45.15767,-12.98724],[45.15747,-12.98772],[45.15746,-12.98816],[45.15759,-12.98842],[45.15786,-12.98871],[45.15747,-12.98945],[45.15722,-12.98983],[45.15665,-12.9903],[45.15628,-12.99046],[45.15604,-12.99071],[45.15594,-12.99066],[45.15563,-12.99127],[45.15559,-12.99176],[45.15564,-12.99225],[45.15557,-12.99246],[45.15539,-12.99241],[45.15521,-12.99259],[45.1546,-12.99312],[45.15405,-12.99374],[45.15377,-12.99411],[45.15357,-12.99428],[45.1537,-12.99457],[45.15355,-12.99491],[45.15352,-12.9951],[45.1536,-12.99521],[45.15345,-12.99551],[45.1532,-12.99586],[45.15309,-12.99609],[45.15295,-12.99673],[45.15293,-12.99691],[45.15254,-12.99715],[45.15221,-12.99744],[45.15199,-12.99759],[45.15177,-12.99782],[45.15155,-12.99822],[45.15124,-12.99858],[45.15091,-12.99873],[45.15063,-12.99905],[45.15018,-12.99931],[45.14985,-12.99935],[45.14945,-12.99952],[45.14914,-12.99977],[45.14845,-12.99998],[45.14814,-13.0001],[45.14778,-13.00001],[45.14754,-12.99983],[45.14738,-12.9996],[45.14698,-12.99933],[45.14696,-12.99915],[45.1468,-12.99921],[45.14674,-12.99951],[45.14655,-12.99964],[45.14633,-12.99961],[45.14623,-12.99968],[45.14606,-12.99956],[45.14537,-12.99939],[45.14517,-12.99942],[45.14488,-12.99928],[45.14465,-12.99927],[45.14435,-12.99935],[45.14424,-12.99925],[45.1435,-12.99922],[45.14303,-12.99938],[45.14257,-12.99959],[45.14241,-12.99961],[45.14198,-12.99953],[45.14177,-12.99932],[45.14164,-12.99911],[45.14138,-12.99888],[45.14109,-12.99851],[45.1408,-12.99768],[45.14074,-12.9973],[45.14048,-12.99665],[45.14014,-12.99606],[45.14012,-12.99592],[45.13991,-12.99552],[45.13971,-12.99524],[45.13948,-12.99471],[45.13945,-12.99441],[45.13933,-12.99415],[45.13952,-12.99357],[45.13949,-12.99339],[45.13919,-12.99281],[45.1394,-12.9922],[45.13933,-12.99177],[45.1394,-12.99146],[45.13913,-12.99117],[45.13895,-12.99133],[45.13912,-12.99167],[45.139,-12.99203],[45.13882,-12.99199],[45.13856,-12.99179],[45.13785,-12.99139],[45.13707,-12.99105],[45.13651,-12.99092],[45.13601,-12.99074],[45.13549,-12.99069],[45.13504,-12.99058],[45.13502,-12.99046],[45.13535,-12.99044],[45.13563,-12.99014],[45.13604,-12.99005],[45.13639,-12.98956],[45.13622,-12.98962],[45.13572,-12.98966],[45.1354,-12.98962],[45.13526,-12.98966],[45.1352,-12.99007],[45.13503,-12.99013],[45.13438,-12.99017],[45.13401,-12.99023],[45.13382,-12.99017],[45.13384,-12.98999],[45.13405,-12.98984],[45.13418,-12.98961],[45.1343,-12.98929],[45.13431,-12.98896],[45.13413,-12.98887],[45.13395,-12.98891],[45.13353,-12.98914],[45.1331,-12.98905],[45.13287,-12.98908],[45.13295,-12.9893],[45.13281,-12.98993],[45.13317,-12.99016],[45.13332,-12.99038],[45.13328,-12.99051],[45.1331,-12.99071],[45.13302,-12.99093],[45.13265,-12.99109],[45.13244,-12.99141],[45.13215,-12.99156],[45.13217,-12.99191],[45.13206,-12.99216],[45.13179,-12.99243],[45.13169,-12.99272],[45.13152,-12.99295],[45.13144,-12.99344],[45.13104,-12.99373],[45.13081,-12.99385],[45.13059,-12.99408],[45.13028,-12.99412],[45.13018,-12.99418],[45.1301,-12.9944],[45.12991,-12.99466],[45.12961,-12.99477],[45.12889,-12.99481],[45.12857,-12.99479],[45.12825,-12.9947],[45.12791,-12.99474],[45.12742,-12.99499],[45.1272,-12.99496],[45.12678,-12.99512],[45.12662,-12.99532],[45.1264,-12.99547],[45.12634,-12.99567],[45.12611,-12.99535],[45.12607,-12.99483],[45.12625,-12.99451],[45.12634,-12.99418],[45.12633,-12.99383],[45.12622,-12.99358],[45.12576,-12.99305],[45.12565,-12.9928],[45.12561,-12.99253],[45.12566,-12.99228],[45.12547,-12.99185],[45.12539,-12.99176],[45.12503,-12.9909],[45.12516,-12.99068],[45.12533,-12.99007],[45.12538,-12.98968],[45.12549,-12.98941],[45.12576,-12.98822],[45.12594,-12.98793],[45.12608,-12.98758],[45.12638,-12.98721],[45.12667,-12.98716],[45.12664,-12.98693],[45.12645,-12.98673],[45.12647,-12.9864],[45.12606,-12.98562],[45.12575,-12.98517],[45.12553,-12.98495],[45.12544,-12.98476],[45.12526,-12.98465],[45.12523,-12.9845],[45.12533,-12.98414],[45.12541,-12.98339],[45.12535,-12.98304],[45.12516,-12.98277],[45.1249,-12.98276],[45.1246,-12.9826],[45.12453,-12.98242],[45.1246,-12.98218],[45.1245,-12.98173],[45.12456,-12.98153],[45.12483,-12.98103],[45.12486,-12.98075],[45.1251,-12.97995],[45.12504,-12.97991],[45.12464,-12.98019],[45.12459,-12.9809],[45.12447,-12.98101],[45.12435,-12.98089],[45.1241,-12.98096],[45.124,-12.98131],[45.12416,-12.98141],[45.12426,-12.98165],[45.1243,-12.98197],[45.12427,-12.98212],[45.12409,-12.98207],[45.12349,-12.98176],[45.12277,-12.98134],[45.12239,-12.98124],[45.12173,-12.98102],[45.12108,-12.98073],[45.12043,-12.98057],[45.11998,-12.98037],[45.1196,-12.98025],[45.1192,-12.98067],[45.11869,-12.9806],[45.11845,-12.98064],[45.11821,-12.98058],[45.1177,-12.98055],[45.1173,-12.98064],[45.11722,-12.98073],[45.11702,-12.98072],[45.1167,-12.98082],[45.11614,-12.98082],[45.11571,-12.98101],[45.11551,-12.98124],[45.11525,-12.98137],[45.11501,-12.98156],[45.11453,-12.9817],[45.11404,-12.982],[45.11362,-12.9824],[45.11334,-12.98283],[45.11301,-12.98316],[45.11287,-12.98351],[45.11253,-12.98403],[45.11236,-12.98457],[45.11199,-12.98472],[45.11189,-12.98486],[45.11157,-12.98508],[45.11117,-12.98551],[45.11096,-12.98588],[45.11096,-12.98621],[45.1109,-12.98632],[45.1107,-12.98699],[45.11053,-12.98741],[45.11054,-12.98765],[45.11045,-12.98797],[45.11031,-12.9881],[45.11005,-12.98857],[45.10995,-12.98882],[45.10993,-12.9893],[45.10979,-12.98967],[45.10976,-12.99001],[45.10982,-12.99027],[45.10968,-12.99057],[45.10968,-12.99073],[45.10958,-12.99086],[45.10942,-12.99121],[45.1094,-12.9915],[45.10944,-12.99185],[45.10927,-12.99232],[45.10931,-12.99284],[45.10897,-12.99335],[45.10903,-12.9935],[45.10891,-12.99368],[45.10899,-12.99392],[45.10881,-12.99389],[45.1088,-12.99364],[45.10865,-12.99359],[45.10868,-12.99311],[45.10861,-12.99294],[45.10858,-12.99258],[45.10829,-12.99208],[45.10817,-12.99166],[45.10783,-12.99118],[45.10758,-12.9909],[45.10734,-12.99072],[45.1071,-12.99061],[45.1064,-12.98975],[45.10598,-12.9892],[45.10584,-12.98858],[45.10559,-12.988],[45.1056,-12.98777],[45.10555,-12.9873],[45.10557,-12.98701],[45.10566,-12.98673],[45.10611,-12.98606],[45.10624,-12.98573],[45.10706,-12.98493],[45.10729,-12.98435],[45.10745,-12.98426],[45.10769,-12.98375],[45.10778,-12.98366],[45.10793,-12.98304],[45.10805,-12.98274],[45.10819,-12.98257],[45.10827,-12.98195],[45.10822,-12.9817],[45.10823,-12.98144],[45.10811,-12.98103],[45.10811,-12.9809],[45.10795,-12.98045],[45.10772,-12.98025],[45.10757,-12.9802],[45.10763,-12.97982],[45.10748,-12.97969],[45.10735,-12.97935],[45.10738,-12.97887],[45.10732,-12.97844],[45.10767,-12.97793],[45.10754,-12.97759],[45.10754,-12.97732],[45.10764,-12.9771],[45.10756,-12.97689],[45.10721,-12.97641],[45.1071,-12.97579],[45.107,-12.97537],[45.10667,-12.97493],[45.10653,-12.97464],[45.10658,-12.97432],[45.10698,-12.97374],[45.10715,-12.97325],[45.10745,-12.97293],[45.10767,-12.97281],[45.10843,-12.97215],[45.10866,-12.97203],[45.10901,-12.97175],[45.10924,-12.97117],[45.10933,-12.97086],[45.1096,-12.97045],[45.10961,-12.97013],[45.10952,-12.96939],[45.10958,-12.96905],[45.11006,-12.96862],[45.11026,-12.96828],[45.11053,-12.9679],[45.11074,-12.96775],[45.11071,-12.96748],[45.11076,-12.9674],[45.11068,-12.96691],[45.1107,-12.96661],[45.11076,-12.96654],[45.11071,-12.96629],[45.1107,-12.96568],[45.11079,-12.96519],[45.11065,-12.96459],[45.11068,-12.9644],[45.11062,-12.96369],[45.11063,-12.96349],[45.1105,-12.96323],[45.11051,-12.96245],[45.11064,-12.9621],[45.11085,-12.96175],[45.11101,-12.96139],[45.11089,-12.96079],[45.1108,-12.9606],[45.11079,-12.9604],[45.11057,-12.96016],[45.11018,-12.95984],[45.11009,-12.9598],[45.10953,-12.95983],[45.10933,-12.95951],[45.10912,-12.95927],[45.10891,-12.95862],[45.10865,-12.95818],[45.10862,-12.95799],[45.10845,-12.95772],[45.10828,-12.95761],[45.10828,-12.95724],[45.10768,-12.95733],[45.10746,-12.95698],[45.10743,-12.95678],[45.10698,-12.95698],[45.10667,-12.95724],[45.10657,-12.95743],[45.10641,-12.95753],[45.10621,-12.95787],[45.10637,-12.95797],[45.10667,-12.95799],[45.10686,-12.95805],[45.10691,-12.95828],[45.10622,-12.95813],[45.10569,-12.95792],[45.10523,-12.95766],[45.10473,-12.95758],[45.10451,-12.95764],[45.10446,-12.95773],[45.10408,-12.958],[45.10404,-12.95814],[45.10407,-12.95846],[45.10388,-12.9586],[45.10375,-12.95886],[45.1038,-12.9591],[45.10362,-12.95947],[45.10334,-12.95945],[45.10315,-12.95962],[45.1031,-12.95977],[45.10268,-12.96012],[45.1026,-12.96026],[45.10209,-12.96052],[45.10179,-12.96071],[45.10165,-12.96095],[45.1012,-12.96127],[45.1011,-12.96143],[45.10077,-12.96174],[45.10067,-12.96202],[45.10078,-12.96225],[45.10076,-12.96246],[45.10053,-12.96275],[45.10045,-12.96294],[45.10042,-12.96326],[45.10022,-12.96369],[45.10016,-12.96399],[45.09992,-12.96428],[45.09994,-12.96443],[45.09961,-12.96447],[45.09931,-12.96438],[45.09873,-12.96427],[45.09761,-12.96428],[45.09709,-12.96457],[45.0965,-12.96484],[45.0963,-12.965],[45.09607,-12.96508],[45.09559,-12.96515],[45.09529,-12.96532],[45.09504,-12.96559],[45.0949,-12.96566],[45.0945,-12.96562],[45.09394,-12.96591],[45.09324,-12.96614],[45.09287,-12.96641],[45.09259,-12.96651],[45.09238,-12.96653],[45.09158,-12.9662],[45.09093,-12.9658],[45.0906,-12.96562],[45.09029,-12.96542],[45.0901,-12.96539],[45.08981,-12.96519],[45.08973,-12.96504],[45.08926,-12.96482],[45.08914,-12.96486],[45.08875,-12.96476],[45.08839,-12.9644],[45.08803,-12.96385],[45.08762,-12.9635],[45.08718,-12.96321],[45.08642,-12.96275],[45.08589,-12.96247],[45.08547,-12.96223],[45.08487,-12.96196],[45.08454,-12.96177],[45.08396,-12.96153],[45.08321,-12.9613],[45.08282,-12.96123],[45.08247,-12.96136],[45.08215,-12.96157],[45.08202,-12.9617],[45.08153,-12.96185],[45.08126,-12.96204],[45.08109,-12.96236],[45.08093,-12.96254],[45.08076,-12.96259],[45.08038,-12.96279],[45.07997,-12.96292],[45.07963,-12.96292],[45.07915,-12.96277],[45.07887,-12.96253],[45.07878,-12.96226],[45.07894,-12.96201],[45.07951,-12.96159],[45.07986,-12.96139],[45.08013,-12.96105],[45.08073,-12.96079],[45.08103,-12.96056],[45.0813,-12.96043],[45.08192,-12.96003],[45.08229,-12.95988],[45.08263,-12.9598],[45.08291,-12.95957],[45.08324,-12.95943],[45.08356,-12.95919],[45.08376,-12.95894],[45.08399,-12.95872],[45.08403,-12.95861],[45.08453,-12.95842],[45.08498,-12.95797],[45.08508,-12.95791],[45.08552,-12.95751],[45.08639,-12.95743],[45.08664,-12.95732],[45.08687,-12.95713],[45.08686,-12.95702],[45.08714,-12.95697],[45.08728,-12.95685],[45.08749,-12.9568],[45.08787,-12.95651],[45.08798,-12.95647],[45.08816,-12.95627],[45.08914,-12.95591],[45.0902,-12.95574],[45.09077,-12.95555],[45.09116,-12.95536],[45.09154,-12.95529],[45.09183,-12.95513],[45.09214,-12.95485],[45.0925,-12.95478],[45.09272,-12.95457],[45.09289,-12.95457],[45.09317,-12.95473],[45.09345,-12.95469],[45.09406,-12.95403],[45.09434,-12.95389],[45.09505,-12.9532],[45.09552,-12.95252],[45.09583,-12.95201],[45.09606,-12.95184],[45.09643,-12.95143],[45.0968,-12.95098],[45.09743,-12.95003],[45.09788,-12.94955],[45.09801,-12.94934],[45.09822,-12.94888],[45.09838,-12.94875],[45.09903,-12.94807],[45.09925,-12.94791],[45.09958,-12.94754],[45.09992,-12.94736],[45.10024,-12.9471],[45.10048,-12.94661],[45.10067,-12.94633],[45.10091,-12.9458],[45.10094,-12.94565],[45.10115,-12.94555],[45.10103,-12.94529],[45.10125,-12.94451],[45.10138,-12.94425],[45.10156,-12.94354],[45.10155,-12.94292],[45.10164,-12.94243],[45.10157,-12.94203],[45.10136,-12.94151],[45.10136,-12.94128],[45.10162,-12.94093],[45.10171,-12.94055],[45.10175,-12.94019],[45.10175,-12.93978],[45.1018,-12.93952],[45.10174,-12.93934],[45.10163,-12.93929],[45.10151,-12.93882],[45.1015,-12.93832],[45.10158,-12.9379],[45.10159,-12.93753],[45.1017,-12.93714],[45.10188,-12.93664],[45.10231,-12.93644],[45.10275,-12.93649],[45.10307,-12.9361],[45.10314,-12.9359],[45.10342,-12.93539],[45.10368,-12.93511],[45.10379,-12.93379],[45.10393,-12.93355],[45.10419,-12.93331],[45.10428,-12.93315],[45.1043,-12.93282],[45.10418,-12.93231],[45.1041,-12.93216],[45.10401,-12.93176],[45.10375,-12.9308],[45.10339,-12.93011],[45.10299,-12.92955],[45.10272,-12.92901],[45.10261,-12.92864],[45.10248,-12.92848],[45.10198,-12.92776],[45.10166,-12.92738],[45.10109,-12.92677],[45.10054,-12.92628],[45.10011,-12.926],[45.09919,-12.92549],[45.09829,-12.92501],[45.09792,-12.9249],[45.09763,-12.92512],[45.09695,-12.92501],[45.09676,-12.92496],[45.09648,-12.925],[45.09622,-12.92496],[45.096,-12.92498],[45.09572,-12.92512],[45.09534,-12.92538],[45.09521,-12.9258],[45.0951,-12.92604],[45.09497,-12.9262],[45.09473,-12.92665],[45.09422,-12.92697],[45.09401,-12.92719],[45.09377,-12.92722],[45.09309,-12.9272],[45.09292,-12.92728],[45.09274,-12.92753],[45.09251,-12.92762],[45.09213,-12.92761],[45.09193,-12.92785],[45.09151,-12.928],[45.0913,-12.92802],[45.09106,-12.92823],[45.09089,-12.92826],[45.09049,-12.92878],[45.0901,-12.92911],[45.08946,-12.92929],[45.08935,-12.92928],[45.08905,-12.92948],[45.08859,-12.92948],[45.08835,-12.92956],[45.08824,-12.92969],[45.08785,-12.92981],[45.08769,-12.92977],[45.08742,-12.92989],[45.08713,-12.92989],[45.08702,-12.92959],[45.08735,-12.92889],[45.08732,-12.92872],[45.08743,-12.9285],[45.08804,-12.92821],[45.08851,-12.92804],[45.08867,-12.92818],[45.08902,-12.92812],[45.08916,-12.92797],[45.08939,-12.92742],[45.08947,-12.92712],[45.0894,-12.9265],[45.08917,-12.92582],[45.08885,-12.9251],[45.08856,-12.92469],[45.0882,-12.92406],[45.08777,-12.92351],[45.08762,-12.92327],[45.08738,-12.92297],[45.08714,-12.92288],[45.08695,-12.92237],[45.0867,-12.92207],[45.08636,-12.92201],[45.08618,-12.92211],[45.08561,-12.922],[45.08524,-12.92226],[45.08498,-12.92214],[45.08432,-12.9222],[45.08399,-12.92208],[45.08385,-12.92212],[45.08344,-12.92208],[45.08329,-12.92191],[45.08324,-12.92147],[45.08302,-12.92105],[45.08289,-12.92103],[45.08289,-12.92085],[45.08275,-12.91999],[45.08264,-12.91961],[45.08236,-12.91893],[45.08217,-12.91816],[45.08204,-12.918],[45.08148,-12.91767],[45.0811,-12.91737],[45.08078,-12.917],[45.08069,-12.9168],[45.08094,-12.91658],[45.08107,-12.91614],[45.0809,-12.91561],[45.08098,-12.91537],[45.08076,-12.91491],[45.08062,-12.91428],[45.08029,-12.91348],[45.0799,-12.91312],[45.0792,-12.9128],[45.07917,-12.91257],[45.07934,-12.9123],[45.07931,-12.91186],[45.07914,-12.91139],[45.079,-12.91129],[45.0791,-12.91104],[45.0789,-12.90989],[45.0788,-12.90973],[45.07875,-12.90945],[45.07854,-12.90873],[45.07845,-12.90857],[45.07837,-12.90818],[45.07822,-12.90789],[45.07807,-12.90746],[45.07799,-12.90736],[45.07787,-12.90698],[45.07787,-12.90666],[45.07793,-12.90653],[45.07776,-12.90647],[45.07763,-12.90605],[45.07739,-12.90552],[45.07737,-12.90534],[45.07721,-12.90524],[45.07719,-12.90512],[45.07692,-12.90473],[45.07669,-12.90444],[45.07631,-12.90386],[45.07612,-12.9038],[45.07597,-12.90356],[45.07562,-12.90321],[45.07536,-12.90309],[45.07518,-12.90294],[45.0747,-12.90277],[45.07426,-12.90238],[45.07395,-12.90214],[45.07339,-12.90191],[45.07298,-12.90187],[45.07256,-12.90191],[45.07219,-12.90201],[45.07204,-12.90212],[45.07181,-12.90212],[45.07156,-12.90203],[45.07132,-12.90173],[45.07152,-12.90126],[45.07163,-12.90119],[45.07184,-12.9009],[45.07184,-12.90052],[45.07178,-12.90023],[45.07153,-12.89984],[45.07093,-12.89952],[45.0712,-12.89947],[45.07115,-12.89932],[45.07136,-12.89922],[45.07163,-12.89946],[45.07186,-12.89944],[45.07201,-12.8995],[45.07223,-12.89949],[45.0726,-12.89925],[45.07289,-12.89915],[45.07312,-12.89921],[45.07361,-12.89917],[45.07381,-12.89922],[45.07421,-12.89917],[45.07477,-12.89915],[45.07587,-12.8985],[45.07637,-12.89861],[45.07721,-12.89848],[45.07772,-12.89841],[45.07782,-12.89836],[45.07844,-12.89819],[45.079,-12.89854],[45.07922,-12.89861],[45.07968,-12.89886],[45.08033,-12.89895],[45.08039,-12.89886],[45.08128,-12.89891],[45.08186,-12.89877],[45.0822,-12.89879],[45.08245,-12.89865],[45.08276,-12.89862],[45.08293,-12.89854],[45.08325,-12.89853],[45.08345,-12.89834],[45.08361,-12.89843],[45.08395,-12.89822],[45.08406,-12.89821],[45.08455,-12.89798],[45.08483,-12.89781],[45.08582,-12.89779],[45.08606,-12.89782],[45.08648,-12.89795],[45.08672,-12.89799],[45.08697,-12.89809],[45.08724,-12.89829],[45.08755,-12.89833],[45.08796,-12.89844],[45.08837,-12.8984],[45.08883,-12.89827],[45.08907,-12.8983],[45.08945,-12.89825],[45.08975,-12.89835],[45.09005,-12.8983],[45.09045,-12.89843],[45.09064,-12.89841],[45.09126,-12.89824],[45.09204,-12.89793],[45.09256,-12.89788],[45.09298,-12.89807],[45.09342,-12.89811],[45.09395,-12.89798],[45.09402,-12.89813],[45.09459,-12.89855],[45.09479,-12.89863],[45.09529,-12.89857],[45.09563,-12.89866],[45.09603,-12.89867],[45.09666,-12.89853],[45.09696,-12.89843],[45.09734,-12.89843],[45.09792,-12.89857],[45.09887,-12.89868],[45.09895,-12.89856],[45.09917,-12.89861],[45.09921,-12.8987],[45.09965,-12.89908],[45.09936,-12.89934],[45.09927,-12.89983],[45.09935,-12.90013],[45.09956,-12.90047],[45.0998,-12.90114],[45.10003,-12.90151],[45.10009,-12.90148],[45.10065,-12.90192],[45.10091,-12.90207],[45.10139,-12.9024],[45.10156,-12.9026],[45.10219,-12.90308],[45.10247,-12.90338],[45.10265,-12.90376],[45.10282,-12.9043],[45.10279,-12.90465],[45.10269,-12.90488],[45.10239,-12.90521],[45.10225,-12.9053],[45.10268,-12.9054],[45.10275,-12.90554],[45.10275,-12.90589],[45.10247,-12.90691],[45.10232,-12.90719],[45.10202,-12.90748],[45.1018,-12.90752],[45.102,-12.90776],[45.10192,-12.90859],[45.10159,-12.90965],[45.10159,-12.91027],[45.10153,-12.91044],[45.10158,-12.91096],[45.10154,-12.91129],[45.1016,-12.91153],[45.10199,-12.91211],[45.10208,-12.9122],[45.10233,-12.91216],[45.10226,-12.91244],[45.10232,-12.91286],[45.10229,-12.91298],[45.10208,-12.91307],[45.10207,-12.91344],[45.10195,-12.91389],[45.10206,-12.91396],[45.10215,-12.91428],[45.10217,-12.915],[45.10227,-12.91633],[45.10235,-12.9167],[45.10245,-12.91771],[45.10234,-12.91788],[45.10271,-12.91861],[45.10279,-12.91881],[45.10311,-12.91884],[45.103,-12.91899],[45.1031,-12.91934],[45.10341,-12.92007],[45.10336,-12.92035],[45.10353,-12.92036],[45.10387,-12.92067],[45.10398,-12.9209],[45.10468,-12.92174],[45.1051,-12.92198],[45.10525,-12.922],[45.10553,-12.92192],[45.10566,-12.92227],[45.10576,-12.92236],[45.1058,-12.92262],[45.10567,-12.92284],[45.10563,-12.92302],[45.10568,-12.92321],[45.106,-12.9235],[45.10644,-12.92382],[45.10656,-12.92383],[45.1072,-12.92413],[45.10797,-12.92427],[45.10806,-12.92434],[45.10827,-12.92431],[45.10911,-12.92444],[45.10952,-12.92463],[45.10979,-12.92456],[45.11029,-12.92464],[45.11116,-12.92491],[45.11164,-12.92511],[45.11198,-12.92515],[45.11313,-12.92572],[45.11361,-12.9258],[45.11401,-12.9259],[45.1144,-12.92593],[45.11482,-12.92603],[45.11506,-12.92613],[45.11542,-12.92622],[45.11552,-12.92647],[45.11568,-12.92658],[45.11606,-12.92674],[45.11636,-12.92677],[45.11665,-12.92707],[45.11664,-12.92725],[45.11698,-12.92744],[45.11731,-12.92753],[45.11842,-12.92802],[45.11918,-12.92845],[45.12018,-12.92888],[45.12057,-12.92897],[45.12083,-12.92907],[45.12127,-12.92907],[45.12163,-12.92902],[45.12174,-12.92906],[45.12222,-12.92902],[45.12276,-12.92902],[45.12342,-12.92911],[45.12367,-12.92909],[45.12394,-12.92921],[45.12434,-12.92946],[45.12445,-12.92958],[45.12451,-12.92981],[45.12444,-12.93012],[45.12444,-12.93058],[45.12436,-12.93091],[45.1244,-12.93149],[45.12433,-12.9316],[45.12417,-12.93148],[45.12396,-12.93167],[45.12395,-12.93212],[45.12406,-12.93242],[45.12428,-12.93228],[45.12461,-12.9324],[45.12464,-12.93262],[45.125,-12.93307],[45.12519,-12.93339],[45.12536,-12.93332],[45.12565,-12.93343],[45.12583,-12.93359],[45.12627,-12.93359],[45.12652,-12.93367],[45.12673,-12.93363],[45.12706,-12.9337],[45.12753,-12.93415],[45.12765,-12.93423],[45.12839,-12.93453],[45.12871,-12.9347],[45.12892,-12.93488],[45.1297,-12.93532],[45.13015,-12.93552],[45.13063,-12.93569],[45.13091,-12.93585],[45.13097,-12.936],[45.13138,-12.93601],[45.13155,-12.93608],[45.13214,-12.93596],[45.13276,-12.93598],[45.13285,-12.93603],[45.13372,-12.93624],[45.13436,-12.93636],[45.13514,-12.9364],[45.1359,-12.93634],[45.13615,-12.9364],[45.13595,-12.93675],[45.13607,-12.93688],[45.1362,-12.93641],[45.13656,-12.93637],[45.13675,-12.93667],[45.13666,-12.93686],[45.13673,-12.93726],[45.13665,-12.93739],[45.13669,-12.93768],[45.1368,-12.93793],[45.13704,-12.93814],[45.13702,-12.93789],[45.13691,-12.93759],[45.13691,-12.93729],[45.13701,-12.93703],[45.13732,-12.93726],[45.1375,-12.93734],[45.13817,-12.93714],[45.13797,-12.93695],[45.13789,-12.93668],[45.13801,-12.9365],[45.13806,-12.93609],[45.13827,-12.93593],[45.13865,-12.93598],[45.13917,-12.93599],[45.13939,-12.93592],[45.13965,-12.93613],[45.14007,-12.93621],[45.14061,-12.93625],[45.14086,-12.93642],[45.14106,-12.93632],[45.1417,-12.93625],[45.14203,-12.93625],[45.14338,-12.93595],[45.14409,-12.93577],[45.14458,-12.9357],[45.14487,-12.93576],[45.14527,-12.93589],[45.14548,-12.9357],[45.14582,-12.93523],[45.14631,-12.9345],[45.14652,-12.9343],[45.14675,-12.93427],[45.147,-12.93442],[45.14722,-12.93423],[45.14754,-12.93387],[45.14789,-12.93376],[45.14809,-12.93346],[45.14834,-12.93325],[45.14872,-12.93309],[45.14878,-12.93323],[45.1492,-12.9336],[45.14915,-12.93318],[45.14942,-12.93312],[45.1494,-12.93293],[45.14966,-12.93252],[45.14984,-12.93244],[45.15017,-12.93241],[45.15002,-12.93223],[45.15039,-12.93168],[45.15064,-12.93166],[45.15063,-12.93151],[45.15098,-12.93122],[45.15114,-12.93095],[45.15153,-12.93062],[45.15122,-12.92993],[45.15127,-12.92963],[45.15122,-12.92952],[45.15137,-12.9294],[45.15137,-12.92892],[45.15121,-12.92877],[45.15118,-12.92863],[45.15141,-12.92796],[45.15141,-12.92777],[45.15164,-12.92752],[45.15171,-12.92735],[45.15174,-12.92699],[45.15184,-12.92681],[45.15233,-12.92635],[45.15285,-12.92618],[45.15307,-12.926],[45.15317,-12.92577],[45.15352,-12.92555],[45.15362,-12.92543],[45.15397,-12.92531],[45.15441,-12.92501],[45.15437,-12.92491],[45.15415,-12.92474],[45.15406,-12.92453],[45.15439,-12.92419],[45.15451,-12.92383],[45.15446,-12.92355],[45.15463,-12.92348],[45.15488,-12.92362],[45.15497,-12.92356],[45.1548,-12.92314],[45.15485,-12.92298],[45.15499,-12.92285],[45.15504,-12.92257],[45.15502,-12.92237],[45.15493,-12.92221],[45.15455,-12.92193],[45.15406,-12.92118],[45.15363,-12.92076],[45.15355,-12.92059],[45.15365,-12.9203],[45.15371,-12.91985],[45.15388,-12.91949],[45.15382,-12.9192],[45.15366,-12.91895],[45.15373,-12.91847],[45.15369,-12.91805],[45.15358,-12.91778],[45.15343,-12.91721],[45.15351,-12.91695],[45.15331,-12.91671],[45.15303,-12.91653],[45.1527,-12.91639],[45.15269,-12.91628],[45.15252,-12.91606],[45.15234,-12.91597],[45.15201,-12.9157],[45.1515,-12.91551],[45.15158,-12.91543],[45.1514,-12.91526],[45.15115,-12.91509],[45.15128,-12.91496],[45.15112,-12.91486],[45.15095,-12.91485],[45.15098,-12.91452],[45.15089,-12.91436],[45.15065,-12.91451],[45.15055,-12.91426],[45.15024,-12.91394],[45.15023,-12.91375],[45.15008,-12.91357],[45.1502,-12.91341],[45.14996,-12.91301],[45.1499,-12.91262],[45.15004,-12.91255],[45.14985,-12.91231],[45.14982,-12.91184],[45.14968,-12.91188],[45.14954,-12.91212],[45.14942,-12.91203],[45.14934,-12.91184],[45.14906,-12.91176],[45.14914,-12.91163],[45.14876,-12.91138],[45.14884,-12.91117],[45.14877,-12.91093],[45.14852,-12.91065],[45.14857,-12.91028],[45.14847,-12.91003],[45.14865,-12.90989],[45.14887,-12.90956],[45.14899,-12.90911],[45.14886,-12.909],[45.14888,-12.90849],[45.14898,-12.90828],[45.14887,-12.90806],[45.14904,-12.9079],[45.14875,-12.90748],[45.14847,-12.90755],[45.14779,-12.90748],[45.14764,-12.90758],[45.14762,-12.9077],[45.14735,-12.90772],[45.14703,-12.90757],[45.14667,-12.90735],[45.14609,-12.90692],[45.14582,-12.90695],[45.14554,-12.9065],[45.14533,-12.906],[45.1453,-12.90564],[45.14522,-12.90555],[45.145,-12.90551],[45.14505,-12.90534],[45.14474,-12.90507],[45.14464,-12.90507],[45.14434,-12.90491],[45.14412,-12.90469],[45.14408,-12.90444],[45.14422,-12.90425],[45.14426,-12.90408],[45.14413,-12.90389],[45.14421,-12.90356],[45.14434,-12.90334],[45.14446,-12.90299],[45.14457,-12.90285],[45.1449,-12.90214],[45.14501,-12.90198],[45.14544,-12.90184],[45.14551,-12.90154],[45.14552,-12.90123],[45.14567,-12.90097],[45.1455,-12.90076],[45.14549,-12.90048],[45.14541,-12.90033],[45.14518,-12.90018],[45.14494,-12.90037],[45.14484,-12.90037],[45.14456,-12.89993],[45.14453,-12.89969],[45.14435,-12.89936],[45.14407,-12.89912],[45.14397,-12.89863],[45.1436,-12.89823],[45.14322,-12.89759],[45.14279,-12.89705],[45.14263,-12.89691],[45.14251,-12.89648],[45.1425,-12.89625],[45.14229,-12.89631],[45.14189,-12.89604],[45.14146,-12.89539],[45.14127,-12.89521],[45.14098,-12.89514],[45.14086,-12.89496],[45.14086,-12.89478],[45.14052,-12.89472],[45.14059,-12.89514],[45.14059,-12.89556],[45.14064,-12.89579],[45.14047,-12.89612],[45.14052,-12.89638],[45.14067,-12.89665],[45.14069,-12.89683],[45.14088,-12.89709],[45.14096,-12.89748],[45.14107,-12.89772],[45.14136,-12.89812],[45.14166,-12.89837],[45.14219,-12.89866],[45.14205,-12.89877],[45.1416,-12.89862],[45.14126,-12.89846],[45.14103,-12.89824],[45.14081,-12.89813],[45.14053,-12.89766],[45.14045,-12.89736],[45.14041,-12.89681],[45.14031,-12.89657],[45.14028,-12.89587],[45.14031,-12.89525],[45.14016,-12.89484],[45.1398,-12.89452],[45.13956,-12.89406],[45.13931,-12.89379],[45.13955,-12.89366],[45.13976,-12.89369],[45.14006,-12.89384],[45.14018,-12.89398],[45.14037,-12.89401],[45.14074,-12.89386],[45.14074,-12.89378],[45.14003,-12.89347],[45.13978,-12.89326],[45.13939,-12.89284],[45.13934,-12.89272],[45.13878,-12.89216],[45.1385,-12.892],[45.13827,-12.89137],[45.13802,-12.89109],[45.13806,-12.89099],[45.13836,-12.89091],[45.1385,-12.89077],[45.13811,-12.89073],[45.13794,-12.8906],[45.13765,-12.89059],[45.13744,-12.89032],[45.13717,-12.89031],[45.13697,-12.89024],[45.13679,-12.88985],[45.13652,-12.88964],[45.13623,-12.8896],[45.13615,-12.88965],[45.13585,-12.88965],[45.1356,-12.88952],[45.13529,-12.88927],[45.13493,-12.88917],[45.13427,-12.88919],[45.13408,-12.88909],[45.13385,-12.8891],[45.13359,-12.88892],[45.1333,-12.88878],[45.13288,-12.88866],[45.13265,-12.88885],[45.13241,-12.88891],[45.1321,-12.88882],[45.1318,-12.88804],[45.13171,-12.8879],[45.13152,-12.88728],[45.13135,-12.88704],[45.13115,-12.8865],[45.13079,-12.88596],[45.13029,-12.8851],[45.1303,-12.885],[45.13009,-12.88473],[45.13012,-12.88448],[45.13031,-12.88459],[45.1306,-12.88463],[45.13126,-12.88439],[45.1316,-12.88442],[45.13151,-12.88428],[45.13103,-12.88432],[45.13072,-12.88448],[45.13056,-12.88437],[45.1302,-12.88427],[45.1298,-12.88439],[45.12934,-12.88411],[45.12899,-12.88397],[45.12889,-12.88401],[45.12865,-12.88393],[45.12861,-12.88381],[45.12842,-12.88368],[45.12824,-12.88339],[45.1281,-12.88338],[45.12785,-12.88311],[45.12782,-12.88299],[45.12757,-12.88272],[45.12722,-12.88253],[45.12707,-12.88233],[45.12693,-12.88229],[45.12653,-12.88187],[45.12596,-12.88188],[45.12571,-12.88196],[45.12529,-12.88188],[45.12483,-12.88185],[45.12455,-12.88196],[45.12429,-12.882],[45.12405,-12.88185],[45.1237,-12.88181],[45.12363,-12.88168],[45.12341,-12.8815],[45.12329,-12.88114],[45.12325,-12.8809],[45.12308,-12.88055],[45.12281,-12.88027],[45.1224,-12.87997],[45.122,-12.87992],[45.12182,-12.87967],[45.12156,-12.87955],[45.12098,-12.87849],[45.12071,-12.87817],[45.12047,-12.87794],[45.12038,-12.87773],[45.12047,-12.87759],[45.12026,-12.87723],[45.1202,-12.87703],[45.11955,-12.87702],[45.1192,-12.87704],[45.11905,-12.87699],[45.11877,-12.87677],[45.11863,-12.87611],[45.11846,-12.87585],[45.11834,-12.87538],[45.11806,-12.87496],[45.11785,-12.87469],[45.1176,-12.87415],[45.11747,-12.87402],[45.11735,-12.87378],[45.11735,-12.87361],[45.11713,-12.87322],[45.11678,-12.8732],[45.1165,-12.8729],[45.11649,-12.87252],[45.11634,-12.87219],[45.11594,-12.87162],[45.11575,-12.87145],[45.11574,-12.87126],[45.11563,-12.87111],[45.11559,-12.87057],[45.11551,-12.87036],[45.11515,-12.86992],[45.11503,-12.86989],[45.11491,-12.86948],[45.11468,-12.86923],[45.11455,-12.86852],[45.1144,-12.86818],[45.11414,-12.8677],[45.11407,-12.8675],[45.1141,-12.86736],[45.11387,-12.86699],[45.11375,-12.86662],[45.11342,-12.86612],[45.11328,-12.86585],[45.11299,-12.86549],[45.11277,-12.86517],[45.11256,-12.865],[45.11232,-12.86471],[45.11184,-12.86421],[45.11121,-12.86364],[45.11072,-12.8636],[45.11028,-12.86368],[45.10974,-12.86381],[45.1094,-12.86379],[45.10907,-12.86368],[45.10836,-12.86325],[45.10819,-12.8631],[45.10789,-12.8631],[45.10759,-12.86318],[45.10717,-12.86335],[45.10693,-12.86329],[45.10623,-12.86333],[45.10589,-12.86315],[45.1052,-12.86325],[45.10479,-12.86314],[45.10466,-12.86318],[45.1043,-12.86316],[45.10427,-12.86291],[45.10417,-12.86277],[45.10388,-12.86247],[45.10376,-12.86226],[45.1031,-12.86137],[45.10275,-12.86116],[45.10248,-12.86107],[45.10208,-12.86105],[45.10159,-12.86093],[45.10098,-12.86073],[45.10063,-12.86075],[45.10042,-12.86059],[45.10022,-12.86013],[45.09997,-12.85987],[45.09996,-12.85959],[45.09987,-12.85929],[45.09952,-12.85865],[45.09938,-12.85848],[45.09922,-12.85817],[45.09895,-12.8578],[45.09877,-12.85765],[45.09853,-12.85761],[45.09781,-12.85664],[45.09756,-12.85614],[45.09724,-12.85568],[45.09663,-12.85535],[45.09656,-12.85523],[45.09607,-12.85498],[45.09573,-12.85458],[45.09505,-12.85369],[45.09463,-12.85354],[45.09389,-12.85353],[45.09347,-12.85342],[45.09322,-12.85329],[45.09314,-12.85317],[45.09294,-12.8531],[45.09277,-12.85252],[45.09262,-12.85229],[45.09253,-12.85159],[45.09279,-12.85143],[45.09321,-12.85143],[45.09339,-12.85129],[45.09383,-12.8507],[45.09394,-12.85047],[45.09443,-12.8509],[45.09482,-12.851],[45.09496,-12.85118],[45.09526,-12.85129],[45.09555,-12.85123],[45.09569,-12.8511],[45.096,-12.8513],[45.09618,-12.85137],[45.09634,-12.8513],[45.09736,-12.85063],[45.09811,-12.85003],[45.09851,-12.84956],[45.09873,-12.84951],[45.09907,-12.8491],[45.09963,-12.84847],[45.10002,-12.84797],[45.10024,-12.84782],[45.10047,-12.84744],[45.1008,-12.847],[45.10118,-12.84641],[45.10144,-12.8461],[45.10175,-12.84547],[45.10184,-12.84537],[45.1018,-12.84513],[45.10188,-12.8446],[45.10184,-12.84438],[45.10169,-12.84431],[45.10197,-12.84407],[45.10216,-12.84399],[45.10253,-12.84352],[45.10268,-12.84353],[45.10298,-12.84368],[45.10326,-12.84369],[45.10426,-12.84417],[45.10504,-12.84449],[45.10571,-12.84461],[45.10612,-12.84477],[45.10634,-12.84473],[45.10698,-12.84431],[45.10735,-12.84398],[45.1078,-12.84388],[45.10825,-12.84367],[45.10848,-12.84368],[45.10895,-12.84392],[45.10914,-12.84395],[45.10938,-12.84408],[45.10958,-12.84406],[45.1102,-12.84426],[45.11077,-12.84419],[45.11122,-12.84432],[45.11145,-12.84427],[45.11178,-12.84408],[45.11218,-12.84407],[45.11264,-12.84414],[45.113,-12.84424],[45.11347,-12.84405],[45.11371,-12.84401],[45.11467,-12.84403],[45.11527,-12.84394],[45.11519,-12.8443],[45.11536,-12.84435],[45.1154,-12.84413],[45.11572,-12.84399],[45.11601,-12.84375],[45.11635,-12.8437],[45.11659,-12.84324],[45.11667,-12.84291],[45.11664,-12.8427],[45.11671,-12.84248],[45.11694,-12.84211],[45.11726,-12.84176],[45.11746,-12.84165],[45.11783,-12.84155],[45.11817,-12.84121],[45.11843,-12.84106],[45.11898,-12.84097],[45.11912,-12.84085],[45.11922,-12.84066],[45.11923,-12.84043],[45.11948,-12.84001],[45.11969,-12.83995],[45.11968,-12.84014],[45.11989,-12.84018],[45.11998,-12.83997],[45.12014,-12.83989],[45.12039,-12.83993],[45.12054,-12.84005],[45.12061,-12.83981],[45.12073,-12.83967],[45.12126,-12.83966],[45.12086,-12.83951],[45.12042,-12.83955],[45.12021,-12.83952],[45.11995,-12.83937],[45.11959,-12.83933],[45.11923,-12.83947],[45.1191,-12.83944],[45.11908,-12.83929],[45.11873,-12.83924],[45.11842,-12.83914],[45.11803,-12.83917],[45.11795,-12.83913],[45.11754,-12.83915],[45.11746,-12.83909],[45.11696,-12.83904],[45.11649,-12.83895],[45.11575,-12.83874],[45.11555,-12.83861],[45.1152,-12.83822],[45.11488,-12.83808],[45.11434,-12.83808],[45.11394,-12.83799],[45.11312,-12.83734],[45.11273,-12.83721],[45.11256,-12.83702],[45.11251,-12.83675],[45.1121,-12.83659],[45.11186,-12.83664],[45.11154,-12.83663],[45.1112,-12.8367],[45.11061,-12.83662],[45.11026,-12.8367],[45.10982,-12.83659],[45.10925,-12.83657],[45.10884,-12.83646],[45.10827,-12.83615],[45.108,-12.83611],[45.10723,-12.83636],[45.10698,-12.83638],[45.10692,-12.83632],[45.1063,-12.83617],[45.10611,-12.8361],[45.10539,-12.83565],[45.10514,-12.83553],[45.10475,-12.83556],[45.10407,-12.8354],[45.10368,-12.83544],[45.10353,-12.83551],[45.10294,-12.83556],[45.10265,-12.8354],[45.1025,-12.83525],[45.10219,-12.83504],[45.10162,-12.83479],[45.10141,-12.83475],[45.10124,-12.83456],[45.10096,-12.83416],[45.10078,-12.83374],[45.10084,-12.83332],[45.10106,-12.83267],[45.10125,-12.8318],[45.10127,-12.83148],[45.10142,-12.83112],[45.10143,-12.83051],[45.10154,-12.83025],[45.10173,-12.83001],[45.10212,-12.82979],[45.10225,-12.82963],[45.10235,-12.82935],[45.10247,-12.82877],[45.10245,-12.82831],[45.10249,-12.82805],[45.10264,-12.82773],[45.10262,-12.82722],[45.10273,-12.82681],[45.10273,-12.82661],[45.10285,-12.82596],[45.10293,-12.82576],[45.10319,-12.82532],[45.10339,-12.82512],[45.10383,-12.82489],[45.10401,-12.82452],[45.10394,-12.82441],[45.10392,-12.82387],[45.10396,-12.82377],[45.10395,-12.82339],[45.10396,-12.82274],[45.10386,-12.8222],[45.10368,-12.82183],[45.10325,-12.82145],[45.10344,-12.82108],[45.10326,-12.82094],[45.10324,-12.82071],[45.10337,-12.82051],[45.1039,-12.82051],[45.10412,-12.82048],[45.10502,-12.81999],[45.10531,-12.8198],[45.10553,-12.81984],[45.10577,-12.8197],[45.10631,-12.81967],[45.10643,-12.81956],[45.10603,-12.81947],[45.10623,-12.81893],[45.10627,-12.81867],[45.10628,-12.81794],[45.10625,-12.81704],[45.1061,-12.81618],[45.10592,-12.81539],[45.10588,-12.81498],[45.10581,-12.81474],[45.10565,-12.81369],[45.10587,-12.81378],[45.10604,-12.81377],[45.10591,-12.81352],[45.10573,-12.81344],[45.1053,-12.81365],[45.10511,-12.81365],[45.10506,-12.81337],[45.1049,-12.8129],[45.10475,-12.81273],[45.1047,-12.81255],[45.10427,-12.81186],[45.104,-12.8116],[45.10384,-12.81128],[45.10319,-12.81066],[45.10301,-12.81055],[45.10266,-12.81056],[45.10248,-12.81064],[45.10235,-12.81077],[45.10202,-12.81075],[45.1019,-12.81069],[45.10154,-12.8109],[45.10143,-12.81076],[45.10161,-12.81063],[45.10146,-12.81001],[45.10136,-12.80924],[45.10107,-12.8089],[45.10076,-12.80867],[45.10078,-12.80838],[45.10073,-12.80822],[45.10047,-12.80792],[45.10024,-12.80786],[45.10015,-12.80771],[45.09994,-12.80755],[45.09963,-12.80742],[45.09959,-12.80708],[45.09974,-12.80699],[45.09997,-12.80706],[45.10016,-12.80679],[45.10026,-12.80645],[45.10037,-12.80578],[45.10022,-12.80529],[45.10021,-12.80498],[45.10001,-12.80456],[45.09964,-12.80441],[45.09956,-12.80431],[45.09956,-12.80395],[45.09951,-12.80372],[45.09936,-12.80371],[45.09926,-12.80354],[45.09925,-12.80338],[45.09946,-12.80299],[45.09953,-12.80266],[45.09963,-12.80266],[45.09977,-12.8024],[45.09984,-12.80194]]],[[[45.27135,-12.79331],[45.27126,-12.79317],[45.27095,-12.79294],[45.27061,-12.79275],[45.27033,-12.79264],[45.27021,-12.79249],[45.26976,-12.79229],[45.26938,-12.79217],[45.26863,-12.79165],[45.26833,-12.79139],[45.26804,-12.791],[45.26788,-12.79065],[45.26754,-12.79048],[45.26726,-12.79049],[45.26763,-12.79019],[45.2678,-12.78996],[45.26767,-12.78983],[45.2667,-12.78938],[45.26566,-12.78886],[45.26554,-12.78892],[45.26537,-12.78886],[45.26505,-12.78863],[45.26471,-12.78845],[45.2645,-12.78822],[45.26398,-12.78794],[45.26373,-12.78767],[45.2636,-12.78732],[45.26293,-12.78694],[45.26266,-12.78704],[45.2622,-12.78742],[45.26196,-12.78757],[45.26181,-12.78758],[45.26153,-12.78789],[45.26121,-12.78787],[45.2611,-12.78796],[45.26074,-12.78801],[45.26022,-12.78779],[45.26021,-12.78761],[45.2603,-12.78735],[45.26026,-12.78727],[45.26037,-12.78663],[45.26031,-12.78641],[45.26068,-12.78636],[45.26062,-12.78598],[45.26047,-12.78563],[45.25927,-12.78477],[45.25828,-12.78401],[45.25799,-12.78398],[45.25748,-12.78385],[45.25725,-12.78391],[45.25704,-12.78388],[45.25664,-12.78403],[45.25645,-12.78399],[45.25629,-12.7838],[45.25612,-12.7838],[45.25565,-12.7837],[45.25559,-12.78377],[45.25499,-12.78338],[45.25491,-12.78321],[45.25459,-12.78317],[45.25444,-12.783],[45.25426,-12.78333],[45.25418,-12.7833],[45.2543,-12.78304],[45.25422,-12.78293],[45.25389,-12.78303],[45.25385,-12.78291],[45.25425,-12.78278],[45.25436,-12.7819],[45.25469,-12.78193],[45.25475,-12.78181],[45.25443,-12.7814],[45.25451,-12.78111],[45.25496,-12.78075],[45.25498,-12.78063],[45.25577,-12.78036],[45.25607,-12.78034],[45.25652,-12.78039],[45.25665,-12.7806],[45.25686,-12.78081],[45.25704,-12.78084],[45.25732,-12.78138],[45.25753,-12.78152],[45.25762,-12.78171],[45.2579,-12.78199],[45.25808,-12.78206],[45.25824,-12.78261],[45.25845,-12.78367],[45.25857,-12.78406],[45.25947,-12.7847],[45.2595,-12.78439],[45.25985,-12.78432],[45.25995,-12.78458],[45.26024,-12.78484],[45.26079,-12.78513],[45.26083,-12.78504],[45.26113,-12.78521],[45.26086,-12.78563],[45.26127,-12.78587],[45.26181,-12.7861],[45.26243,-12.78644],[45.26277,-12.78667],[45.26339,-12.78702],[45.26384,-12.78735],[45.26403,-12.78744],[45.26438,-12.78728],[45.26466,-12.78731],[45.2651,-12.78764],[45.26522,-12.78801],[45.26522,-12.7882],[45.26549,-12.78847],[45.26601,-12.78887],[45.26723,-12.78946],[45.26743,-12.7895],[45.26771,-12.78939],[45.26789,-12.78937],[45.26808,-12.78945],[45.26815,-12.78928],[45.26815,-12.78822],[45.26808,-12.78727],[45.26809,-12.78698],[45.26829,-12.78667],[45.26864,-12.78651],[45.26879,-12.78638],[45.26947,-12.78624],[45.26994,-12.78621],[45.27027,-12.786],[45.27084,-12.78602],[45.27124,-12.78598],[45.27141,-12.78589],[45.2718,-12.78587],[45.27173,-12.78574],[45.27064,-12.7854],[45.27058,-12.78532],[45.27063,-12.78494],[45.27074,-12.78458],[45.27105,-12.78458],[45.27159,-12.78464],[45.27168,-12.78442],[45.27145,-12.78418],[45.27131,-12.78344],[45.27111,-12.78321],[45.27133,-12.78295],[45.27155,-12.78299],[45.2716,-12.78274],[45.27176,-12.7825],[45.27194,-12.78256],[45.27209,-12.78244],[45.27211,-12.7822],[45.27224,-12.78217],[45.27233,-12.78198],[45.27251,-12.78192],[45.27271,-12.78157],[45.27292,-12.78106],[45.27323,-12.78046],[45.27324,-12.78033],[45.27347,-12.7799],[45.27377,-12.77954],[45.27396,-12.77923],[45.27406,-12.77885],[45.27417,-12.77875],[45.27418,-12.77858],[45.27439,-12.77828],[45.27441,-12.77806],[45.2745,-12.77793],[45.27445,-12.7774],[45.27455,-12.77729],[45.27437,-12.77699],[45.27431,-12.77681],[45.27443,-12.77645],[45.27469,-12.77603],[45.27478,-12.77578],[45.27483,-12.77545],[45.27507,-12.77522],[45.27527,-12.77526],[45.27548,-12.77518],[45.27556,-12.77494],[45.27548,-12.77471],[45.27572,-12.77441],[45.27597,-12.77428],[45.27635,-12.77425],[45.27662,-12.77411],[45.27689,-12.77376],[45.27701,-12.77348],[45.27701,-12.77317],[45.27696,-12.77301],[45.27664,-12.77266],[45.27659,-12.77272],[45.27536,-12.77135],[45.27546,-12.77119],[45.27582,-12.77086],[45.27589,-12.77073],[45.27631,-12.77028],[45.277,-12.76962],[45.27743,-12.76928],[45.27784,-12.76875],[45.27807,-12.76852],[45.27832,-12.76813],[45.27869,-12.76767],[45.27878,-12.76745],[45.27907,-12.76705],[45.27946,-12.76658],[45.27998,-12.76613],[45.2803,-12.76583],[45.28061,-12.76535],[45.28102,-12.76489],[45.28156,-12.76393],[45.28186,-12.76347],[45.2825,-12.76241],[45.2826,-12.76216],[45.28285,-12.76178],[45.28308,-12.7616],[45.2834,-12.76122],[45.28356,-12.76086],[45.2838,-12.76066],[45.28403,-12.76024],[45.28419,-12.75958],[45.28419,-12.75931],[45.28407,-12.75908],[45.28433,-12.75885],[45.28464,-12.75883],[45.28525,-12.7593],[45.286,-12.75982],[45.286,-12.75996],[45.28615,-12.76031],[45.28646,-12.76086],[45.28647,-12.76101],[45.28662,-12.76161],[45.28684,-12.76217],[45.28713,-12.76266],[45.28731,-12.76304],[45.28762,-12.76339],[45.28831,-12.76381],[45.28879,-12.76424],[45.28918,-12.76446],[45.28923,-12.76508],[45.28947,-12.76554],[45.28967,-12.76566],[45.29001,-12.76574],[45.29023,-12.76575],[45.29034,-12.76599],[45.29061,-12.76628],[45.29098,-12.76647],[45.29109,-12.76665],[45.29168,-12.76713],[45.29203,-12.76733],[45.29203,-12.76743],[45.29226,-12.7675],[45.29248,-12.76772],[45.29287,-12.768],[45.29294,-12.76835],[45.29309,-12.76859],[45.29315,-12.76885],[45.2934,-12.76908],[45.29349,-12.76937],[45.29345,-12.76945],[45.29347,-12.76993],[45.2936,-12.77046],[45.29359,-12.77067],[45.29369,-12.77084],[45.29371,-12.77116],[45.29385,-12.77126],[45.29381,-12.77158],[45.29384,-12.77198],[45.29383,-12.77237],[45.29375,-12.77295],[45.29385,-12.77315],[45.29376,-12.77329],[45.29376,-12.7737],[45.29381,-12.77389],[45.29382,-12.77497],[45.29385,-12.77537],[45.29394,-12.77574],[45.29418,-12.77571],[45.29477,-12.77627],[45.29493,-12.77628],[45.29527,-12.77653],[45.29538,-12.77668],[45.29568,-12.7768],[45.2958,-12.7767],[45.29599,-12.77674],[45.29622,-12.7769],[45.29649,-12.77701],[45.29665,-12.77695],[45.29683,-12.77704],[45.29706,-12.77781],[45.29717,-12.77807],[45.29737,-12.77826],[45.29735,-12.77844],[45.29751,-12.77855],[45.29768,-12.77877],[45.29772,-12.77895],[45.29788,-12.77905],[45.29795,-12.77923],[45.29791,-12.77951],[45.29783,-12.77955],[45.29791,-12.78041],[45.29788,-12.78062],[45.29743,-12.78035],[45.2969,-12.78014],[45.29643,-12.78004],[45.29608,-12.78007],[45.29573,-12.78032],[45.29556,-12.78068],[45.29551,-12.78096],[45.29554,-12.78165],[45.29577,-12.78233],[45.29599,-12.78257],[45.29636,-12.78287],[45.29669,-12.78305],[45.29706,-12.78315],[45.29751,-12.78315],[45.29775,-12.78305],[45.29799,-12.78283],[45.29848,-12.78254],[45.29864,-12.78216],[45.29849,-12.78178],[45.29874,-12.78173],[45.29901,-12.78181],[45.29914,-12.78191],[45.29942,-12.78234],[45.29944,-12.78252],[45.29972,-12.78291],[45.29972,-12.78328],[45.2998,-12.78367],[45.29988,-12.78381],[45.29999,-12.78423],[45.29999,-12.78449],[45.29989,-12.78503],[45.29955,-12.78535],[45.29916,-12.7852],[45.29899,-12.78504],[45.29885,-12.78455],[45.29861,-12.78411],[45.29848,-12.784],[45.2983,-12.78357],[45.29804,-12.78342],[45.29765,-12.7834],[45.29734,-12.78346],[45.29704,-12.7836],[45.29641,-12.7841],[45.29597,-12.78456],[45.29586,-12.78481],[45.29554,-12.78538],[45.29546,-12.78565],[45.29548,-12.78593],[45.29571,-12.78607],[45.29592,-12.78633],[45.29624,-12.78638],[45.29619,-12.78652],[45.29595,-12.78653],[45.29542,-12.78645],[45.29478,-12.78709],[45.29443,-12.7873],[45.29418,-12.78765],[45.29428,-12.78785],[45.29431,-12.78806],[45.29413,-12.78827],[45.2942,-12.78871],[45.29446,-12.78935],[45.29468,-12.78952],[45.29461,-12.78966],[45.29463,-12.78986],[45.29477,-12.79],[45.29482,-12.79017],[45.29523,-12.79029],[45.29567,-12.79038],[45.29604,-12.79083],[45.29602,-12.79107],[45.29576,-12.79155],[45.29535,-12.79183],[45.29481,-12.79199],[45.29474,-12.79223],[45.29473,-12.79255],[45.29479,-12.79293],[45.29499,-12.79325],[45.29528,-12.79356],[45.29551,-12.79365],[45.29588,-12.79361],[45.29652,-12.79377],[45.29675,-12.7936],[45.29701,-12.79375],[45.29708,-12.79399],[45.2971,-12.79448],[45.29705,-12.79463],[45.29682,-12.79481],[45.29678,-12.79526],[45.29655,-12.79571],[45.29618,-12.79617],[45.29574,-12.79663],[45.2953,-12.79684],[45.29463,-12.79726],[45.29461,-12.7977],[45.29422,-12.79818],[45.29391,-12.79837],[45.2936,-12.79873],[45.2933,-12.79892],[45.29309,-12.79897],[45.29292,-12.79913],[45.29284,-12.79933],[45.29261,-12.79927],[45.29233,-12.79953],[45.29168,-12.7995],[45.29157,-12.79929],[45.29133,-12.79928],[45.29091,-12.79936],[45.29067,-12.79935],[45.29047,-12.79941],[45.2898,-12.79935],[45.28945,-12.79926],[45.28891,-12.79928],[45.28852,-12.79923],[45.28809,-12.79928],[45.28796,-12.79918],[45.28758,-12.79925],[45.28717,-12.79952],[45.28697,-12.79972],[45.2868,-12.79996],[45.28671,-12.80024],[45.28637,-12.80094],[45.28606,-12.80131],[45.28589,-12.80144],[45.28568,-12.80185],[45.28542,-12.80216],[45.2852,-12.80262],[45.28502,-12.80283],[45.28487,-12.80316],[45.28465,-12.80376],[45.28453,-12.80429],[45.28447,-12.80491],[45.28449,-12.80535],[45.28445,-12.80575],[45.2844,-12.80677],[45.28428,-12.80783],[45.28428,-12.80857],[45.28422,-12.80938],[45.28429,-12.81008],[45.28431,-12.8109],[45.28438,-12.81124],[45.28452,-12.81155],[45.28511,-12.81253],[45.28627,-12.81447],[45.28664,-12.81514],[45.28772,-12.81688],[45.2878,-12.81705],[45.28765,-12.81726],[45.28649,-12.81795],[45.28629,-12.81799],[45.28609,-12.81779],[45.28611,-12.81756],[45.28559,-12.81668],[45.28551,-12.81668],[45.28539,-12.81633],[45.28444,-12.81475],[45.28424,-12.81436],[45.28382,-12.81369],[45.28341,-12.81365],[45.28304,-12.81356],[45.28272,-12.81335],[45.28199,-12.81325],[45.28119,-12.81339],[45.28101,-12.81329],[45.28081,-12.81306],[45.28017,-12.81269],[45.27995,-12.81246],[45.27969,-12.81209],[45.27944,-12.81166],[45.27931,-12.81151],[45.27918,-12.8111],[45.27917,-12.81064],[45.27902,-12.8099],[45.27898,-12.80959],[45.27904,-12.80895],[45.2792,-12.80846],[45.27919,-12.80825],[45.27906,-12.8077],[45.27907,-12.80704],[45.27895,-12.80676],[45.27868,-12.80625],[45.27857,-12.80582],[45.27865,-12.80553],[45.27869,-12.80494],[45.27805,-12.80391],[45.27721,-12.80245],[45.27682,-12.80184],[45.27663,-12.80149],[45.27665,-12.80141],[45.27618,-12.80104],[45.27534,-12.80045],[45.27374,-12.79945],[45.27361,-12.79934],[45.27346,-12.79908],[45.2734,-12.7987],[45.27311,-12.79811],[45.27307,-12.79783],[45.27279,-12.7968],[45.27277,-12.79652],[45.27268,-12.79624],[45.27251,-12.79602],[45.27249,-12.79574],[45.27228,-12.79553],[45.27215,-12.79517],[45.27209,-12.7948],[45.27213,-12.79441],[45.27206,-12.79414],[45.2718,-12.79384],[45.27145,-12.79351],[45.27135,-12.79331]]],[[[45.23781,-12.80976],[45.23784,-12.81009],[45.23791,-12.8102],[45.23825,-12.81031],[45.23854,-12.81028],[45.23868,-12.81015],[45.23863,-12.8099],[45.2389,-12.80988],[45.239,-12.80993],[45.23925,-12.81034],[45.23935,-12.81042],[45.23992,-12.81065],[45.23994,-12.81108],[45.23986,-12.81121],[45.23988,-12.81136],[45.24012,-12.81163],[45.24027,-12.81203],[45.23989,-12.81246],[45.2398,-12.81264],[45.23986,-12.81292],[45.23976,-12.81333],[45.23969,-12.81343],[45.23951,-12.81346],[45.23939,-12.81365],[45.23943,-12.81394],[45.23939,-12.81416],[45.23921,-12.81434],[45.23887,-12.81423],[45.23864,-12.81402],[45.23843,-12.81399],[45.23815,-12.81414],[45.23788,-12.81449],[45.23802,-12.81484],[45.23791,-12.8149],[45.2378,-12.81474],[45.23751,-12.81483],[45.23727,-12.81519],[45.23704,-12.81531],[45.23705,-12.81541],[45.23668,-12.81561],[45.23659,-12.81572],[45.2365,-12.81632],[45.23621,-12.81623],[45.23611,-12.81601],[45.23593,-12.81579],[45.23553,-12.8157],[45.23536,-12.81582],[45.23519,-12.81578],[45.23471,-12.81607],[45.23453,-12.81622],[45.23429,-12.81653],[45.23422,-12.81668],[45.23408,-12.81676],[45.23373,-12.81681],[45.23358,-12.8167],[45.23311,-12.81676],[45.23293,-12.81684],[45.23282,-12.81675],[45.23293,-12.81653],[45.23301,-12.81614],[45.23297,-12.81579],[45.23268,-12.81523],[45.23266,-12.8148],[45.2326,-12.81469],[45.23264,-12.81446],[45.2325,-12.8142],[45.23228,-12.814],[45.23177,-12.81379],[45.23148,-12.81379],[45.23114,-12.81392],[45.23106,-12.814],[45.23078,-12.81393],[45.23064,-12.81359],[45.23066,-12.81329],[45.23092,-12.81313],[45.23125,-12.81254],[45.23125,-12.81241],[45.23154,-12.81203],[45.23179,-12.81183],[45.23205,-12.81148],[45.2321,-12.81133],[45.23208,-12.81057],[45.23201,-12.8104],[45.23175,-12.81001],[45.23165,-12.80994],[45.23181,-12.80971],[45.23176,-12.80945],[45.23178,-12.80919],[45.23165,-12.80904],[45.23164,-12.80881],[45.23143,-12.80857],[45.23113,-12.80847],[45.23105,-12.80819],[45.23107,-12.80808],[45.23097,-12.80771],[45.23102,-12.80753],[45.23115,-12.80743],[45.23124,-12.8071],[45.23138,-12.80698],[45.23168,-12.807],[45.23189,-12.80675],[45.23219,-12.80627],[45.2324,-12.80602],[45.23286,-12.80573],[45.23317,-12.8056],[45.23329,-12.80561],[45.23333,-12.80538],[45.2336,-12.80505],[45.23387,-12.80491],[45.23416,-12.80489],[45.23457,-12.80492],[45.23464,-12.80482],[45.23504,-12.80465],[45.23534,-12.80467],[45.23555,-12.80459],[45.23563,-12.80487],[45.23584,-12.80503],[45.23606,-12.80496],[45.23624,-12.80507],[45.2363,-12.80547],[45.2364,-12.80642],[45.23649,-12.80669],[45.23651,-12.80704],[45.23679,-12.80754],[45.23701,-12.80771],[45.23728,-12.80776],[45.23749,-12.80794],[45.23761,-12.80813],[45.23745,-12.80826],[45.23717,-12.80839],[45.23706,-12.8087],[45.23679,-12.80903],[45.23663,-12.80946],[45.23665,-12.80976],[45.23701,-12.80974],[45.23736,-12.80964],[45.23746,-12.80952],[45.23775,-12.80949],[45.23781,-12.80976]]],[[[45.26908,-12.78042],[45.26892,-12.78057],[45.26866,-12.7807],[45.26848,-12.78094],[45.26812,-12.7811],[45.26802,-12.78125],[45.26789,-12.78123],[45.26771,-12.78141],[45.26751,-12.78144],[45.2671,-12.7816],[45.26661,-12.78162],[45.26624,-12.78139],[45.26601,-12.78098],[45.26588,-12.7809],[45.26567,-12.78091],[45.26562,-12.78058],[45.26579,-12.78023],[45.26608,-12.77974],[45.26627,-12.7795],[45.26664,-12.77928],[45.26706,-12.77908],[45.26738,-12.77905],[45.26764,-12.7792],[45.26793,-12.77926],[45.26821,-12.77926],[45.26846,-12.77952],[45.26882,-12.77982],[45.26908,-12.77987],[45.26935,-12.78027],[45.26919,-12.78043],[45.26908,-12.78042]]],[[[45.20722,-12.80973],[45.20701,-12.81007],[45.206,-12.81088],[45.20586,-12.81108],[45.20559,-12.81189],[45.20547,-12.81204],[45.20541,-12.81171],[45.20514,-12.81159],[45.20493,-12.81134],[45.20479,-12.81103],[45.20448,-12.81052],[45.20461,-12.81012],[45.20447,-12.80977],[45.2048,-12.80992],[45.20497,-12.81013],[45.20514,-12.8102],[45.20543,-12.81017],[45.2053,-12.80978],[45.20517,-12.80964],[45.2049,-12.8096],[45.20502,-12.80942],[45.20527,-12.80938],[45.20583,-12.80938],[45.20605,-12.80929],[45.20651,-12.8089],[45.20682,-12.80884],[45.2074,-12.80891],[45.20763,-12.80886],[45.20818,-12.80861],[45.20858,-12.80831],[45.20921,-12.80773],[45.20934,-12.8075],[45.20941,-12.8072],[45.20942,-12.80695],[45.20977,-12.80686],[45.21006,-12.80702],[45.20985,-12.80751],[45.20965,-12.80775],[45.20912,-12.80809],[45.20767,-12.80929],[45.20744,-12.80946],[45.20722,-12.80973]]],[[[45.27071,-12.77751],[45.27083,-12.77776],[45.2708,-12.77804],[45.27041,-12.7783],[45.27011,-12.77835],[45.26982,-12.77829],[45.26958,-12.7783],[45.26936,-12.77823],[45.26941,-12.77805],[45.26958,-12.7779],[45.26981,-12.77746],[45.26994,-12.77711],[45.27009,-12.77698],[45.27027,-12.77698],[45.2705,-12.77709],[45.27071,-12.77751]]]]}}]}